id_linha,nanoparticula,revestimento,diametro_nm,concentracao_uM,potencial_zeta_mV,linhagem_celular,celula_humana_animal,especie_celula,morfologia_celular,orgao_tecido,tempo_exposicao_h,ensaio,indicador_ensaio,metrica_bioquimica,interferencia_checada,estab_coloidal_checada,controle_positivo,chi,soma_chi,n_oxigenio_por_soma_chi,n_metal,massa_molar,n_oxigenio,estado_oxidacao,HoF,CA,CV,IP,HOMO,LUMO,NFL,massa_molecular_calc,grupo_pontual,TX,dureza_molecular,eletrofilicidade,Eg,Pol,S,viabilidade_pct,classe_original,toxico
1,Ag,PEI,8.5,4.92e-05,-33.33,HepG2,H,Human,Epithelial,liver,24,NR,toluylene red,lysosomal uptake,N,N,N,1.93,1.93,0.0,1,107.868,0,0.0,321.3899,341.67,524.12,3.102443,-4.697,1.655,104,2049.492,1,1.521,3.176,0.364206707,6.352,203.90417,0.314861461,129.86584,2,0
2,Ag,PEI,8.5,9.85e-05,-33.33,HepG2,H,Human,Epithelial,liver,24,NR,toluylene red,lysosomal uptake,N,N,N,1.93,1.93,0.0,1,107.868,0,0.0,321.3899,341.67,524.12,3.102443,-4.697,1.655,104,2049.492,1,1.521,3.176,0.364206707,6.352,203.90417,0.314861461,137.892,2,0
3,Ag,PEI,8.5,0.000246144,-33.33,HepG2,H,Human,Epithelial,liver,24,NR,toluylene red,lysosomal uptake,N,N,N,1.93,1.93,0.0,1,107.868,0,0.0,321.3899,341.67,524.12,3.102443,-4.697,1.655,104,2049.492,1,1.521,3.176,0.364206707,6.352,203.90417,0.314861461,159.00958,2,0
4,Ag,PEI,8.5,0.000492287,-33.33,HepG2,H,Human,Epithelial,liver,24,NR,toluylene red,lysosomal uptake,N,N,N,1.93,1.93,0.0,1,107.868,0,0.0,321.3899,341.67,524.12,3.102443,-4.697,1.655,104,2049.492,1,1.521,3.176,0.364206707,6.352,203.90417,0.314861461,103.34318,2,0
5,Ag,PEI,8.5,0.000738431,-33.33,HepG2,H,Human,Epithelial,liver,24,NR,toluylene red,lysosomal uptake,N,N,N,1.93,1.93,0.0,1,107.868,0,0.0,321.3899,341.67,524.12,3.102443,-4.697,1.655,104,2049.492,1,1.521,3.176,0.364206707,6.352,203.90417,0.314861461,97.01994,2,0
6,Ag,PEI,8.5,0.000984574,-33.33,HepG2,H,Human,Epithelial,liver,24,NR,toluylene red,lysosomal uptake,N,N,N,1.93,1.93,0.0,1,107.868,0,0.0,321.3899,341.67,524.12,3.102443,-4.697,1.655,104,2049.492,1,1.521,3.176,0.364206707,6.352,203.90417,0.314861461,58.976433,2,0
7,Ag,PEI,8.5,0.001230718,-33.33,HepG2,H,Human,Epithelial,liver,24,NR,toluylene red,lysosomal uptake,N,N,N,1.93,1.93,0.0,1,107.868,0,0.0,321.3899,341.67,524.12,3.102443,-4.697,1.655,104,2049.492,1,1.521,3.176,0.364206707,6.352,203.90417,0.314861461,50.387463,2,0
8,Ag,PEI,8.5,0.001476862,-33.33,HepG2,H,Human,Epithelial,liver,24,NR,toluylene red,lysosomal uptake,N,N,N,1.93,1.93,0.0,1,107.868,0,0.0,321.3899,341.67,524.12,3.102443,-4.697,1.655,104,2049.492,1,1.521,3.176,0.364206707,6.352,203.90417,0.314861461,42.805492,1,1
9,Ag,,7.5,0.000358312,-16.8,HepG2,H,Human,Epithelial,liver,28,MTT,Tetrazolium Salt,cell metabolic activity,N,N,N,1.93,1.93,0.0,1,107.868,0,0.0,321.3899,341.67,524.12,3.102443,-4.697,1.655,104,2049.492,1,1.521,3.176,0.364206707,6.352,203.90417,0.314861461,92.70501,2,0
10,Ag,,7.5,0.000716624,-16.8,HepG2,H,Human,Epithelial,liver,28,MTT,Tetrazolium Salt,cell metabolic activity,N,N,N,1.93,1.93,0.0,1,107.868,0,0.0,321.3899,341.67,524.12,3.102443,-4.697,1.655,104,2049.492,1,1.521,3.176,0.364206707,6.352,203.90417,0.314861461,86.40675,2,0
11,Ag,,7.5,0.002149873,-16.8,HepG2,H,Human,Epithelial,liver,28,MTT,Tetrazolium Salt,cell metabolic activity,N,N,N,1.93,1.93,0.0,1,107.868,0,0.0,321.3899,341.67,524.12,3.102443,-4.697,1.655,104,2049.492,1,1.521,3.176,0.364206707,6.352,203.90417,0.314861461,37.004925,1,1
12,Ag,,7.5,0.003583122,-16.8,HepG2,H,Human,Epithelial,liver,28,MTT,Tetrazolium Salt,cell metabolic activity,N,N,N,1.93,1.93,0.0,1,107.868,0,0.0,321.3899,341.67,524.12,3.102443,-4.697,1.655,104,2049.492,1,1.521,3.176,0.364206707,6.352,203.90417,0.314861461,8.664321,1,1
13,Ag,,7.5,0.00501637,-16.8,HepG2,H,Human,Epithelial,liver,28,MTT,Tetrazolium Salt,cell metabolic activity,N,N,N,1.93,1.93,0.0,1,107.868,0,0.0,321.3899,341.67,524.12,3.102443,-4.697,1.655,104,2049.492,1,1.521,3.176,0.364206707,6.352,203.90417,0.314861461,6.769624,1,1
14,Ag,,7.5,0.007166243,-16.8,HepG2,H,Human,Epithelial,liver,28,MTT,Tetrazolium Salt,cell metabolic activity,N,N,N,1.93,1.93,0.0,1,107.868,0,0.0,321.3899,341.67,524.12,3.102443,-4.697,1.655,104,2049.492,1,1.521,3.176,0.364206707,6.352,203.90417,0.314861461,5.370866,1,1
15,Ag,,7.5,7.17e-05,-33.33,HepG2,H,Human,Epithelial,liver,28,Alamar Blue,Alamar Blue,cell metabolic activity,N,N,N,1.93,1.93,0.0,1,107.868,0,0.0,321.3899,341.67,524.12,3.102443,-4.697,1.655,104,2049.492,1,1.521,3.176,0.364206707,6.352,203.90417,0.314861461,105.57671,2,0
16,Ag,,7.5,0.000214987,-33.33,HepG2,H,Human,Epithelial,liver,28,Alamar Blue,Alamar Blue,cell metabolic activity,N,N,N,1.93,1.93,0.0,1,107.868,0,0.0,321.3899,341.67,524.12,3.102443,-4.697,1.655,104,2049.492,1,1.521,3.176,0.364206707,6.352,203.90417,0.314861461,97.50804,2,0
17,Ag,,7.5,0.000501637,-33.33,HepG2,H,Human,Epithelial,liver,28,Alamar Blue,Alamar Blue,cell metabolic activity,N,N,N,1.93,1.93,0.0,1,107.868,0,0.0,321.3899,341.67,524.12,3.102443,-4.697,1.655,104,2049.492,1,1.521,3.176,0.364206707,6.352,203.90417,0.314861461,83.15533,2,0
18,Ag,,7.5,0.000716624,-33.33,HepG2,H,Human,Epithelial,liver,28,Alamar Blue,Alamar Blue,cell metabolic activity,N,N,N,1.93,1.93,0.0,1,107.868,0,0.0,321.3899,341.67,524.12,3.102443,-4.697,1.655,104,2049.492,1,1.521,3.176,0.364206707,6.352,203.90417,0.314861461,49.943485,1,1
19,Ag,,7.5,0.001433249,-33.33,HepG2,H,Human,Epithelial,liver,28,Alamar Blue,Alamar Blue,cell metabolic activity,N,N,N,1.93,1.93,0.0,1,107.868,0,0.0,321.3899,341.67,524.12,3.102443,-4.697,1.655,104,2049.492,1,1.521,3.176,0.364206707,6.352,203.90417,0.314861461,37.873005,1,1
20,Ag,,7.5,0.002149873,-33.33,HepG2,H,Human,Epithelial,liver,28,Alamar Blue,Alamar Blue,cell metabolic activity,N,N,N,1.93,1.93,0.0,1,107.868,0,0.0,321.3899,341.67,524.12,3.102443,-4.697,1.655,104,2049.492,1,1.521,3.176,0.364206707,6.352,203.90417,0.314861461,15.518436,1,1
21,Ag,,7.5,0.003583122,-33.33,HepG2,H,Human,Epithelial,liver,28,Alamar Blue,Alamar Blue,cell metabolic activity,N,N,N,1.93,1.93,0.0,1,107.868,0,0.0,321.3899,341.67,524.12,3.102443,-4.697,1.655,104,2049.492,1,1.521,3.176,0.364206707,6.352,203.90417,0.314861461,9.164071,1,1
22,Ag,,7.5,7.17e-05,-33.33,HepG2,H,Human,Epithelial,liver,28,LDH,LDH activity assay kit,LDH leakage,N,N,N,1.93,1.93,0.0,1,107.868,0,0.0,321.3899,341.67,524.12,3.102443,-4.697,1.655,104,2049.492,1,1.521,3.176,0.364206707,6.352,203.90417,0.314861461,98.0487804,2,0
23,Ag,,7.5,0.000143325,-33.33,HepG2,H,Human,Epithelial,liver,28,LDH,LDH activity assay kit,LDH leakage,N,N,N,1.93,1.93,0.0,1,107.868,0,0.0,321.3899,341.67,524.12,3.102443,-4.697,1.655,104,2049.492,1,1.521,3.176,0.364206707,6.352,203.90417,0.314861461,96.5853658,2,0
24,Ag,,7.5,0.000214987,-33.33,HepG2,H,Human,Epithelial,liver,28,LDH,LDH activity assay kit,LDH leakage,N,N,N,1.93,1.93,0.0,1,107.868,0,0.0,321.3899,341.67,524.12,3.102443,-4.697,1.655,104,2049.492,1,1.521,3.176,0.364206707,6.352,203.90417,0.314861461,74.634146,2,0
25,Ag,,7.5,0.000501637,-33.33,HepG2,H,Human,Epithelial,liver,28,LDH,LDH activity assay kit,LDH leakage,N,N,N,1.93,1.93,0.0,1,107.868,0,0.0,321.3899,341.67,524.12,3.102443,-4.697,1.655,104,2049.492,1,1.521,3.176,0.364206707,6.352,203.90417,0.314861461,13.65854,1,1
26,Ag,,7.5,0.000716624,-33.33,HepG2,H,Human,Epithelial,liver,28,LDH,LDH activity assay kit,LDH leakage,N,N,N,1.93,1.93,0.0,1,107.868,0,0.0,321.3899,341.67,524.12,3.102443,-4.697,1.655,104,2049.492,1,1.521,3.176,0.364206707,6.352,203.90417,0.314861461,11.70731,1,1
27,Ag,,7.5,0.001433249,-33.33,HepG2,H,Human,Epithelial,liver,28,LDH,LDH activity assay kit,LDH leakage,N,N,N,1.93,1.93,0.0,1,107.868,0,0.0,321.3899,341.67,524.12,3.102443,-4.697,1.655,104,2049.492,1,1.521,3.176,0.364206707,6.352,203.90417,0.314861461,13.17073,1,1
28,Ag,,100.0,5.14e-05,-33.33,HeLa,H,Human,Epithelial,Cervix,24,ATP,Luciferase,ATP content,N,N,Y,1.93,1.93,0.0,1,107.868,0,0.0,321.3899,341.67,524.12,3.102443,-4.697,1.655,104,2049.492,1,1.521,3.176,0.364206707,6.352,203.90417,0.314861461,96.42857,2,0
29,Ag,,100.0,0.000102791,-33.33,HeLa,H,Human,Epithelial,Cervix,24,ATP,Luciferase,ATP content,N,N,Y,1.93,1.93,0.0,1,107.868,0,0.0,321.3899,341.67,524.12,3.102443,-4.697,1.655,104,2049.492,1,1.521,3.176,0.364206707,6.352,203.90417,0.314861461,90.0,2,0
30,Ag,,100.0,0.000202558,-33.33,HeLa,H,Human,Epithelial,Cervix,24,ATP,Luciferase,ATP content,N,N,Y,1.93,1.93,0.0,1,107.868,0,0.0,321.3899,341.67,524.12,3.102443,-4.697,1.655,104,2049.492,1,1.521,3.176,0.364206707,6.352,203.90417,0.314861461,27.142857,1,1
31,Ag,,100.0,0.00040814,-33.33,HeLa,H,Human,Epithelial,Cervix,24,ATP,Luciferase,ATP content,N,N,Y,1.93,1.93,0.0,1,107.868,0,0.0,321.3899,341.67,524.12,3.102443,-4.697,1.655,104,2049.492,1,1.521,3.176,0.364206707,6.352,203.90417,0.314861461,2.142857,1,1
32,Ag,,100.0,0.00081628,-33.33,HeLa,H,Human,Epithelial,Cervix,24,ATP,Luciferase,ATP content,N,N,Y,1.93,1.93,0.0,1,107.868,0,0.0,321.3899,341.67,524.12,3.102443,-4.697,1.655,104,2049.492,1,1.521,3.176,0.364206707,6.352,203.90417,0.314861461,0.0,1,1
33,Ag,,35.0,0.001198727,-33.33,HeLa,H,Human,Epithelial,Cervix,24,ATP,Luciferase,ATP content,N,N,Y,1.93,1.93,0.0,1,107.868,0,0.0,321.3899,341.67,524.12,3.102443,-4.697,1.655,104,2049.492,1,1.521,3.176,0.364206707,6.352,203.90417,0.314861461,106.42857,2,0
34,Ag,,35.0,0.002397453,-33.33,HeLa,H,Human,Epithelial,Cervix,24,ATP,Luciferase,ATP content,N,N,Y,1.93,1.93,0.0,1,107.868,0,0.0,321.3899,341.67,524.12,3.102443,-4.697,1.655,104,2049.492,1,1.521,3.176,0.364206707,6.352,203.90417,0.314861461,92.85714,2,0
35,Ag,,35.0,0.004724393,-33.33,HeLa,H,Human,Epithelial,Cervix,24,ATP,Luciferase,ATP content,N,N,Y,1.93,1.93,0.0,1,107.868,0,0.0,321.3899,341.67,524.12,3.102443,-4.697,1.655,104,2049.492,1,1.521,3.176,0.364206707,6.352,203.90417,0.314861461,90.71429,2,0
36,Ag,,35.0,0.009519299,-33.33,HeLa,H,Human,Epithelial,Cervix,24,ATP,Luciferase,ATP content,N,N,Y,1.93,1.93,0.0,1,107.868,0,0.0,321.3899,341.67,524.12,3.102443,-4.697,1.655,104,2049.492,1,1.521,3.176,0.364206707,6.352,203.90417,0.314861461,76.42857,2,0
37,Ag,,35.0,0.019038599,-33.33,HeLa,H,Human,Epithelial,Cervix,24,ATP,Luciferase,ATP content,N,N,Y,1.93,1.93,0.0,1,107.868,0,0.0,321.3899,341.67,524.12,3.102443,-4.697,1.655,104,2049.492,1,1.521,3.176,0.364206707,6.352,203.90417,0.314861461,51.42857,2,0
38,Ag,,10.0,0.051395402,-33.33,HeLa,H,Human,Epithelial,Cervix,24,ATP,Luciferase,ATP content,N,N,Y,1.93,1.93,0.0,1,107.868,0,0.0,321.3899,341.67,524.12,3.102443,-4.697,1.655,104,2049.492,1,1.521,3.176,0.364206707,6.352,203.90417,0.314861461,107.85714,2,0
39,Ag,,10.0,0.102790804,-33.33,HeLa,H,Human,Epithelial,Cervix,24,ATP,Luciferase,ATP content,N,N,Y,1.93,1.93,0.0,1,107.868,0,0.0,321.3899,341.67,524.12,3.102443,-4.697,1.655,104,2049.492,1,1.521,3.176,0.364206707,6.352,203.90417,0.314861461,95.0,2,0
40,Ag,,10.0,0.20255835,-33.33,HeLa,H,Human,Epithelial,Cervix,24,ATP,Luciferase,ATP content,N,N,Y,1.93,1.93,0.0,1,107.868,0,0.0,321.3899,341.67,524.12,3.102443,-4.697,1.655,104,2049.492,1,1.521,3.176,0.364206707,6.352,203.90417,0.314861461,92.14286,2,0
41,Ag,,10.0,0.408139958,-33.33,HeLa,H,Human,Epithelial,Cervix,24,ATP,Luciferase,ATP content,N,N,Y,1.93,1.93,0.0,1,107.868,0,0.0,321.3899,341.67,524.12,3.102443,-4.697,1.655,104,2049.492,1,1.521,3.176,0.364206707,6.352,203.90417,0.314861461,82.14286,2,0
42,Ag,,10.0,0.816279916,-33.33,HeLa,H,Human,Epithelial,Cervix,24,ATP,Luciferase,ATP content,N,N,Y,1.93,1.93,0.0,1,107.868,0,0.0,321.3899,341.67,524.12,3.102443,-4.697,1.655,104,2049.492,1,1.521,3.176,0.364206707,6.352,203.90417,0.314861461,53.57143,2,0
43,Ag,,28.41,0.000263689,-33.33,HeLa,H,Human,Epithelial,Cervix,24,Alamar Blue,Alamar Blue,cell metabolic activity,N,N,Y,1.93,1.93,0.0,1,107.868,0,0.0,321.3899,341.67,524.12,3.102443,-4.697,1.655,104,2049.492,1,1.521,3.176,0.364206707,6.352,203.90417,0.314861461,92.5,2,0
44,Ag,,28.41,0.000263689,-33.33,HeLa,H,Human,Epithelial,Cervix,48,Alamar Blue,Alamar Blue,cell metabolic activity,N,N,Y,1.93,1.93,0.0,1,107.868,0,0.0,321.3899,341.67,524.12,3.102443,-4.697,1.655,104,2049.492,1,1.521,3.176,0.364206707,6.352,203.90417,0.314861461,32.083332,1,1
45,Ag,,28.41,0.000263689,-33.33,HeLa,H,Human,Epithelial,Cervix,72,Alamar Blue,Alamar Blue,cell metabolic activity,N,N,Y,1.93,1.93,0.0,1,107.868,0,0.0,321.3899,341.67,524.12,3.102443,-4.697,1.655,104,2049.492,1,1.521,3.176,0.364206707,6.352,203.90417,0.314861461,15.833333,1,1
46,Ag,,28.41,0.000527378,-33.33,HeLa,H,Human,Epithelial,Cervix,24,Alamar Blue,Alamar Blue,cell metabolic activity,N,N,Y,1.93,1.93,0.0,1,107.868,0,0.0,321.3899,341.67,524.12,3.102443,-4.697,1.655,104,2049.492,1,1.521,3.176,0.364206707,6.352,203.90417,0.314861461,57.916668,2,0
47,Ag,,28.41,0.000527378,-33.33,HeLa,H,Human,Epithelial,Cervix,48,Alamar Blue,Alamar Blue,cell metabolic activity,N,N,Y,1.93,1.93,0.0,1,107.868,0,0.0,321.3899,341.67,524.12,3.102443,-4.697,1.655,104,2049.492,1,1.521,3.176,0.364206707,6.352,203.90417,0.314861461,10.833333,1,1
48,Ag,,28.41,0.000527378,-33.33,HeLa,H,Human,Epithelial,Cervix,72,Alamar Blue,Alamar Blue,cell metabolic activity,N,N,Y,1.93,1.93,0.0,1,107.868,0,0.0,321.3899,341.67,524.12,3.102443,-4.697,1.655,104,2049.492,1,1.521,3.176,0.364206707,6.352,203.90417,0.314861461,7.9166665,1,1
49,Ag,,28.41,0.000791066,-33.33,HeLa,H,Human,Epithelial,Cervix,24,Alamar Blue,Alamar Blue,cell metabolic activity,N,N,Y,1.93,1.93,0.0,1,107.868,0,0.0,321.3899,341.67,524.12,3.102443,-4.697,1.655,104,2049.492,1,1.521,3.176,0.364206707,6.352,203.90417,0.314861461,50.833332,2,0
50,Ag,,28.41,0.000791066,-33.33,HeLa,H,Human,Epithelial,Cervix,48,Alamar Blue,Alamar Blue,cell metabolic activity,N,N,Y,1.93,1.93,0.0,1,107.868,0,0.0,321.3899,341.67,524.12,3.102443,-4.697,1.655,104,2049.492,1,1.521,3.176,0.364206707,6.352,203.90417,0.314861461,2.0833333,1,1
51,Ag,,28.41,0.000791066,-33.33,HeLa,H,Human,Epithelial,Cervix,72,Alamar Blue,Alamar Blue,cell metabolic activity,N,N,Y,1.93,1.93,0.0,1,107.868,0,0.0,321.3899,341.67,524.12,3.102443,-4.697,1.655,104,2049.492,1,1.521,3.176,0.364206707,6.352,203.90417,0.314861461,2.0833333,1,1
52,Ag,,28.41,0.001054755,-33.33,HeLa,H,Human,Epithelial,Cervix,24,Alamar Blue,Alamar Blue,cell metabolic activity,N,N,Y,1.93,1.93,0.0,1,107.868,0,0.0,321.3899,341.67,524.12,3.102443,-4.697,1.655,104,2049.492,1,1.521,3.176,0.364206707,6.352,203.90417,0.314861461,48.333332,1,1
53,Ag,,28.41,0.001054755,-33.33,HeLa,H,Human,Epithelial,Cervix,48,Alamar Blue,Alamar Blue,cell metabolic activity,N,N,Y,1.93,1.93,0.0,1,107.868,0,0.0,321.3899,341.67,524.12,3.102443,-4.697,1.655,104,2049.492,1,1.521,3.176,0.364206707,6.352,203.90417,0.314861461,1.25,1,1
54,Ag,,28.41,0.001054755,-33.33,HeLa,H,Human,Epithelial,Cervix,72,Alamar Blue,Alamar Blue,cell metabolic activity,N,N,Y,1.93,1.93,0.0,1,107.868,0,0.0,321.3899,341.67,524.12,3.102443,-4.697,1.655,104,2049.492,1,1.521,3.176,0.364206707,6.352,203.90417,0.314861461,1.25,1,1
55,Ag,,28.41,0.001318444,-33.33,HeLa,H,Human,Epithelial,Cervix,24,Alamar Blue,Alamar Blue,cell metabolic activity,N,N,Y,1.93,1.93,0.0,1,107.868,0,0.0,321.3899,341.67,524.12,3.102443,-4.697,1.655,104,2049.492,1,1.521,3.176,0.364206707,6.352,203.90417,0.314861461,40.0,1,1
56,Ag,,28.41,0.001318444,-33.33,HeLa,H,Human,Epithelial,Cervix,48,Alamar Blue,Alamar Blue,cell metabolic activity,N,N,Y,1.93,1.93,0.0,1,107.868,0,0.0,321.3899,341.67,524.12,3.102443,-4.697,1.655,104,2049.492,1,1.521,3.176,0.364206707,6.352,203.90417,0.314861461,1.25,1,1
57,Ag,,28.41,0.001318444,-33.33,HeLa,H,Human,Epithelial,Cervix,72,Alamar Blue,Alamar Blue,cell metabolic activity,N,N,Y,1.93,1.93,0.0,1,107.868,0,0.0,321.3899,341.67,524.12,3.102443,-4.697,1.655,104,2049.492,1,1.521,3.176,0.364206707,6.352,203.90417,0.314861461,1.25,1,1
58,Ag,,28.41,0.001977666,-33.33,HeLa,H,Human,Epithelial,Cervix,24,Alamar Blue,Alamar Blue,cell metabolic activity,N,N,Y,1.93,1.93,0.0,1,107.868,0,0.0,321.3899,341.67,524.12,3.102443,-4.697,1.655,104,2049.492,1,1.521,3.176,0.364206707,6.352,203.90417,0.314861461,39.166668,1,1
59,Ag,,28.41,0.001977666,-33.33,HeLa,H,Human,Epithelial,Cervix,48,Alamar Blue,Alamar Blue,cell metabolic activity,N,N,Y,1.93,1.93,0.0,1,107.868,0,0.0,321.3899,341.67,524.12,3.102443,-4.697,1.655,104,2049.492,1,1.521,3.176,0.364206707,6.352,203.90417,0.314861461,0.41666666,1,1
60,Ag,,28.41,0.001977666,-33.33,HeLa,H,Human,Epithelial,Cervix,72,Alamar Blue,Alamar Blue,cell metabolic activity,N,N,Y,1.93,1.93,0.0,1,107.868,0,0.0,321.3899,341.67,524.12,3.102443,-4.697,1.655,104,2049.492,1,1.521,3.176,0.364206707,6.352,203.90417,0.314861461,0.0,1,1
61,Ag,,28.41,0.002636888,-33.33,HeLa,H,Human,Epithelial,Cervix,24,Alamar Blue,Alamar Blue,cell metabolic activity,N,N,Y,1.93,1.93,0.0,1,107.868,0,0.0,321.3899,341.67,524.12,3.102443,-4.697,1.655,104,2049.492,1,1.521,3.176,0.364206707,6.352,203.90417,0.314861461,36.25,1,1
62,Ag,,28.41,0.002636888,-33.33,HeLa,H,Human,Epithelial,Cervix,48,Alamar Blue,Alamar Blue,cell metabolic activity,N,N,Y,1.93,1.93,0.0,1,107.868,0,0.0,321.3899,341.67,524.12,3.102443,-4.697,1.655,104,2049.492,1,1.521,3.176,0.364206707,6.352,203.90417,0.314861461,0.8333333,1,1
63,Ag,,28.41,0.002636888,-33.33,HeLa,H,Human,Epithelial,Cervix,72,Alamar Blue,Alamar Blue,cell metabolic activity,N,N,Y,1.93,1.93,0.0,1,107.868,0,0.0,321.3899,341.67,524.12,3.102443,-4.697,1.655,104,2049.492,1,1.521,3.176,0.364206707,6.352,203.90417,0.314861461,0.8333333,1,1
64,Ag,,28.41,0.00329611,-33.33,HeLa,H,Human,Epithelial,Cervix,24,Alamar Blue,Alamar Blue,cell metabolic activity,N,N,Y,1.93,1.93,0.0,1,107.868,0,0.0,321.3899,341.67,524.12,3.102443,-4.697,1.655,104,2049.492,1,1.521,3.176,0.364206707,6.352,203.90417,0.314861461,32.083332,1,1
65,Ag,,28.41,0.00329611,-33.33,HeLa,H,Human,Epithelial,Cervix,48,Alamar Blue,Alamar Blue,cell metabolic activity,N,N,Y,1.93,1.93,0.0,1,107.868,0,0.0,321.3899,341.67,524.12,3.102443,-4.697,1.655,104,2049.492,1,1.521,3.176,0.364206707,6.352,203.90417,0.314861461,0.0,1,1
66,Ag,,28.41,0.00329611,-33.33,HeLa,H,Human,Epithelial,Cervix,72,Alamar Blue,Alamar Blue,cell metabolic activity,N,N,Y,1.93,1.93,0.0,1,107.868,0,0.0,321.3899,341.67,524.12,3.102443,-4.697,1.655,104,2049.492,1,1.521,3.176,0.364206707,6.352,203.90417,0.314861461,0.0,1,1
67,Ag,,28.41,0.000263689,-33.33,HeLa,H,Human,Epithelial,Cervix,24,NR,toluylene red,lysosomal uptake,N,N,Y,1.93,1.93,0.0,1,107.868,0,0.0,321.3899,341.67,524.12,3.102443,-4.697,1.655,104,2049.492,1,1.521,3.176,0.364206707,6.352,203.90417,0.314861461,85.82781,2,0
68,Ag,,28.41,0.000263689,-33.33,HeLa,H,Human,Epithelial,Cervix,48,NR,toluylene red,lysosomal uptake,N,N,Y,1.93,1.93,0.0,1,107.868,0,0.0,321.3899,341.67,524.12,3.102443,-4.697,1.655,104,2049.492,1,1.521,3.176,0.364206707,6.352,203.90417,0.314861461,48.47682,1,1
69,Ag,,28.41,0.000263689,-33.33,HeLa,H,Human,Epithelial,Cervix,72,NR,toluylene red,lysosomal uptake,N,N,Y,1.93,1.93,0.0,1,107.868,0,0.0,321.3899,341.67,524.12,3.102443,-4.697,1.655,104,2049.492,1,1.521,3.176,0.364206707,6.352,203.90417,0.314861461,44.90066,1,1
70,Ag,,28.41,0.000527378,-33.33,HeLa,H,Human,Epithelial,Cervix,24,NR,toluylene red,lysosomal uptake,N,N,Y,1.93,1.93,0.0,1,107.868,0,0.0,321.3899,341.67,524.12,3.102443,-4.697,1.655,104,2049.492,1,1.521,3.176,0.364206707,6.352,203.90417,0.314861461,71.12583,2,0
71,Ag,,28.41,0.000527378,-33.33,HeLa,H,Human,Epithelial,Cervix,48,NR,toluylene red,lysosomal uptake,N,N,Y,1.93,1.93,0.0,1,107.868,0,0.0,321.3899,341.67,524.12,3.102443,-4.697,1.655,104,2049.492,1,1.521,3.176,0.364206707,6.352,203.90417,0.314861461,45.29801,1,1
72,Ag,,28.41,0.000527378,-33.33,HeLa,H,Human,Epithelial,Cervix,72,NR,toluylene red,lysosomal uptake,N,N,Y,1.93,1.93,0.0,1,107.868,0,0.0,321.3899,341.67,524.12,3.102443,-4.697,1.655,104,2049.492,1,1.521,3.176,0.364206707,6.352,203.90417,0.314861461,40.13245,1,1
73,Ag,,28.41,0.000791066,-33.33,HeLa,H,Human,Epithelial,Cervix,24,NR,toluylene red,lysosomal uptake,N,N,Y,1.93,1.93,0.0,1,107.868,0,0.0,321.3899,341.67,524.12,3.102443,-4.697,1.655,104,2049.492,1,1.521,3.176,0.364206707,6.352,203.90417,0.314861461,67.15232,2,0
74,Ag,,28.41,0.000791066,-33.33,HeLa,H,Human,Epithelial,Cervix,48,NR,toluylene red,lysosomal uptake,N,N,Y,1.93,1.93,0.0,1,107.868,0,0.0,321.3899,341.67,524.12,3.102443,-4.697,1.655,104,2049.492,1,1.521,3.176,0.364206707,6.352,203.90417,0.314861461,33.377483,1,1
75,Ag,,28.41,0.000791066,-33.33,HeLa,H,Human,Epithelial,Cervix,72,NR,toluylene red,lysosomal uptake,N,N,Y,1.93,1.93,0.0,1,107.868,0,0.0,321.3899,341.67,524.12,3.102443,-4.697,1.655,104,2049.492,1,1.521,3.176,0.364206707,6.352,203.90417,0.314861461,30.198675,1,1
76,Ag,,28.41,0.001054755,-33.33,HeLa,H,Human,Epithelial,Cervix,24,NR,toluylene red,lysosomal uptake,N,N,Y,1.93,1.93,0.0,1,107.868,0,0.0,321.3899,341.67,524.12,3.102443,-4.697,1.655,104,2049.492,1,1.521,3.176,0.364206707,6.352,203.90417,0.314861461,65.960266,2,0
77,Ag,,28.41,0.001054755,-33.33,HeLa,H,Human,Epithelial,Cervix,48,NR,toluylene red,lysosomal uptake,N,N,Y,1.93,1.93,0.0,1,107.868,0,0.0,321.3899,341.67,524.12,3.102443,-4.697,1.655,104,2049.492,1,1.521,3.176,0.364206707,6.352,203.90417,0.314861461,29.403973,1,1
78,Ag,,28.41,0.001054755,-33.33,HeLa,H,Human,Epithelial,Cervix,72,NR,toluylene red,lysosomal uptake,N,N,Y,1.93,1.93,0.0,1,107.868,0,0.0,321.3899,341.67,524.12,3.102443,-4.697,1.655,104,2049.492,1,1.521,3.176,0.364206707,6.352,203.90417,0.314861461,27.81457,1,1
79,Ag,,28.41,0.001318444,-33.33,HeLa,H,Human,Epithelial,Cervix,24,NR,toluylene red,lysosomal uptake,N,N,Y,1.93,1.93,0.0,1,107.868,0,0.0,321.3899,341.67,524.12,3.102443,-4.697,1.655,104,2049.492,1,1.521,3.176,0.364206707,6.352,203.90417,0.314861461,60.7947,2,0
80,Ag,,28.41,0.001318444,-33.33,HeLa,H,Human,Epithelial,Cervix,48,NR,toluylene red,lysosomal uptake,N,N,Y,1.93,1.93,0.0,1,107.868,0,0.0,321.3899,341.67,524.12,3.102443,-4.697,1.655,104,2049.492,1,1.521,3.176,0.364206707,6.352,203.90417,0.314861461,28.609272,1,1
81,Ag,,28.41,0.001318444,-33.33,HeLa,H,Human,Epithelial,Cervix,72,NR,toluylene red,lysosomal uptake,N,N,Y,1.93,1.93,0.0,1,107.868,0,0.0,321.3899,341.67,524.12,3.102443,-4.697,1.655,104,2049.492,1,1.521,3.176,0.364206707,6.352,203.90417,0.314861461,27.81457,1,1
82,Ag,,28.41,0.001977666,-33.33,HeLa,H,Human,Epithelial,Cervix,24,NR,toluylene red,lysosomal uptake,N,N,Y,1.93,1.93,0.0,1,107.868,0,0.0,321.3899,341.67,524.12,3.102443,-4.697,1.655,104,2049.492,1,1.521,3.176,0.364206707,6.352,203.90417,0.314861461,53.245033,2,0
83,Ag,,28.41,0.001977666,-33.33,HeLa,H,Human,Epithelial,Cervix,48,NR,toluylene red,lysosomal uptake,N,N,Y,1.93,1.93,0.0,1,107.868,0,0.0,321.3899,341.67,524.12,3.102443,-4.697,1.655,104,2049.492,1,1.521,3.176,0.364206707,6.352,203.90417,0.314861461,26.622517,1,1
84,Ag,,28.41,0.001977666,-33.33,HeLa,H,Human,Epithelial,Cervix,72,NR,toluylene red,lysosomal uptake,N,N,Y,1.93,1.93,0.0,1,107.868,0,0.0,321.3899,341.67,524.12,3.102443,-4.697,1.655,104,2049.492,1,1.521,3.176,0.364206707,6.352,203.90417,0.314861461,25.827814,1,1
85,Ag,,28.41,0.002636888,-33.33,HeLa,H,Human,Epithelial,Cervix,24,NR,toluylene red,lysosomal uptake,N,N,Y,1.93,1.93,0.0,1,107.868,0,0.0,321.3899,341.67,524.12,3.102443,-4.697,1.655,104,2049.492,1,1.521,3.176,0.364206707,6.352,203.90417,0.314861461,49.668873,1,1
86,Ag,,28.41,0.002636888,-33.33,HeLa,H,Human,Epithelial,Cervix,48,NR,toluylene red,lysosomal uptake,N,N,Y,1.93,1.93,0.0,1,107.868,0,0.0,321.3899,341.67,524.12,3.102443,-4.697,1.655,104,2049.492,1,1.521,3.176,0.364206707,6.352,203.90417,0.314861461,27.019867,1,1
87,Ag,,28.41,0.002636888,-33.33,HeLa,H,Human,Epithelial,Cervix,72,NR,toluylene red,lysosomal uptake,N,N,Y,1.93,1.93,0.0,1,107.868,0,0.0,321.3899,341.67,524.12,3.102443,-4.697,1.655,104,2049.492,1,1.521,3.176,0.364206707,6.352,203.90417,0.314861461,25.430464,1,1
88,Ag,,28.41,0.00329611,-33.33,HeLa,H,Human,Epithelial,Cervix,24,NR,toluylene red,lysosomal uptake,N,N,Y,1.93,1.93,0.0,1,107.868,0,0.0,321.3899,341.67,524.12,3.102443,-4.697,1.655,104,2049.492,1,1.521,3.176,0.364206707,6.352,203.90417,0.314861461,43.311256,1,1
89,Ag,,28.41,0.00329611,-33.33,HeLa,H,Human,Epithelial,Cervix,48,NR,toluylene red,lysosomal uptake,N,N,Y,1.93,1.93,0.0,1,107.868,0,0.0,321.3899,341.67,524.12,3.102443,-4.697,1.655,104,2049.492,1,1.521,3.176,0.364206707,6.352,203.90417,0.314861461,22.251656,1,1
90,Ag,,28.41,0.00329611,-33.33,HeLa,H,Human,Epithelial,Cervix,72,NR,toluylene red,lysosomal uptake,N,N,Y,1.93,1.93,0.0,1,107.868,0,0.0,321.3899,341.67,524.12,3.102443,-4.697,1.655,104,2049.492,1,1.521,3.176,0.364206707,6.352,203.90417,0.314861461,19.86755,1,1
91,Ag,,28.41,0.000263689,-33.33,HeLa,H,Human,Epithelial,Cervix,24,MTT,Tetrazolium Salt,cell metabolic activity,N,N,Y,1.93,1.93,0.0,1,107.868,0,0.0,321.3899,341.67,524.12,3.102443,-4.697,1.655,104,2049.492,1,1.521,3.176,0.364206707,6.352,203.90417,0.314861461,101.28814,2,0
92,Ag,,28.41,0.000263689,-33.33,HeLa,H,Human,Epithelial,Cervix,48,MTT,Tetrazolium Salt,cell metabolic activity,N,N,Y,1.93,1.93,0.0,1,107.868,0,0.0,321.3899,341.67,524.12,3.102443,-4.697,1.655,104,2049.492,1,1.521,3.176,0.364206707,6.352,203.90417,0.314861461,9.355932,1,1
93,Ag,,28.41,0.000263689,-33.33,HeLa,H,Human,Epithelial,Cervix,72,MTT,Tetrazolium Salt,cell metabolic activity,N,N,Y,1.93,1.93,0.0,1,107.868,0,0.0,321.3899,341.67,524.12,3.102443,-4.697,1.655,104,2049.492,1,1.521,3.176,0.364206707,6.352,203.90417,0.314861461,6.915254,1,1
94,Ag,,28.41,0.000527378,-33.33,HeLa,H,Human,Epithelial,Cervix,24,MTT,Tetrazolium Salt,cell metabolic activity,N,N,Y,1.93,1.93,0.0,1,107.868,0,0.0,321.3899,341.67,524.12,3.102443,-4.697,1.655,104,2049.492,1,1.521,3.176,0.364206707,6.352,203.90417,0.314861461,61.42373,2,0
95,Ag,,28.41,0.000527378,-33.33,HeLa,H,Human,Epithelial,Cervix,48,MTT,Tetrazolium Salt,cell metabolic activity,N,N,Y,1.93,1.93,0.0,1,107.868,0,0.0,321.3899,341.67,524.12,3.102443,-4.697,1.655,104,2049.492,1,1.521,3.176,0.364206707,6.352,203.90417,0.314861461,8.135593,1,1
96,Ag,,28.41,0.000527378,-33.33,HeLa,H,Human,Epithelial,Cervix,72,MTT,Tetrazolium Salt,cell metabolic activity,N,N,Y,1.93,1.93,0.0,1,107.868,0,0.0,321.3899,341.67,524.12,3.102443,-4.697,1.655,104,2049.492,1,1.521,3.176,0.364206707,6.352,203.90417,0.314861461,7.322034,1,1
97,Ag,,28.41,0.000791066,-33.33,HeLa,H,Human,Epithelial,Cervix,24,MTT,Tetrazolium Salt,cell metabolic activity,N,N,Y,1.93,1.93,0.0,1,107.868,0,0.0,321.3899,341.67,524.12,3.102443,-4.697,1.655,104,2049.492,1,1.521,3.176,0.364206707,6.352,203.90417,0.314861461,58.98305,2,0
98,Ag,,28.41,0.000791066,-33.33,HeLa,H,Human,Epithelial,Cervix,48,MTT,Tetrazolium Salt,cell metabolic activity,N,N,Y,1.93,1.93,0.0,1,107.868,0,0.0,321.3899,341.67,524.12,3.102443,-4.697,1.655,104,2049.492,1,1.521,3.176,0.364206707,6.352,203.90417,0.314861461,6.915254,1,1
99,Ag,,28.41,0.000791066,-33.33,HeLa,H,Human,Epithelial,Cervix,72,MTT,Tetrazolium Salt,cell metabolic activity,N,N,Y,1.93,1.93,0.0,1,107.868,0,0.0,321.3899,341.67,524.12,3.102443,-4.697,1.655,104,2049.492,1,1.521,3.176,0.364206707,6.352,203.90417,0.314861461,5.2881355,1,1
100,Ag,,28.41,0.001054755,-33.33,HeLa,H,Human,Epithelial,Cervix,24,MTT,Tetrazolium Salt,cell metabolic activity,N,N,Y,1.93,1.93,0.0,1,107.868,0,0.0,321.3899,341.67,524.12,3.102443,-4.697,1.655,104,2049.492,1,1.521,3.176,0.364206707,6.352,203.90417,0.314861461,18.305084,1,1
101,Ag,,28.41,0.001054755,-33.33,HeLa,H,Human,Epithelial,Cervix,48,MTT,Tetrazolium Salt,cell metabolic activity,N,N,Y,1.93,1.93,0.0,1,107.868,0,0.0,321.3899,341.67,524.12,3.102443,-4.697,1.655,104,2049.492,1,1.521,3.176,0.364206707,6.352,203.90417,0.314861461,5.6949153,1,1
102,Ag,,28.41,0.001054755,-33.33,HeLa,H,Human,Epithelial,Cervix,72,MTT,Tetrazolium Salt,cell metabolic activity,N,N,Y,1.93,1.93,0.0,1,107.868,0,0.0,321.3899,341.67,524.12,3.102443,-4.697,1.655,104,2049.492,1,1.521,3.176,0.364206707,6.352,203.90417,0.314861461,4.881356,1,1
103,Ag,,28.41,0.001318444,-33.33,HeLa,H,Human,Epithelial,Cervix,24,MTT,Tetrazolium Salt,cell metabolic activity,N,N,Y,1.93,1.93,0.0,1,107.868,0,0.0,321.3899,341.67,524.12,3.102443,-4.697,1.655,104,2049.492,1,1.521,3.176,0.364206707,6.352,203.90417,0.314861461,16.271187,1,1
104,Ag,,28.41,0.001318444,-33.33,HeLa,H,Human,Epithelial,Cervix,48,MTT,Tetrazolium Salt,cell metabolic activity,N,N,Y,1.93,1.93,0.0,1,107.868,0,0.0,321.3899,341.67,524.12,3.102443,-4.697,1.655,104,2049.492,1,1.521,3.176,0.364206707,6.352,203.90417,0.314861461,4.4745765,1,1
105,Ag,,28.41,0.001318444,-33.33,HeLa,H,Human,Epithelial,Cervix,72,MTT,Tetrazolium Salt,cell metabolic activity,N,N,Y,1.93,1.93,0.0,1,107.868,0,0.0,321.3899,341.67,524.12,3.102443,-4.697,1.655,104,2049.492,1,1.521,3.176,0.364206707,6.352,203.90417,0.314861461,2.8474576,1,1
106,Ag,,28.41,0.001977666,-33.33,HeLa,H,Human,Epithelial,Cervix,24,MTT,Tetrazolium Salt,cell metabolic activity,N,N,Y,1.93,1.93,0.0,1,107.868,0,0.0,321.3899,341.67,524.12,3.102443,-4.697,1.655,104,2049.492,1,1.521,3.176,0.364206707,6.352,203.90417,0.314861461,13.016949,1,1
107,Ag,,28.41,0.001977666,-33.33,HeLa,H,Human,Epithelial,Cervix,48,MTT,Tetrazolium Salt,cell metabolic activity,N,N,Y,1.93,1.93,0.0,1,107.868,0,0.0,321.3899,341.67,524.12,3.102443,-4.697,1.655,104,2049.492,1,1.521,3.176,0.364206707,6.352,203.90417,0.314861461,4.0677967,1,1
108,Ag,,28.41,0.001977666,-33.33,HeLa,H,Human,Epithelial,Cervix,72,MTT,Tetrazolium Salt,cell metabolic activity,N,N,Y,1.93,1.93,0.0,1,107.868,0,0.0,321.3899,341.67,524.12,3.102443,-4.697,1.655,104,2049.492,1,1.521,3.176,0.364206707,6.352,203.90417,0.314861461,2.8474576,1,1
109,Ag,,28.41,0.002636888,-33.33,HeLa,H,Human,Epithelial,Cervix,24,MTT,Tetrazolium Salt,cell metabolic activity,N,N,Y,1.93,1.93,0.0,1,107.868,0,0.0,321.3899,341.67,524.12,3.102443,-4.697,1.655,104,2049.492,1,1.521,3.176,0.364206707,6.352,203.90417,0.314861461,12.610169,1,1
110,Ag,,28.41,0.002636888,-33.33,HeLa,H,Human,Epithelial,Cervix,48,MTT,Tetrazolium Salt,cell metabolic activity,N,N,Y,1.93,1.93,0.0,1,107.868,0,0.0,321.3899,341.67,524.12,3.102443,-4.697,1.655,104,2049.492,1,1.521,3.176,0.364206707,6.352,203.90417,0.314861461,3.661017,1,1
111,Ag,,28.41,0.002636888,-33.33,HeLa,H,Human,Epithelial,Cervix,72,MTT,Tetrazolium Salt,cell metabolic activity,N,N,Y,1.93,1.93,0.0,1,107.868,0,0.0,321.3899,341.67,524.12,3.102443,-4.697,1.655,104,2049.492,1,1.521,3.176,0.364206707,6.352,203.90417,0.314861461,3.2542372,1,1
112,Ag,,28.41,0.00329611,-33.33,HeLa,H,Human,Epithelial,Cervix,24,MTT,Tetrazolium Salt,cell metabolic activity,N,N,Y,1.93,1.93,0.0,1,107.868,0,0.0,321.3899,341.67,524.12,3.102443,-4.697,1.655,104,2049.492,1,1.521,3.176,0.364206707,6.352,203.90417,0.314861461,10.983051,1,1
113,Ag,,28.41,0.00329611,-33.33,HeLa,H,Human,Epithelial,Cervix,48,MTT,Tetrazolium Salt,cell metabolic activity,N,N,Y,1.93,1.93,0.0,1,107.868,0,0.0,321.3899,341.67,524.12,3.102443,-4.697,1.655,104,2049.492,1,1.521,3.176,0.364206707,6.352,203.90417,0.314861461,4.0677967,1,1
114,Ag,,28.41,0.00329611,-33.33,HeLa,H,Human,Epithelial,Cervix,72,MTT,Tetrazolium Salt,cell metabolic activity,N,N,Y,1.93,1.93,0.0,1,107.868,0,0.0,321.3899,341.67,524.12,3.102443,-4.697,1.655,104,2049.492,1,1.521,3.176,0.364206707,6.352,203.90417,0.314861461,3.661017,1,1
115,Ag,,10.0,0.000302614,-20.0,LoVo,H,Human,Epithelial,Colon,24,CellTiter Blue,Alamar Blue,cell metabolic activity,N,N,N,1.93,1.93,0.0,1,107.868,0,0.0,321.3899,341.67,524.12,3.102443,-4.697,1.655,104,2049.492,1,1.521,3.176,0.364206707,6.352,203.90417,0.314861461,110.451614,2,0
116,Ag,,10.0,0.000756536,-20.0,LoVo,H,Human,Epithelial,Colon,24,CellTiter Blue,Alamar Blue,cell metabolic activity,N,N,N,1.93,1.93,0.0,1,107.868,0,0.0,321.3899,341.67,524.12,3.102443,-4.697,1.655,104,2049.492,1,1.521,3.176,0.364206707,6.352,203.90417,0.314861461,114.064514,2,0
117,Ag,,10.0,0.001513072,-20.0,LoVo,H,Human,Epithelial,Colon,24,CellTiter Blue,Alamar Blue,cell metabolic activity,N,N,N,1.93,1.93,0.0,1,107.868,0,0.0,321.3899,341.67,524.12,3.102443,-4.697,1.655,104,2049.492,1,1.521,3.176,0.364206707,6.352,203.90417,0.314861461,108.90323,2,0
118,Ag,,10.0,0.003026144,-20.0,LoVo,H,Human,Epithelial,Colon,24,CellTiter Blue,Alamar Blue,cell metabolic activity,N,N,N,1.93,1.93,0.0,1,107.868,0,0.0,321.3899,341.67,524.12,3.102443,-4.697,1.655,104,2049.492,1,1.521,3.176,0.364206707,6.352,203.90417,0.314861461,53.677418,2,0
119,Ag,,10.0,0.000302614,-20.0,LoVo,H,Human,Epithelial,Colon,48,CellTiter Blue,Alamar Blue,cell metabolic activity,N,N,N,1.93,1.93,0.0,1,107.868,0,0.0,321.3899,341.67,524.12,3.102443,-4.697,1.655,104,2049.492,1,1.521,3.176,0.364206707,6.352,203.90417,0.314861461,99.6129,2,0
120,Ag,,10.0,0.000756536,-20.0,LoVo,H,Human,Epithelial,Colon,48,CellTiter Blue,Alamar Blue,cell metabolic activity,N,N,N,1.93,1.93,0.0,1,107.868,0,0.0,321.3899,341.67,524.12,3.102443,-4.697,1.655,104,2049.492,1,1.521,3.176,0.364206707,6.352,203.90417,0.314861461,99.09677,2,0
121,Ag,,10.0,0.001513072,-20.0,LoVo,H,Human,Epithelial,Colon,48,CellTiter Blue,Alamar Blue,cell metabolic activity,N,N,N,1.93,1.93,0.0,1,107.868,0,0.0,321.3899,341.67,524.12,3.102443,-4.697,1.655,104,2049.492,1,1.521,3.176,0.364206707,6.352,203.90417,0.314861461,91.870964,2,0
122,Ag,,10.0,0.003026144,-20.0,LoVo,H,Human,Epithelial,Colon,48,CellTiter Blue,Alamar Blue,cell metabolic activity,N,N,N,1.93,1.93,0.0,1,107.868,0,0.0,321.3899,341.67,524.12,3.102443,-4.697,1.655,104,2049.492,1,1.521,3.176,0.364206707,6.352,203.90417,0.314861461,8.258064,1,1
123,Ag,,20.0,3.78e-05,-20.0,LoVo,H,Human,Epithelial,Colon,24,CellTiter Blue,Alamar Blue,cell metabolic activity,N,N,N,1.93,1.93,0.0,1,107.868,0,0.0,321.3899,341.67,524.12,3.102443,-4.697,1.655,104,2049.492,1,1.521,3.176,0.364206707,6.352,203.90417,0.314861461,116.645164,2,0
124,Ag,,20.0,9.46e-05,-20.0,LoVo,H,Human,Epithelial,Colon,24,CellTiter Blue,Alamar Blue,cell metabolic activity,N,N,N,1.93,1.93,0.0,1,107.868,0,0.0,321.3899,341.67,524.12,3.102443,-4.697,1.655,104,2049.492,1,1.521,3.176,0.364206707,6.352,203.90417,0.314861461,114.58064,2,0
125,Ag,,20.0,0.000189134,-20.0,LoVo,H,Human,Epithelial,Colon,24,CellTiter Blue,Alamar Blue,cell metabolic activity,N,N,N,1.93,1.93,0.0,1,107.868,0,0.0,321.3899,341.67,524.12,3.102443,-4.697,1.655,104,2049.492,1,1.521,3.176,0.364206707,6.352,203.90417,0.314861461,109.41936,2,0
126,Ag,,20.0,0.000378268,-20.0,LoVo,H,Human,Epithelial,Colon,24,CellTiter Blue,Alamar Blue,cell metabolic activity,N,N,N,1.93,1.93,0.0,1,107.868,0,0.0,321.3899,341.67,524.12,3.102443,-4.697,1.655,104,2049.492,1,1.521,3.176,0.364206707,6.352,203.90417,0.314861461,85.67742,2,0
127,Ag,,20.0,3.78e-05,-20.0,LoVo,H,Human,Epithelial,Colon,48,CellTiter Blue,Alamar Blue,cell metabolic activity,N,N,N,1.93,1.93,0.0,1,107.868,0,0.0,321.3899,341.67,524.12,3.102443,-4.697,1.655,104,2049.492,1,1.521,3.176,0.364206707,6.352,203.90417,0.314861461,99.09677,2,0
128,Ag,,20.0,9.46e-05,-20.0,LoVo,H,Human,Epithelial,Colon,48,CellTiter Blue,Alamar Blue,cell metabolic activity,N,N,N,1.93,1.93,0.0,1,107.868,0,0.0,321.3899,341.67,524.12,3.102443,-4.697,1.655,104,2049.492,1,1.521,3.176,0.364206707,6.352,203.90417,0.314861461,92.90323,2,0
129,Ag,,20.0,0.000189134,-20.0,LoVo,H,Human,Epithelial,Colon,48,CellTiter Blue,Alamar Blue,cell metabolic activity,N,N,N,1.93,1.93,0.0,1,107.868,0,0.0,321.3899,341.67,524.12,3.102443,-4.697,1.655,104,2049.492,1,1.521,3.176,0.364206707,6.352,203.90417,0.314861461,89.80645,2,0
130,Ag,,20.0,0.000378268,-20.0,LoVo,H,Human,Epithelial,Colon,48,CellTiter Blue,Alamar Blue,cell metabolic activity,N,N,N,1.93,1.93,0.0,1,107.868,0,0.0,321.3899,341.67,524.12,3.102443,-4.697,1.655,104,2049.492,1,1.521,3.176,0.364206707,6.352,203.90417,0.314861461,28.903225,1,1
131,Ag,,40.0,4.73e-06,-20.0,LoVo,H,Human,Epithelial,Colon,24,CellTiter Blue,Alamar Blue,cell metabolic activity,N,N,N,1.93,1.93,0.0,1,107.868,0,0.0,321.3899,341.67,524.12,3.102443,-4.697,1.655,104,2049.492,1,1.521,3.176,0.364206707,6.352,203.90417,0.314861461,91.870964,2,0
132,Ag,,40.0,1.18e-05,-20.0,LoVo,H,Human,Epithelial,Colon,24,CellTiter Blue,Alamar Blue,cell metabolic activity,N,N,N,1.93,1.93,0.0,1,107.868,0,0.0,321.3899,341.67,524.12,3.102443,-4.697,1.655,104,2049.492,1,1.521,3.176,0.364206707,6.352,203.90417,0.314861461,101.67742,2,0
133,Ag,,40.0,2.36e-05,-20.0,LoVo,H,Human,Epithelial,Colon,24,CellTiter Blue,Alamar Blue,cell metabolic activity,N,N,N,1.93,1.93,0.0,1,107.868,0,0.0,321.3899,341.67,524.12,3.102443,-4.697,1.655,104,2049.492,1,1.521,3.176,0.364206707,6.352,203.90417,0.314861461,104.258064,2,0
134,Ag,,40.0,4.73e-05,-20.0,LoVo,H,Human,Epithelial,Colon,24,CellTiter Blue,Alamar Blue,cell metabolic activity,N,N,N,1.93,1.93,0.0,1,107.868,0,0.0,321.3899,341.67,524.12,3.102443,-4.697,1.655,104,2049.492,1,1.521,3.176,0.364206707,6.352,203.90417,0.314861461,90.83871,2,0
135,Ag,,40.0,4.73e-06,-20.0,LoVo,H,Human,Epithelial,Colon,48,CellTiter Blue,Alamar Blue,cell metabolic activity,N,N,N,1.93,1.93,0.0,1,107.868,0,0.0,321.3899,341.67,524.12,3.102443,-4.697,1.655,104,2049.492,1,1.521,3.176,0.364206707,6.352,203.90417,0.314861461,96.51613,2,0
136,Ag,,40.0,1.18e-05,-20.0,LoVo,H,Human,Epithelial,Colon,48,CellTiter Blue,Alamar Blue,cell metabolic activity,N,N,N,1.93,1.93,0.0,1,107.868,0,0.0,321.3899,341.67,524.12,3.102443,-4.697,1.655,104,2049.492,1,1.521,3.176,0.364206707,6.352,203.90417,0.314861461,94.96774,2,0
137,Ag,,40.0,2.36e-05,-20.0,LoVo,H,Human,Epithelial,Colon,48,CellTiter Blue,Alamar Blue,cell metabolic activity,N,N,N,1.93,1.93,0.0,1,107.868,0,0.0,321.3899,341.67,524.12,3.102443,-4.697,1.655,104,2049.492,1,1.521,3.176,0.364206707,6.352,203.90417,0.314861461,99.09677,2,0
138,Ag,,40.0,4.73e-05,-20.0,LoVo,H,Human,Epithelial,Colon,48,CellTiter Blue,Alamar Blue,cell metabolic activity,N,N,N,1.93,1.93,0.0,1,107.868,0,0.0,321.3899,341.67,524.12,3.102443,-4.697,1.655,104,2049.492,1,1.521,3.176,0.364206707,6.352,203.90417,0.314861461,48.51613,1,1
139,Ag,,60.0,1.4e-06,-20.0,LoVo,H,Human,Epithelial,Colon,24,CellTiter Blue,Alamar Blue,cell metabolic activity,N,N,N,1.93,1.93,0.0,1,107.868,0,0.0,321.3899,341.67,524.12,3.102443,-4.697,1.655,104,2049.492,1,1.521,3.176,0.364206707,6.352,203.90417,0.314861461,89.80645,2,0
140,Ag,,60.0,3.5e-06,-20.0,LoVo,H,Human,Epithelial,Colon,24,CellTiter Blue,Alamar Blue,cell metabolic activity,N,N,N,1.93,1.93,0.0,1,107.868,0,0.0,321.3899,341.67,524.12,3.102443,-4.697,1.655,104,2049.492,1,1.521,3.176,0.364206707,6.352,203.90417,0.314861461,107.354836,2,0
141,Ag,,60.0,7e-06,-20.0,LoVo,H,Human,Epithelial,Colon,24,CellTiter Blue,Alamar Blue,cell metabolic activity,N,N,N,1.93,1.93,0.0,1,107.868,0,0.0,321.3899,341.67,524.12,3.102443,-4.697,1.655,104,2049.492,1,1.521,3.176,0.364206707,6.352,203.90417,0.314861461,110.451614,2,0
142,Ag,,60.0,1.4e-05,-20.0,LoVo,H,Human,Epithelial,Colon,24,CellTiter Blue,Alamar Blue,cell metabolic activity,N,N,N,1.93,1.93,0.0,1,107.868,0,0.0,321.3899,341.67,524.12,3.102443,-4.697,1.655,104,2049.492,1,1.521,3.176,0.364206707,6.352,203.90417,0.314861461,93.935486,2,0
143,Ag,,60.0,1.4e-06,-20.0,LoVo,H,Human,Epithelial,Colon,48,CellTiter Blue,Alamar Blue,cell metabolic activity,N,N,N,1.93,1.93,0.0,1,107.868,0,0.0,321.3899,341.67,524.12,3.102443,-4.697,1.655,104,2049.492,1,1.521,3.176,0.364206707,6.352,203.90417,0.314861461,100.129036,2,0
144,Ag,,60.0,3.5e-06,-20.0,LoVo,H,Human,Epithelial,Colon,48,CellTiter Blue,Alamar Blue,cell metabolic activity,N,N,N,1.93,1.93,0.0,1,107.868,0,0.0,321.3899,341.67,524.12,3.102443,-4.697,1.655,104,2049.492,1,1.521,3.176,0.364206707,6.352,203.90417,0.314861461,87.741936,2,0
145,Ag,,60.0,7e-06,-20.0,LoVo,H,Human,Epithelial,Colon,48,CellTiter Blue,Alamar Blue,cell metabolic activity,N,N,N,1.93,1.93,0.0,1,107.868,0,0.0,321.3899,341.67,524.12,3.102443,-4.697,1.655,104,2049.492,1,1.521,3.176,0.364206707,6.352,203.90417,0.314861461,91.870964,2,0
146,Ag,,60.0,1.4e-05,-20.0,LoVo,H,Human,Epithelial,Colon,48,CellTiter Blue,Alamar Blue,cell metabolic activity,N,N,N,1.93,1.93,0.0,1,107.868,0,0.0,321.3899,341.67,524.12,3.102443,-4.697,1.655,104,2049.492,1,1.521,3.176,0.364206707,6.352,203.90417,0.314861461,35.612904,1,1
147,Ag,,100.0,3.03e-07,-20.0,LoVo,H,Human,Epithelial,Colon,24,CellTiter Blue,Alamar Blue,cell metabolic activity,N,N,N,1.93,1.93,0.0,1,107.868,0,0.0,321.3899,341.67,524.12,3.102443,-4.697,1.655,104,2049.492,1,1.521,3.176,0.364206707,6.352,203.90417,0.314861461,107.870964,2,0
148,Ag,,100.0,7.57e-07,-20.0,LoVo,H,Human,Epithelial,Colon,24,CellTiter Blue,Alamar Blue,cell metabolic activity,N,N,N,1.93,1.93,0.0,1,107.868,0,0.0,321.3899,341.67,524.12,3.102443,-4.697,1.655,104,2049.492,1,1.521,3.176,0.364206707,6.352,203.90417,0.314861461,111.48387,2,0
149,Ag,,100.0,1.51e-06,-20.0,LoVo,H,Human,Epithelial,Colon,24,CellTiter Blue,Alamar Blue,cell metabolic activity,N,N,N,1.93,1.93,0.0,1,107.868,0,0.0,321.3899,341.67,524.12,3.102443,-4.697,1.655,104,2049.492,1,1.521,3.176,0.364206707,6.352,203.90417,0.314861461,130.06451,2,0
150,Ag,,100.0,3.03e-06,-20.0,LoVo,H,Human,Epithelial,Colon,24,CellTiter Blue,Alamar Blue,cell metabolic activity,N,N,N,1.93,1.93,0.0,1,107.868,0,0.0,321.3899,341.67,524.12,3.102443,-4.697,1.655,104,2049.492,1,1.521,3.176,0.364206707,6.352,203.90417,0.314861461,112.51613,2,0
151,Ag,,100.0,3.03e-07,-20.0,LoVo,H,Human,Epithelial,Colon,48,CellTiter Blue,Alamar Blue,cell metabolic activity,N,N,N,1.93,1.93,0.0,1,107.868,0,0.0,321.3899,341.67,524.12,3.102443,-4.697,1.655,104,2049.492,1,1.521,3.176,0.364206707,6.352,203.90417,0.314861461,98.58064,2,0
152,Ag,,100.0,7.57e-07,-20.0,LoVo,H,Human,Epithelial,Colon,48,CellTiter Blue,Alamar Blue,cell metabolic activity,N,N,N,1.93,1.93,0.0,1,107.868,0,0.0,321.3899,341.67,524.12,3.102443,-4.697,1.655,104,2049.492,1,1.521,3.176,0.364206707,6.352,203.90417,0.314861461,91.354836,2,0
153,Ag,,100.0,1.51e-06,-20.0,LoVo,H,Human,Epithelial,Colon,48,CellTiter Blue,Alamar Blue,cell metabolic activity,N,N,N,1.93,1.93,0.0,1,107.868,0,0.0,321.3899,341.67,524.12,3.102443,-4.697,1.655,104,2049.492,1,1.521,3.176,0.364206707,6.352,203.90417,0.314861461,89.80645,2,0
154,Ag,,100.0,3.03e-06,-20.0,LoVo,H,Human,Epithelial,Colon,48,CellTiter Blue,Alamar Blue,cell metabolic activity,N,N,N,1.93,1.93,0.0,1,107.868,0,0.0,321.3899,341.67,524.12,3.102443,-4.697,1.655,104,2049.492,1,1.521,3.176,0.364206707,6.352,203.90417,0.314861461,51.096775,2,0
155,Ag,,14.7,0.000190532,-20.0,Caco2,H,Human,Epithelial,Colon,24,Promegas CTB Assay,Alamar Blue,cell metabolic activity,N,N,N,1.93,1.93,0.0,1,107.868,0,0.0,321.3899,341.67,524.12,3.102443,-4.697,1.655,104,2049.492,1,1.521,3.176,0.364206707,6.352,203.90417,0.314861461,96.02428,2,0
156,Ag,,14.7,0.00047633,-20.0,Caco2,H,Human,Epithelial,Colon,24,Promegas CTB Assay,Alamar Blue,cell metabolic activity,N,N,N,1.93,1.93,0.0,1,107.868,0,0.0,321.3899,341.67,524.12,3.102443,-4.697,1.655,104,2049.492,1,1.521,3.176,0.364206707,6.352,203.90417,0.314861461,96.874054,2,0
157,Ag,,14.7,0.000952659,-20.0,Caco2,H,Human,Epithelial,Colon,24,Promegas CTB Assay,Alamar Blue,cell metabolic activity,N,N,N,1.93,1.93,0.0,1,107.868,0,0.0,321.3899,341.67,524.12,3.102443,-4.697,1.655,104,2049.492,1,1.521,3.176,0.364206707,6.352,203.90417,0.314861461,100.0607,2,0
158,Ag,,14.7,0.001428989,-20.0,Caco2,H,Human,Epithelial,Colon,24,Promegas CTB Assay,Alamar Blue,cell metabolic activity,N,N,N,1.93,1.93,0.0,1,107.868,0,0.0,321.3899,341.67,524.12,3.102443,-4.697,1.655,104,2049.492,1,1.521,3.176,0.364206707,6.352,203.90417,0.314861461,92.2003,2,0
159,Ag,,14.7,0.002381648,-20.0,Caco2,H,Human,Epithelial,Colon,24,Promegas CTB Assay,Alamar Blue,cell metabolic activity,N,N,N,1.93,1.93,0.0,1,107.868,0,0.0,321.3899,341.67,524.12,3.102443,-4.697,1.655,104,2049.492,1,1.521,3.176,0.364206707,6.352,203.90417,0.314861461,72.23065,2,0
160,Ag,,14.7,0.003334307,-20.0,Caco2,H,Human,Epithelial,Colon,24,Promegas CTB Assay,Alamar Blue,cell metabolic activity,N,N,N,1.93,1.93,0.0,1,107.868,0,0.0,321.3899,341.67,524.12,3.102443,-4.697,1.655,104,2049.492,1,1.521,3.176,0.364206707,6.352,203.90417,0.314861461,43.12595,1,1
161,Ag,,14.7,0.004763296,-20.0,Caco2,H,Human,Epithelial,Colon,24,Promegas CTB Assay,Alamar Blue,cell metabolic activity,N,N,N,1.93,1.93,0.0,1,107.868,0,0.0,321.3899,341.67,524.12,3.102443,-4.697,1.655,104,2049.492,1,1.521,3.176,0.364206707,6.352,203.90417,0.314861461,39.30197,1,1
162,Ag,,14.7,0.009526592,-20.0,Caco2,H,Human,Epithelial,Colon,24,Promegas CTB Assay,Alamar Blue,cell metabolic activity,N,N,N,1.93,1.93,0.0,1,107.868,0,0.0,321.3899,341.67,524.12,3.102443,-4.697,1.655,104,2049.492,1,1.521,3.176,0.364206707,6.352,203.90417,0.314861461,18.057663,1,1
163,Ag,,25.0,0.001936732,-13.0,MDAMB231,H,Human,Epithelial,Breast,48,MTT,Tetrazolium Salt,cell metabolic activity,N,N,N,1.93,1.93,0.0,1,107.868,0,0.0,321.3899,341.67,524.12,3.102443,-4.697,1.655,104,2049.492,1,1.521,3.176,0.364206707,6.352,203.90417,0.314861461,62.75862,2,0
164,Ag,,25.0,0.000968,-13.0,MDAMB231,H,Human,Epithelial,Breast,48,MTT,Tetrazolium Salt,cell metabolic activity,N,N,N,1.93,1.93,0.0,1,108.0,0,0.0,321.3899,341.67,524.12,3.102443,-4.697,1.655,104,2049.492,1,1.521,3.176,0.364206707,6.352,203.90417,0.314861461,73.44827,2,0
165,Ag,,25.0,0.000194,-13.0,MDAMB231,H,Human,Epithelial,Breast,48,MTT,Tetrazolium Salt,cell metabolic activity,N,N,N,1.93,1.93,0.0,1,108.0,0,0.0,321.3899,341.67,524.12,3.102443,-4.697,1.655,104,2049.492,1,1.521,3.176,0.364206707,6.352,203.90417,0.314861461,80.0,2,0
166,Ag,,25.0,1.94e-05,-13.0,MDAMB231,H,Human,Epithelial,Breast,48,MTT,Tetrazolium Salt,cell metabolic activity,N,N,N,1.93,1.93,0.0,1,108.0,0,0.0,321.3899,341.67,524.12,3.102443,-4.697,1.655,104,2049.492,1,1.521,3.176,0.364206707,6.352,203.90417,0.314861461,90.344826,2,0
167,Ag,CKK,20.0,46.3529499,-20.0,Caco2,H,Human,Epithelial,Colon,24,CellTiter Blue,Alamar Blue,cell metabolic activity,N,N,N,1.93,1.93,0.0,1,107.868,0,0.0,321.3899,341.67,524.12,3.102443,-4.697,1.655,104,2049.492,1,1.521,3.176,0.364206707,6.352,203.90417,0.314861461,88.421,2,0
168,Ag,CKK,20.0,46.3529499,-20.0,Caco2,H,Human,Epithelial,Colon,30,CellTiter Blue,Alamar Blue,cell metabolic activity,N,N,N,1.93,1.93,0.0,1,107.868,0,0.0,321.3899,341.67,524.12,3.102443,-4.697,1.655,104,2049.492,1,1.521,3.176,0.364206707,6.352,203.90417,0.314861461,78.421,2,0
169,Ag,CKK,20.0,46.3529499,-20.0,Caco2,H,Human,Epithelial,Colon,48,CellTiter Blue,Alamar Blue,cell metabolic activity,N,N,N,1.93,1.93,0.0,1,107.868,0,0.0,321.3899,341.67,524.12,3.102443,-4.697,1.655,104,2049.492,1,1.521,3.176,0.364206707,6.352,203.90417,0.314861461,39.737,1,1
170,Ag,CKK,20.0,92.7058998,-20.0,Caco2,H,Human,Epithelial,Colon,24,CellTiter Blue,Alamar Blue,cell metabolic activity,N,N,N,1.93,1.93,0.0,1,107.868,0,0.0,321.3899,341.67,524.12,3.102443,-4.697,1.655,104,2049.492,1,1.521,3.176,0.364206707,6.352,203.90417,0.314861461,68.158,2,0
171,Ag,CKK,20.0,92.7058998,-20.0,Caco2,H,Human,Epithelial,Colon,30,CellTiter Blue,Alamar Blue,cell metabolic activity,N,N,N,1.93,1.93,0.0,1,107.868,0,0.0,321.3899,341.67,524.12,3.102443,-4.697,1.655,104,2049.492,1,1.521,3.176,0.364206707,6.352,203.90417,0.314861461,49.737,1,1
172,Ag,CKK,20.0,92.7058998,-20.0,Caco2,H,Human,Epithelial,Colon,48,CellTiter Blue,Alamar Blue,cell metabolic activity,N,N,N,1.93,1.93,0.0,1,107.868,0,0.0,321.3899,341.67,524.12,3.102443,-4.697,1.655,104,2049.492,1,1.521,3.176,0.364206707,6.352,203.90417,0.314861461,24.474,1,1
173,Ag,CKK,20.0,231.7647495,-20.0,Caco2,H,Human,Epithelial,Colon,24,CellTiter Blue,Alamar Blue,cell metabolic activity,N,N,N,1.93,1.93,0.0,1,107.868,0,0.0,321.3899,341.67,524.12,3.102443,-4.697,1.655,104,2049.492,1,1.521,3.176,0.364206707,6.352,203.90417,0.314861461,33.947,1,1
174,Ag,CKK,20.0,231.7647495,-20.0,Caco2,H,Human,Epithelial,Colon,30,CellTiter Blue,Alamar Blue,cell metabolic activity,N,N,N,1.93,1.93,0.0,1,107.868,0,0.0,321.3899,341.67,524.12,3.102443,-4.697,1.655,104,2049.492,1,1.521,3.176,0.364206707,6.352,203.90417,0.314861461,5.5263,1,1
175,Ag,CKK,20.0,231.7647495,-20.0,Caco2,H,Human,Epithelial,Colon,48,CellTiter Blue,Alamar Blue,cell metabolic activity,N,N,N,1.93,1.93,0.0,1,107.868,0,0.0,321.3899,341.67,524.12,3.102443,-4.697,1.655,104,2049.492,1,1.521,3.176,0.364206707,6.352,203.90417,0.314861461,4.2105,1,1
176,Ag,CKK,20.0,463.529499,-20.0,Caco2,H,Human,Epithelial,Colon,24,CellTiter Blue,Alamar Blue,cell metabolic activity,N,N,N,1.93,1.93,0.0,1,107.868,0,0.0,321.3899,341.67,524.12,3.102443,-4.697,1.655,104,2049.492,1,1.521,3.176,0.364206707,6.352,203.90417,0.314861461,20.526,1,1
177,Ag,CKK,20.0,463.529499,-20.0,Caco2,H,Human,Epithelial,Colon,30,CellTiter Blue,Alamar Blue,cell metabolic activity,N,N,N,1.93,1.93,0.0,1,107.868,0,0.0,321.3899,341.67,524.12,3.102443,-4.697,1.655,104,2049.492,1,1.521,3.176,0.364206707,6.352,203.90417,0.314861461,0.26316,1,1
178,Ag,CKK,20.0,463.529499,-20.0,Caco2,H,Human,Epithelial,Colon,48,CellTiter Blue,Alamar Blue,cell metabolic activity,N,N,N,1.93,1.93,0.0,1,107.868,0,0.0,321.3899,341.67,524.12,3.102443,-4.697,1.655,104,2049.492,1,1.521,3.176,0.364206707,6.352,203.90417,0.314861461,2.6316,1,1
179,Ag,CKK,20.0,927.058998,-20.0,Caco2,H,Human,Epithelial,Colon,24,CellTiter Blue,Alamar Blue,cell metabolic activity,N,N,N,1.93,1.93,0.0,1,107.868,0,0.0,321.3899,341.67,524.12,3.102443,-4.697,1.655,104,2049.492,1,1.521,3.176,0.364206707,6.352,203.90417,0.314861461,10.789,1,1
180,Ag,CKK,20.0,927.058998,-20.0,Caco2,H,Human,Epithelial,Colon,30,CellTiter Blue,Alamar Blue,cell metabolic activity,N,N,N,1.93,1.93,0.0,1,107.868,0,0.0,321.3899,341.67,524.12,3.102443,-4.697,1.655,104,2049.492,1,1.521,3.176,0.364206707,6.352,203.90417,0.314861461,0.26316,1,1
181,Ag,CKK,20.0,927.058998,-20.0,Caco2,H,Human,Epithelial,Colon,48,CellTiter Blue,Alamar Blue,cell metabolic activity,N,N,N,1.93,1.93,0.0,1,107.868,0,0.0,321.3899,341.67,524.12,3.102443,-4.697,1.655,104,2049.492,1,1.521,3.176,0.364206707,6.352,203.90417,0.314861461,2.3684,1,1
182,Ag,CKK,40.0,46.3529499,-20.0,Caco2,H,Human,Epithelial,Colon,24,CellTiter Blue,Alamar Blue,cell metabolic activity,N,N,N,1.93,1.93,0.0,1,107.868,0,0.0,321.3899,341.67,524.12,3.102443,-4.697,1.655,104,2049.492,1,1.521,3.176,0.364206707,6.352,203.90417,0.314861461,107.42,2,0
183,Ag,CKK,40.0,46.3529499,-20.0,Caco2,H,Human,Epithelial,Colon,30,CellTiter Blue,Alamar Blue,cell metabolic activity,N,N,N,1.93,1.93,0.0,1,107.868,0,0.0,321.3899,341.67,524.12,3.102443,-4.697,1.655,104,2049.492,1,1.521,3.176,0.364206707,6.352,203.90417,0.314861461,98.516,2,0
184,Ag,CKK,40.0,46.3529499,-20.0,Caco2,H,Human,Epithelial,Colon,48,CellTiter Blue,Alamar Blue,cell metabolic activity,N,N,N,1.93,1.93,0.0,1,107.868,0,0.0,321.3899,341.67,524.12,3.102443,-4.697,1.655,104,2049.492,1,1.521,3.176,0.364206707,6.352,203.90417,0.314861461,96.142,2,0
185,Ag,CKK,40.0,92.7058998,-20.0,Caco2,H,Human,Epithelial,Colon,24,CellTiter Blue,Alamar Blue,cell metabolic activity,N,N,N,1.93,1.93,0.0,1,107.868,0,0.0,321.3899,341.67,524.12,3.102443,-4.697,1.655,104,2049.492,1,1.521,3.176,0.364206707,6.352,203.90417,0.314861461,101.09,2,0
186,Ag,CKK,40.0,92.7058998,-20.0,Caco2,H,Human,Epithelial,Colon,30,CellTiter Blue,Alamar Blue,cell metabolic activity,N,N,N,1.93,1.93,0.0,1,107.868,0,0.0,321.3899,341.67,524.12,3.102443,-4.697,1.655,104,2049.492,1,1.521,3.176,0.364206707,6.352,203.90417,0.314861461,90.603,2,0
187,Ag,CKK,40.0,92.7058998,-20.0,Caco2,H,Human,Epithelial,Colon,48,CellTiter Blue,Alamar Blue,cell metabolic activity,N,N,N,1.93,1.93,0.0,1,107.868,0,0.0,321.3899,341.67,524.12,3.102443,-4.697,1.655,104,2049.492,1,1.521,3.176,0.364206707,6.352,203.90417,0.314861461,64.491,2,0
188,Ag,CKK,40.0,231.7647495,-20.0,Caco2,H,Human,Epithelial,Colon,24,CellTiter Blue,Alamar Blue,cell metabolic activity,N,N,N,1.93,1.93,0.0,1,107.868,0,0.0,321.3899,341.67,524.12,3.102443,-4.697,1.655,104,2049.492,1,1.521,3.176,0.364206707,6.352,203.90417,0.314861461,93.966,2,0
189,Ag,CKK,40.0,231.7647495,-20.0,Caco2,H,Human,Epithelial,Colon,30,CellTiter Blue,Alamar Blue,cell metabolic activity,N,N,N,1.93,1.93,0.0,1,107.868,0,0.0,321.3899,341.67,524.12,3.102443,-4.697,1.655,104,2049.492,1,1.521,3.176,0.364206707,6.352,203.90417,0.314861461,80.91,2,0
190,Ag,CKK,40.0,231.7647495,-20.0,Caco2,H,Human,Epithelial,Colon,48,CellTiter Blue,Alamar Blue,cell metabolic activity,N,N,N,1.93,1.93,0.0,1,107.868,0,0.0,321.3899,341.67,524.12,3.102443,-4.697,1.655,104,2049.492,1,1.521,3.176,0.364206707,6.352,203.90417,0.314861461,43.323,1,1
191,Ag,CKK,40.0,463.529499,-20.0,Caco2,H,Human,Epithelial,Colon,24,CellTiter Blue,Alamar Blue,cell metabolic activity,N,N,N,1.93,1.93,0.0,1,107.868,0,0.0,321.3899,341.67,524.12,3.102443,-4.697,1.655,104,2049.492,1,1.521,3.176,0.364206707,6.352,203.90417,0.314861461,72.601,2,0
192,Ag,CKK,40.0,463.529499,-20.0,Caco2,H,Human,Epithelial,Colon,30,CellTiter Blue,Alamar Blue,cell metabolic activity,N,N,N,1.93,1.93,0.0,1,107.868,0,0.0,321.3899,341.67,524.12,3.102443,-4.697,1.655,104,2049.492,1,1.521,3.176,0.364206707,6.352,203.90417,0.314861461,54.797,2,0
193,Ag,CKK,40.0,463.529499,-20.0,Caco2,H,Human,Epithelial,Colon,48,CellTiter Blue,Alamar Blue,cell metabolic activity,N,N,N,1.93,1.93,0.0,1,107.868,0,0.0,321.3899,341.67,524.12,3.102443,-4.697,1.655,104,2049.492,1,1.521,3.176,0.364206707,6.352,203.90417,0.314861461,26.706,1,1
194,Ag,CKK,40.0,927.058998,-20.0,Caco2,H,Human,Epithelial,Colon,24,CellTiter Blue,Alamar Blue,cell metabolic activity,N,N,N,1.93,1.93,0.0,1,107.868,0,0.0,321.3899,341.67,524.12,3.102443,-4.697,1.655,104,2049.492,1,1.521,3.176,0.364206707,6.352,203.90417,0.314861461,43.323,1,1
195,Ag,CKK,40.0,927.058998,-20.0,Caco2,H,Human,Epithelial,Colon,30,CellTiter Blue,Alamar Blue,cell metabolic activity,N,N,N,1.93,1.93,0.0,1,107.868,0,0.0,321.3899,341.67,524.12,3.102443,-4.697,1.655,104,2049.492,1,1.521,3.176,0.364206707,6.352,203.90417,0.314861461,26.706,1,1
196,Ag,CKK,40.0,927.058998,-20.0,Caco2,H,Human,Epithelial,Colon,48,CellTiter Blue,Alamar Blue,cell metabolic activity,N,N,N,1.93,1.93,0.0,1,107.868,0,0.0,321.3899,341.67,524.12,3.102443,-4.697,1.655,104,2049.492,1,1.521,3.176,0.364206707,6.352,203.90417,0.314861461,5.9347,1,1
197,Ag,,90.0,92.7058998,-20.0,Caco2,H,Human,Epithelial,Colon,24,CCK8,Tetrazolium Salt,cell metabolic activity,N,N,N,1.93,1.93,0.0,1,107.868,0,0.0,321.3899,341.67,524.12,3.102443,-4.697,1.655,104,2049.492,1,1.521,3.176,0.364206707,6.352,203.90417,0.314861461,79.17,2,0
198,Ag,,90.0,231.7647495,-20.0,Caco2,H,Human,Epithelial,Colon,24,CCK8,Tetrazolium Salt,cell metabolic activity,N,N,N,1.93,1.93,0.0,1,107.868,0,0.0,321.3899,341.67,524.12,3.102443,-4.697,1.655,104,2049.492,1,1.521,3.176,0.364206707,6.352,203.90417,0.314861461,63.44,2,0
199,Ag,,90.0,463.529499,-20.0,Caco2,H,Human,Epithelial,Colon,24,CCK8,Tetrazolium Salt,cell metabolic activity,N,N,N,1.93,1.93,0.0,1,107.868,0,0.0,321.3899,341.67,524.12,3.102443,-4.697,1.655,104,2049.492,1,1.521,3.176,0.364206707,6.352,203.90417,0.314861461,66.41,2,0
200,Ag,,90.0,927.058998,-20.0,Caco2,H,Human,Epithelial,Colon,24,CCK8,Tetrazolium Salt,cell metabolic activity,N,N,N,1.93,1.93,0.0,1,107.868,0,0.0,321.3899,341.67,524.12,3.102443,-4.697,1.655,104,2049.492,1,1.521,3.176,0.364206707,6.352,203.90417,0.314861461,68.69,2,0
201,Ag,,90.0,1854.117996,-20.0,Caco2,H,Human,Epithelial,Colon,24,CCK8,Tetrazolium Salt,cell metabolic activity,N,N,N,1.93,1.93,0.0,1,107.868,0,0.0,321.3899,341.67,524.12,3.102443,-4.697,1.655,104,2049.492,1,1.521,3.176,0.364206707,6.352,203.90417,0.314861461,63.25,2,0
202,Ag,,14.3,2.781176994,-26.5,THP1,H,Human,Monocyte,Blood,24,Alamar Blue,Alamar Blue,cell metabolic activity,N,N,N,1.93,1.93,0.0,1,107.868,0,0.0,321.3899,341.67,524.12,3.102443,-4.697,1.655,104,2049.492,1,1.521,3.176,0.364206707,6.352,203.90417,0.314861461,85.833,2,0
203,Ag,,14.3,5.794118738,-26.5,THP1,H,Human,Monocyte,Blood,24,Alamar Blue,Alamar Blue,cell metabolic activity,N,N,N,1.93,1.93,0.0,1,107.868,0,0.0,321.3899,341.67,524.12,3.102443,-4.697,1.655,104,2049.492,1,1.521,3.176,0.364206707,6.352,203.90417,0.314861461,88.333,2,0
204,Ag,,14.3,11.58823748,-26.5,THP1,H,Human,Monocyte,Blood,24,Alamar Blue,Alamar Blue,cell metabolic activity,N,N,N,1.93,1.93,0.0,1,107.868,0,0.0,321.3899,341.67,524.12,3.102443,-4.697,1.655,104,2049.492,1,1.521,3.176,0.364206707,6.352,203.90417,0.314861461,87.222,2,0
205,Ag,,14.3,23.17647495,-26.5,THP1,H,Human,Monocyte,Blood,24,Alamar Blue,Alamar Blue,cell metabolic activity,N,N,N,1.93,1.93,0.0,1,107.868,0,0.0,321.3899,341.67,524.12,3.102443,-4.697,1.655,104,2049.492,1,1.521,3.176,0.364206707,6.352,203.90417,0.314861461,88.611,2,0
206,Ag,,14.3,46.3529499,-26.5,THP1,H,Human,Monocyte,Blood,24,Alamar Blue,Alamar Blue,cell metabolic activity,N,N,N,1.93,1.93,0.0,1,107.868,0,0.0,321.3899,341.67,524.12,3.102443,-4.697,1.655,104,2049.492,1,1.521,3.176,0.364206707,6.352,203.90417,0.314861461,44.167,1,1
207,Ag,Liposome,82.73,2.781176994,-31.9,THP1,H,Human,Monocyte,Blood,24,Alamar Blue,Alamar Blue,cell metabolic activity,N,N,N,1.93,1.93,0.0,1,107.868,0,0.0,321.3899,341.67,524.12,3.102443,-4.697,1.655,104,2049.492,1,1.521,3.176,0.364206707,6.352,203.90417,0.314861461,100.56,2,0
208,Ag,Liposome,82.73,5.794118738,-31.9,THP1,H,Human,Monocyte,Blood,24,Alamar Blue,Alamar Blue,cell metabolic activity,N,N,N,1.93,1.93,0.0,1,107.868,0,0.0,321.3899,341.67,524.12,3.102443,-4.697,1.655,104,2049.492,1,1.521,3.176,0.364206707,6.352,203.90417,0.314861461,100.83,2,0
209,Ag,Liposome,82.73,11.58823748,-31.9,THP1,H,Human,Monocyte,Blood,24,Alamar Blue,Alamar Blue,cell metabolic activity,N,N,N,1.93,1.93,0.0,1,107.868,0,0.0,321.3899,341.67,524.12,3.102443,-4.697,1.655,104,2049.492,1,1.521,3.176,0.364206707,6.352,203.90417,0.314861461,96.944,2,0
210,Ag,Liposome,82.73,23.17647495,-31.9,THP1,H,Human,Monocyte,Blood,24,Alamar Blue,Alamar Blue,cell metabolic activity,N,N,N,1.93,1.93,0.0,1,107.868,0,0.0,321.3899,341.67,524.12,3.102443,-4.697,1.655,104,2049.492,1,1.521,3.176,0.364206707,6.352,203.90417,0.314861461,73.889,2,0
211,Ag,Liposome,82.73,46.3529499,-31.9,THP1,H,Human,Monocyte,Blood,24,Alamar Blue,Alamar Blue,cell metabolic activity,N,N,N,1.93,1.93,0.0,1,107.868,0,0.0,321.3899,341.67,524.12,3.102443,-4.697,1.655,104,2049.492,1,1.521,3.176,0.364206707,6.352,203.90417,0.314861461,33.889,1,1
212,Ag,,14.3,2.781176994,-26.5,THP1,H,Human,Monocyte,Blood,48,Alamar Blue,Alamar Blue,cell metabolic activity,N,N,N,1.93,1.93,0.0,1,107.868,0,0.0,321.3899,341.67,524.12,3.102443,-4.697,1.655,104,2049.492,1,1.521,3.176,0.364206707,6.352,203.90417,0.314861461,86.28,2,0
213,Ag,,14.3,5.794118738,-26.5,THP1,H,Human,Monocyte,Blood,48,Alamar Blue,Alamar Blue,cell metabolic activity,N,N,N,1.93,1.93,0.0,1,107.868,0,0.0,321.3899,341.67,524.12,3.102443,-4.697,1.655,104,2049.492,1,1.521,3.176,0.364206707,6.352,203.90417,0.314861461,82.85,2,0
214,Ag,,14.3,11.58823748,-26.5,THP1,H,Human,Monocyte,Blood,48,Alamar Blue,Alamar Blue,cell metabolic activity,N,N,N,1.93,1.93,0.0,1,107.868,0,0.0,321.3899,341.67,524.12,3.102443,-4.697,1.655,104,2049.492,1,1.521,3.176,0.364206707,6.352,203.90417,0.314861461,81.794,2,0
215,Ag,,14.3,23.17647495,-26.5,THP1,H,Human,Monocyte,Blood,48,Alamar Blue,Alamar Blue,cell metabolic activity,N,N,N,1.93,1.93,0.0,1,107.868,0,0.0,321.3899,341.67,524.12,3.102443,-4.697,1.655,104,2049.492,1,1.521,3.176,0.364206707,6.352,203.90417,0.314861461,77.045,2,0
216,Ag,,14.3,46.3529499,-26.5,THP1,H,Human,Monocyte,Blood,48,Alamar Blue,Alamar Blue,cell metabolic activity,N,N,N,1.93,1.93,0.0,1,107.868,0,0.0,321.3899,341.67,524.12,3.102443,-4.697,1.655,104,2049.492,1,1.521,3.176,0.364206707,6.352,203.90417,0.314861461,22.691,1,1
217,Ag,Liposome,82.73,2.781176994,-31.9,THP1,H,Human,Monocyte,Blood,48,Alamar Blue,Alamar Blue,cell metabolic activity,N,N,N,1.93,1.93,0.0,1,107.868,0,0.0,321.3899,341.67,524.12,3.102443,-4.697,1.655,104,2049.492,1,1.521,3.176,0.364206707,6.352,203.90417,0.314861461,85.752,2,0
218,Ag,Liposome,82.73,5.794118738,-31.9,THP1,H,Human,Monocyte,Blood,48,Alamar Blue,Alamar Blue,cell metabolic activity,N,N,N,1.93,1.93,0.0,1,107.868,0,0.0,321.3899,341.67,524.12,3.102443,-4.697,1.655,104,2049.492,1,1.521,3.176,0.364206707,6.352,203.90417,0.314861461,85.752,2,0
219,Ag,Liposome,82.73,11.58823748,-31.9,THP1,H,Human,Monocyte,Blood,48,Alamar Blue,Alamar Blue,cell metabolic activity,N,N,N,1.93,1.93,0.0,1,107.868,0,0.0,321.3899,341.67,524.12,3.102443,-4.697,1.655,104,2049.492,1,1.521,3.176,0.364206707,6.352,203.90417,0.314861461,82.586,2,0
220,Ag,Liposome,82.73,23.17647495,-31.9,THP1,H,Human,Monocyte,Blood,48,Alamar Blue,Alamar Blue,cell metabolic activity,N,N,N,1.93,1.93,0.0,1,107.868,0,0.0,321.3899,341.67,524.12,3.102443,-4.697,1.655,104,2049.492,1,1.521,3.176,0.364206707,6.352,203.90417,0.314861461,30.343,1,1
221,Ag,Liposome,82.73,46.3529499,-31.9,THP1,H,Human,Monocyte,Blood,48,Alamar Blue,Alamar Blue,cell metabolic activity,N,N,N,1.93,1.93,0.0,1,107.868,0,0.0,321.3899,341.67,524.12,3.102443,-4.697,1.655,104,2049.492,1,1.521,3.176,0.364206707,6.352,203.90417,0.314861461,13.984,1,1
222,Ag,,43.9,9.27058998,-16.8,RAW264.7,A,Mouse,Monocyte/Macrophage,Ascites,72,MTT,Tetrazolium Salt,cell metabolic activity,N,N,N,1.93,1.93,0.0,1,107.868,0,0.0,321.3899,341.67,524.12,3.102443,-4.697,1.655,104,2049.492,1,1.521,3.176,0.364206707,6.352,203.90417,0.314861461,91.262,2,0
223,Ag,,43.9,27.81176994,-16.8,RAW264.7,A,Mouse,Monocyte/Macrophage,Ascites,72,MTT,Tetrazolium Salt,cell metabolic activity,N,N,N,1.93,1.93,0.0,1,107.868,0,0.0,321.3899,341.67,524.12,3.102443,-4.697,1.655,104,2049.492,1,1.521,3.176,0.364206707,6.352,203.90417,0.314861461,87.5,2,0
224,Ag,,43.9,92.7058998,-16.8,RAW264.7,A,Mouse,Monocyte/Macrophage,Ascites,72,MTT,Tetrazolium Salt,cell metabolic activity,N,N,N,1.93,1.93,0.0,1,107.868,0,0.0,321.3899,341.67,524.12,3.102443,-4.697,1.655,104,2049.492,1,1.521,3.176,0.364206707,6.352,203.90417,0.314861461,81.553,2,0
225,Ag,,43.9,278.1176994,-16.8,RAW264.7,A,Mouse,Monocyte/Macrophage,Ascites,72,MTT,Tetrazolium Salt,cell metabolic activity,N,N,N,1.93,1.93,0.0,1,107.868,0,0.0,321.3899,341.67,524.12,3.102443,-4.697,1.655,104,2049.492,1,1.521,3.176,0.364206707,6.352,203.90417,0.314861461,52.306,2,0
226,Ag,,43.9,927.058998,-16.8,RAW264.7,A,Mouse,Monocyte/Macrophage,Ascites,72,MTT,Tetrazolium Salt,cell metabolic activity,N,N,N,1.93,1.93,0.0,1,107.868,0,0.0,321.3899,341.67,524.12,3.102443,-4.697,1.655,104,2049.492,1,1.521,3.176,0.364206707,6.352,203.90417,0.314861461,30.097,1,1
227,Ag,,21.8,868.0980458,-16.8,HepG2,H,Human,Epithelial,Liver,24,MTT,Tetrazolium Salt,cell metabolic activity,N,N,N,1.93,1.93,0.0,1,107.868,0,0.0,321.3899,341.67,524.12,3.102443,-4.697,1.655,104,2049.492,1,1.521,3.176,0.364206707,6.352,203.90417,0.314861461,92.676,2,0
228,Ag,,21.8,1302.517892,-16.8,HepG2,H,Human,Epithelial,Liver,24,MTT,Tetrazolium Salt,cell metabolic activity,N,N,N,1.93,1.93,0.0,1,107.868,0,0.0,321.3899,341.67,524.12,3.102443,-4.697,1.655,104,2049.492,1,1.521,3.176,0.364206707,6.352,203.90417,0.314861461,90.986,2,0
229,Ag,,21.8,1953.313309,-16.8,HepG2,H,Human,Epithelial,Liver,24,MTT,Tetrazolium Salt,cell metabolic activity,N,N,N,1.93,1.93,0.0,1,107.868,0,0.0,321.3899,341.67,524.12,3.102443,-4.697,1.655,104,2049.492,1,1.521,3.176,0.364206707,6.352,203.90417,0.314861461,90.141,2,0
230,Ag,,21.8,2930.433493,-16.8,HepG2,H,Human,Epithelial,Liver,24,MTT,Tetrazolium Salt,cell metabolic activity,N,N,N,1.93,1.93,0.0,1,107.868,0,0.0,321.3899,341.67,524.12,3.102443,-4.697,1.655,104,2049.492,1,1.521,3.176,0.364206707,6.352,203.90417,0.314861461,89.296,2,0
231,Ag,,21.8,4395.18671,-16.8,HepG2,H,Human,Epithelial,Liver,24,MTT,Tetrazolium Salt,cell metabolic activity,N,N,N,1.93,1.93,0.0,1,107.868,0,0.0,321.3899,341.67,524.12,3.102443,-4.697,1.655,104,2049.492,1,1.521,3.176,0.364206707,6.352,203.90417,0.314861461,88.451,2,0
232,Ag,,21.8,6592.316535,-16.8,HepG2,H,Human,Epithelial,Liver,24,MTT,Tetrazolium Salt,cell metabolic activity,N,N,N,1.93,1.93,0.0,1,107.868,0,0.0,321.3899,341.67,524.12,3.102443,-4.697,1.655,104,2049.492,1,1.521,3.176,0.364206707,6.352,203.90417,0.314861461,87.606,2,0
233,Ag,,21.8,9891.719509,-16.8,HepG2,H,Human,Epithelial,Liver,24,MTT,Tetrazolium Salt,cell metabolic activity,N,N,N,1.93,1.93,0.0,1,107.868,0,0.0,321.3899,341.67,524.12,3.102443,-4.697,1.655,104,2049.492,1,1.521,3.176,0.364206707,6.352,203.90417,0.314861461,85.07,2,0
234,Ag,,21.8,14832.94397,-16.8,HepG2,H,Human,Epithelial,Liver,24,MTT,Tetrazolium Salt,cell metabolic activity,N,N,N,1.93,1.93,0.0,1,107.868,0,0.0,321.3899,341.67,524.12,3.102443,-4.697,1.655,104,2049.492,1,1.521,3.176,0.364206707,6.352,203.90417,0.314861461,79.437,2,0
235,Ag,,65.0,231.7647495,-30.0,A549,H,Human,Epithelial,Lung,24,MTT,Tetrazolium Salt,cell metabolic activity,N,N,N,1.93,1.93,0.0,1,107.868,0,0.0,321.3899,341.67,524.12,3.102443,-4.697,1.655,104,2049.492,1,1.521,3.176,0.364206707,6.352,203.90417,0.314861461,92.269,2,0
236,Ag,,65.0,463.529499,-30.0,A549,H,Human,Epithelial,Lung,24,MTT,Tetrazolium Salt,cell metabolic activity,N,N,N,1.93,1.93,0.0,1,107.868,0,0.0,321.3899,341.67,524.12,3.102443,-4.697,1.655,104,2049.492,1,1.521,3.176,0.364206707,6.352,203.90417,0.314861461,81.345,2,0
237,Ag,,65.0,927.058998,-30.0,A549,H,Human,Epithelial,Lung,24,MTT,Tetrazolium Salt,cell metabolic activity,N,N,N,1.93,1.93,0.0,1,107.868,0,0.0,321.3899,341.67,524.12,3.102443,-4.697,1.655,104,2049.492,1,1.521,3.176,0.364206707,6.352,203.90417,0.314861461,76.975,2,0
238,Ag,,65.0,1854.117996,-30.0,A549,H,Human,Epithelial,Lung,24,MTT,Tetrazolium Salt,cell metabolic activity,N,N,N,1.93,1.93,0.0,1,107.868,0,0.0,321.3899,341.67,524.12,3.102443,-4.697,1.655,104,2049.492,1,1.521,3.176,0.364206707,6.352,203.90417,0.314861461,67.563,2,0
239,Ag,,65.0,231.7647495,-30.0,A549,H,Human,Epithelial,Lung,48,MTT,Tetrazolium Salt,cell metabolic activity,N,N,N,1.93,1.93,0.0,1,107.868,0,0.0,321.3899,341.67,524.12,3.102443,-4.697,1.655,104,2049.492,1,1.521,3.176,0.364206707,6.352,203.90417,0.314861461,90.588,2,0
240,Ag,,65.0,463.529499,-30.0,A549,H,Human,Epithelial,Lung,48,MTT,Tetrazolium Salt,cell metabolic activity,N,N,N,1.93,1.93,0.0,1,107.868,0,0.0,321.3899,341.67,524.12,3.102443,-4.697,1.655,104,2049.492,1,1.521,3.176,0.364206707,6.352,203.90417,0.314861461,74.286,2,0
241,Ag,,65.0,927.058998,-30.0,A549,H,Human,Epithelial,Lung,48,MTT,Tetrazolium Salt,cell metabolic activity,N,N,N,1.93,1.93,0.0,1,107.868,0,0.0,321.3899,341.67,524.12,3.102443,-4.697,1.655,104,2049.492,1,1.521,3.176,0.364206707,6.352,203.90417,0.314861461,60.168,2,0
242,Ag,,65.0,1854.117996,-30.0,A549,H,Human,Epithelial,Lung,48,MTT,Tetrazolium Salt,cell metabolic activity,N,N,N,1.93,1.93,0.0,1,107.868,0,0.0,321.3899,341.67,524.12,3.102443,-4.697,1.655,104,2049.492,1,1.521,3.176,0.364206707,6.352,203.90417,0.314861461,48.235,1,1
243,Ag,Citrate,50.0,115.8823748,-35.0,A549,H,Human,Epithelial,Lung,24,MTS,Tetrazolium Salt,cell metabolic activity,N,N,N,1.93,1.93,0.0,1,107.868,0,0.0,321.3899,341.67,524.12,3.102443,-4.697,1.655,104,2049.492,1,1.521,3.176,0.364206707,6.352,203.90417,0.314861461,96.419,2,0
244,Ag,Citrate,50.0,231.7647495,-35.0,A549,H,Human,Epithelial,Lung,24,MTS,Tetrazolium Salt,cell metabolic activity,N,N,N,1.93,1.93,0.0,1,107.868,0,0.0,321.3899,341.67,524.12,3.102443,-4.697,1.655,104,2049.492,1,1.521,3.176,0.364206707,6.352,203.90417,0.314861461,94.373,2,0
245,Ag,Citrate,50.0,463.529499,-35.0,A549,H,Human,Epithelial,Lung,24,MTS,Tetrazolium Salt,cell metabolic activity,N,N,N,1.93,1.93,0.0,1,107.868,0,0.0,321.3899,341.67,524.12,3.102443,-4.697,1.655,104,2049.492,1,1.521,3.176,0.364206707,6.352,203.90417,0.314861461,68.031,2,0
246,Ag,Citrate,50.0,927.058998,-35.0,A549,H,Human,Epithelial,Lung,24,MTS,Tetrazolium Salt,cell metabolic activity,N,N,N,1.93,1.93,0.0,1,107.868,0,0.0,321.3899,341.67,524.12,3.102443,-4.697,1.655,104,2049.492,1,1.521,3.176,0.364206707,6.352,203.90417,0.314861461,41.432,1,1
247,Ag,Citrate-Lactose,50.0,115.8823748,-31.0,A549,H,Human,Epithelial,Lung,24,MTS,Tetrazolium Salt,cell metabolic activity,N,N,N,1.93,1.93,0.0,1,107.868,0,0.0,321.3899,341.67,524.12,3.102443,-4.697,1.655,104,2049.492,1,1.521,3.176,0.364206707,6.352,203.90417,0.314861461,96.675,2,0
248,Ag,Citrate-Lactose,50.0,231.7647495,-31.0,A549,H,Human,Epithelial,Lung,24,MTS,Tetrazolium Salt,cell metabolic activity,N,N,N,1.93,1.93,0.0,1,107.868,0,0.0,321.3899,341.67,524.12,3.102443,-4.697,1.655,104,2049.492,1,1.521,3.176,0.364206707,6.352,203.90417,0.314861461,95.908,2,0
249,Ag,Citrate-Lactose,50.0,463.529499,-31.0,A549,H,Human,Epithelial,Lung,24,MTS,Tetrazolium Salt,cell metabolic activity,N,N,N,1.93,1.93,0.0,1,107.868,0,0.0,321.3899,341.67,524.12,3.102443,-4.697,1.655,104,2049.492,1,1.521,3.176,0.364206707,6.352,203.90417,0.314861461,74.936,2,0
250,Ag,Citrate-Lactose,50.0,927.058998,-31.0,A549,H,Human,Epithelial,Lung,24,MTS,Tetrazolium Salt,cell metabolic activity,N,N,N,1.93,1.93,0.0,1,107.868,0,0.0,321.3899,341.67,524.12,3.102443,-4.697,1.655,104,2049.492,1,1.521,3.176,0.364206707,6.352,203.90417,0.314861461,44.757,1,1
251,Ag,Citrate-Oligonucleotide,50.0,115.8823748,-30.0,A549,H,Human,Epithelial,Lung,24,MTS,Tetrazolium Salt,cell metabolic activity,N,N,N,1.93,1.93,0.0,1,107.868,0,0.0,321.3899,341.67,524.12,3.102443,-4.697,1.655,104,2049.492,1,1.521,3.176,0.364206707,6.352,203.90417,0.314861461,98.465,2,0
252,Ag,Citrate-Oligonucleotide,50.0,231.7647495,-30.0,A549,H,Human,Epithelial,Lung,24,MTS,Tetrazolium Salt,cell metabolic activity,N,N,N,1.93,1.93,0.0,1,107.868,0,0.0,321.3899,341.67,524.12,3.102443,-4.697,1.655,104,2049.492,1,1.521,3.176,0.364206707,6.352,203.90417,0.314861461,96.419,2,0
253,Ag,Citrate-Oligonucleotide,50.0,463.529499,-30.0,A549,H,Human,Epithelial,Lung,24,MTS,Tetrazolium Salt,cell metabolic activity,N,N,N,1.93,1.93,0.0,1,107.868,0,0.0,321.3899,341.67,524.12,3.102443,-4.697,1.655,104,2049.492,1,1.521,3.176,0.364206707,6.352,203.90417,0.314861461,77.238,2,0
254,Ag,Citrate-Oligonucleotide,50.0,927.058998,-30.0,A549,H,Human,Epithelial,Lung,24,MTS,Tetrazolium Salt,cell metabolic activity,N,N,N,1.93,1.93,0.0,1,107.868,0,0.0,321.3899,341.67,524.12,3.102443,-4.697,1.655,104,2049.492,1,1.521,3.176,0.364206707,6.352,203.90417,0.314861461,77.238,2,0
255,Ag,Citrate,50.0,115.8823748,-35.0,A549,H,Human,Epithelial,Lung,48,MTS,Tetrazolium Salt,cell metabolic activity,N,N,N,1.93,1.93,0.0,1,107.868,0,0.0,321.3899,341.67,524.12,3.102443,-4.697,1.655,104,2049.492,1,1.521,3.176,0.364206707,6.352,203.90417,0.314861461,77.556,2,0
256,Ag,Citrate,50.0,231.7647495,-35.0,A549,H,Human,Epithelial,Lung,48,MTS,Tetrazolium Salt,cell metabolic activity,N,N,N,1.93,1.93,0.0,1,107.868,0,0.0,321.3899,341.67,524.12,3.102443,-4.697,1.655,104,2049.492,1,1.521,3.176,0.364206707,6.352,203.90417,0.314861461,66.334,2,0
257,Ag,Citrate,50.0,463.529499,-35.0,A549,H,Human,Epithelial,Lung,48,MTS,Tetrazolium Salt,cell metabolic activity,N,N,N,1.93,1.93,0.0,1,107.868,0,0.0,321.3899,341.67,524.12,3.102443,-4.697,1.655,104,2049.492,1,1.521,3.176,0.364206707,6.352,203.90417,0.314861461,58.603,2,0
258,Ag,Citrate,50.0,927.058998,-35.0,A549,H,Human,Epithelial,Lung,48,MTS,Tetrazolium Salt,cell metabolic activity,N,N,N,1.93,1.93,0.0,1,107.868,0,0.0,321.3899,341.67,524.12,3.102443,-4.697,1.655,104,2049.492,1,1.521,3.176,0.364206707,6.352,203.90417,0.314861461,31.671,1,1
259,Ag,Citrate-Lactose,50.0,115.8823748,-31.0,A549,H,Human,Epithelial,Lung,48,MTS,Tetrazolium Salt,cell metabolic activity,N,N,N,1.93,1.93,0.0,1,107.868,0,0.0,321.3899,341.67,524.12,3.102443,-4.697,1.655,104,2049.492,1,1.521,3.176,0.364206707,6.352,203.90417,0.314861461,97.007,2,0
260,Ag,Citrate-Lactose,50.0,231.7647495,-31.0,A549,H,Human,Epithelial,Lung,48,MTS,Tetrazolium Salt,cell metabolic activity,N,N,N,1.93,1.93,0.0,1,107.868,0,0.0,321.3899,341.67,524.12,3.102443,-4.697,1.655,104,2049.492,1,1.521,3.176,0.364206707,6.352,203.90417,0.314861461,78.803,2,0
261,Ag,Citrate-Lactose,50.0,463.529499,-31.0,A549,H,Human,Epithelial,Lung,48,MTS,Tetrazolium Salt,cell metabolic activity,N,N,N,1.93,1.93,0.0,1,107.868,0,0.0,321.3899,341.67,524.12,3.102443,-4.697,1.655,104,2049.492,1,1.521,3.176,0.364206707,6.352,203.90417,0.314861461,70.324,2,0
262,Ag,Citrate-Lactose,50.0,927.058998,-31.0,A549,H,Human,Epithelial,Lung,48,MTS,Tetrazolium Salt,cell metabolic activity,N,N,N,1.93,1.93,0.0,1,107.868,0,0.0,321.3899,341.67,524.12,3.102443,-4.697,1.655,104,2049.492,1,1.521,3.176,0.364206707,6.352,203.90417,0.314861461,35.162,1,1
263,Ag,Citrate-Oligonucleotide,50.0,115.8823748,-30.0,A549,H,Human,Epithelial,Lung,48,MTS,Tetrazolium Salt,cell metabolic activity,N,N,N,1.93,1.93,0.0,1,107.868,0,0.0,321.3899,341.67,524.12,3.102443,-4.697,1.655,104,2049.492,1,1.521,3.176,0.364206707,6.352,203.90417,0.314861461,93.766,2,0
264,Ag,Citrate-Oligonucleotide,50.0,231.7647495,-30.0,A549,H,Human,Epithelial,Lung,48,MTS,Tetrazolium Salt,cell metabolic activity,N,N,N,1.93,1.93,0.0,1,107.868,0,0.0,321.3899,341.67,524.12,3.102443,-4.697,1.655,104,2049.492,1,1.521,3.176,0.364206707,6.352,203.90417,0.314861461,75.561,2,0
265,Ag,Citrate-Oligonucleotide,50.0,463.529499,-30.0,A549,H,Human,Epithelial,Lung,48,MTS,Tetrazolium Salt,cell metabolic activity,N,N,N,1.93,1.93,0.0,1,107.868,0,0.0,321.3899,341.67,524.12,3.102443,-4.697,1.655,104,2049.492,1,1.521,3.176,0.364206707,6.352,203.90417,0.314861461,66.584,2,0
266,Ag,Citrate-Oligonucleotide,50.0,927.058998,-30.0,A549,H,Human,Epithelial,Lung,48,MTS,Tetrazolium Salt,cell metabolic activity,N,N,N,1.93,1.93,0.0,1,107.868,0,0.0,321.3899,341.67,524.12,3.102443,-4.697,1.655,104,2049.492,1,1.521,3.176,0.364206707,6.352,203.90417,0.314861461,70.324,2,0
267,Ag,Citrate,50.0,115.8823748,-35.0,A549,H,Human,Epithelial,Lung,72,MTS,Tetrazolium Salt,cell metabolic activity,N,N,N,1.93,1.93,0.0,1,107.868,0,0.0,321.3899,341.67,524.12,3.102443,-4.697,1.655,104,2049.492,1,1.521,3.176,0.364206707,6.352,203.90417,0.314861461,77.635,2,0
268,Ag,Citrate,50.0,231.7647495,-35.0,A549,H,Human,Epithelial,Lung,72,MTS,Tetrazolium Salt,cell metabolic activity,N,N,N,1.93,1.93,0.0,1,107.868,0,0.0,321.3899,341.67,524.12,3.102443,-4.697,1.655,104,2049.492,1,1.521,3.176,0.364206707,6.352,203.90417,0.314861461,41.902,1,1
269,Ag,Citrate,50.0,463.529499,-35.0,A549,H,Human,Epithelial,Lung,72,MTS,Tetrazolium Salt,cell metabolic activity,N,N,N,1.93,1.93,0.0,1,107.868,0,0.0,321.3899,341.67,524.12,3.102443,-4.697,1.655,104,2049.492,1,1.521,3.176,0.364206707,6.352,203.90417,0.314861461,40.103,1,1
270,Ag,Citrate,50.0,927.058998,-35.0,A549,H,Human,Epithelial,Lung,72,MTS,Tetrazolium Salt,cell metabolic activity,N,N,N,1.93,1.93,0.0,1,107.868,0,0.0,321.3899,341.67,524.12,3.102443,-4.697,1.655,104,2049.492,1,1.521,3.176,0.364206707,6.352,203.90417,0.314861461,28.278,1,1
271,Ag,Citrate-Lactose,50.0,115.8823748,-31.0,A549,H,Human,Epithelial,Lung,72,MTS,Tetrazolium Salt,cell metabolic activity,N,N,N,1.93,1.93,0.0,1,107.868,0,0.0,321.3899,341.67,524.12,3.102443,-4.697,1.655,104,2049.492,1,1.521,3.176,0.364206707,6.352,203.90417,0.314861461,95.373,2,0
272,Ag,Citrate-Lactose,50.0,231.7647495,-31.0,A549,H,Human,Epithelial,Lung,72,MTS,Tetrazolium Salt,cell metabolic activity,N,N,N,1.93,1.93,0.0,1,107.868,0,0.0,321.3899,341.67,524.12,3.102443,-4.697,1.655,104,2049.492,1,1.521,3.176,0.364206707,6.352,203.90417,0.314861461,66.838,2,0
273,Ag,Citrate-Lactose,50.0,463.529499,-31.0,A549,H,Human,Epithelial,Lung,72,MTS,Tetrazolium Salt,cell metabolic activity,N,N,N,1.93,1.93,0.0,1,107.868,0,0.0,321.3899,341.67,524.12,3.102443,-4.697,1.655,104,2049.492,1,1.521,3.176,0.364206707,6.352,203.90417,0.314861461,67.352,2,0
274,Ag,Citrate-Lactose,50.0,927.058998,-31.0,A549,H,Human,Epithelial,Lung,72,MTS,Tetrazolium Salt,cell metabolic activity,N,N,N,1.93,1.93,0.0,1,107.868,0,0.0,321.3899,341.67,524.12,3.102443,-4.697,1.655,104,2049.492,1,1.521,3.176,0.364206707,6.352,203.90417,0.314861461,33.676,1,1
275,Ag,Citrate-Oligonucleotide,50.0,115.8823748,-30.0,A549,H,Human,Epithelial,Lung,72,MTS,Tetrazolium Salt,cell metabolic activity,N,N,N,1.93,1.93,0.0,1,107.868,0,0.0,321.3899,341.67,524.12,3.102443,-4.697,1.655,104,2049.492,1,1.521,3.176,0.364206707,6.352,203.90417,0.314861461,75.064,2,0
276,Ag,Citrate-Oligonucleotide,50.0,231.7647495,-30.0,A549,H,Human,Epithelial,Lung,72,MTS,Tetrazolium Salt,cell metabolic activity,N,N,N,1.93,1.93,0.0,1,107.868,0,0.0,321.3899,341.67,524.12,3.102443,-4.697,1.655,104,2049.492,1,1.521,3.176,0.364206707,6.352,203.90417,0.314861461,67.352,2,0
277,Ag,Citrate-Oligonucleotide,50.0,463.529499,-30.0,A549,H,Human,Epithelial,Lung,72,MTS,Tetrazolium Salt,cell metabolic activity,N,N,N,1.93,1.93,0.0,1,107.868,0,0.0,321.3899,341.67,524.12,3.102443,-4.697,1.655,104,2049.492,1,1.521,3.176,0.364206707,6.352,203.90417,0.314861461,67.095,2,0
278,Ag,Citrate-Oligonucleotide,50.0,927.058998,-30.0,A549,H,Human,Epithelial,Lung,72,MTS,Tetrazolium Salt,cell metabolic activity,N,N,N,1.93,1.93,0.0,1,107.868,0,0.0,321.3899,341.67,524.12,3.102443,-4.697,1.655,104,2049.492,1,1.521,3.176,0.364206707,6.352,203.90417,0.314861461,59.126,2,0
279,Ag,,29.57,185.4117996,-33.33,HeLa,H,Human,Epithelial,Cervix,24,Alamar Blue,Alamar Blue,cell metabolic activity,N,N,N,1.93,1.93,0.0,1,107.868,0,0.0,321.3899,341.67,524.12,3.102443,-4.697,1.655,104,2049.492,1,1.521,3.176,0.364206707,6.352,203.90417,0.314861461,92.346,2,0
280,Ag,,29.57,370.8235992,-33.33,HeLa,H,Human,Epithelial,Cervix,24,Alamar Blue,Alamar Blue,cell metabolic activity,N,N,N,1.93,1.93,0.0,1,107.868,0,0.0,321.3899,341.67,524.12,3.102443,-4.697,1.655,104,2049.492,1,1.521,3.176,0.364206707,6.352,203.90417,0.314861461,57.571,2,0
281,Ag,,29.57,556.2353988,-33.33,HeLa,H,Human,Epithelial,Cervix,24,Alamar Blue,Alamar Blue,cell metabolic activity,N,N,N,1.93,1.93,0.0,1,107.868,0,0.0,321.3899,341.67,524.12,3.102443,-4.697,1.655,104,2049.492,1,1.521,3.176,0.364206707,6.352,203.90417,0.314861461,50.749,2,0
282,Ag,,29.57,741.6471984,-33.33,HeLa,H,Human,Epithelial,Cervix,24,Alamar Blue,Alamar Blue,cell metabolic activity,N,N,N,1.93,1.93,0.0,1,107.868,0,0.0,321.3899,341.67,524.12,3.102443,-4.697,1.655,104,2049.492,1,1.521,3.176,0.364206707,6.352,203.90417,0.314861461,48.087,1,1
283,Ag,,29.57,927.058998,-33.33,HeLa,H,Human,Epithelial,Cervix,24,Alamar Blue,Alamar Blue,cell metabolic activity,N,N,N,1.93,1.93,0.0,1,107.868,0,0.0,321.3899,341.67,524.12,3.102443,-4.697,1.655,104,2049.492,1,1.521,3.176,0.364206707,6.352,203.90417,0.314861461,40.1,1,1
284,Ag,,29.57,1390.588497,-33.33,HeLa,H,Human,Epithelial,Cervix,24,Alamar Blue,Alamar Blue,cell metabolic activity,N,N,N,1.93,1.93,0.0,1,107.868,0,0.0,321.3899,341.67,524.12,3.102443,-4.697,1.655,104,2049.492,1,1.521,3.176,0.364206707,6.352,203.90417,0.314861461,38.769,1,1
285,Ag,,29.57,1854.117996,-33.33,HeLa,H,Human,Epithelial,Cervix,24,Alamar Blue,Alamar Blue,cell metabolic activity,N,N,N,1.93,1.93,0.0,1,107.868,0,0.0,321.3899,341.67,524.12,3.102443,-4.697,1.655,104,2049.492,1,1.521,3.176,0.364206707,6.352,203.90417,0.314861461,36.439,1,1
286,Ag,,29.57,2317.647495,-33.33,HeLa,H,Human,Epithelial,Cervix,24,Alamar Blue,Alamar Blue,cell metabolic activity,N,N,N,1.93,1.93,0.0,1,107.868,0,0.0,321.3899,341.67,524.12,3.102443,-4.697,1.655,104,2049.492,1,1.521,3.176,0.364206707,6.352,203.90417,0.314861461,32.113,1,1
287,Ag,,29.57,185.4117996,-33.33,HeLa,H,Human,Epithelial,Cervix,48,Alamar Blue,Alamar Blue,cell metabolic activity,N,N,N,1.93,1.93,0.0,1,107.868,0,0.0,321.3899,341.67,524.12,3.102443,-4.697,1.655,104,2049.492,1,1.521,3.176,0.364206707,6.352,203.90417,0.314861461,31.448,1,1
288,Ag,,29.57,370.8235992,-33.33,HeLa,H,Human,Epithelial,Cervix,48,Alamar Blue,Alamar Blue,cell metabolic activity,N,N,N,1.93,1.93,0.0,1,107.868,0,0.0,321.3899,341.67,524.12,3.102443,-4.697,1.655,104,2049.492,1,1.521,3.176,0.364206707,6.352,203.90417,0.314861461,10.649,1,1
289,Ag,,29.57,556.2353988,-33.33,HeLa,H,Human,Epithelial,Cervix,48,Alamar Blue,Alamar Blue,cell metabolic activity,N,N,N,1.93,1.93,0.0,1,107.868,0,0.0,321.3899,341.67,524.12,3.102443,-4.697,1.655,104,2049.492,1,1.521,3.176,0.364206707,6.352,203.90417,0.314861461,1.9967,1,1
290,Ag,,29.57,741.6471984,-33.33,HeLa,H,Human,Epithelial,Cervix,48,Alamar Blue,Alamar Blue,cell metabolic activity,N,N,N,1.93,1.93,0.0,1,107.868,0,0.0,321.3899,341.67,524.12,3.102443,-4.697,1.655,104,2049.492,1,1.521,3.176,0.364206707,6.352,203.90417,0.314861461,1.6639,1,1
291,Ag,,29.57,927.058998,-33.33,HeLa,H,Human,Epithelial,Cervix,48,Alamar Blue,Alamar Blue,cell metabolic activity,N,N,N,1.93,1.93,0.0,1,107.868,0,0.0,321.3899,341.67,524.12,3.102443,-4.697,1.655,104,2049.492,1,1.521,3.176,0.364206707,6.352,203.90417,0.314861461,0.99834,1,1
292,Ag,,29.57,1390.588497,-33.33,HeLa,H,Human,Epithelial,Cervix,48,Alamar Blue,Alamar Blue,cell metabolic activity,N,N,N,1.93,1.93,0.0,1,107.868,0,0.0,321.3899,341.67,524.12,3.102443,-4.697,1.655,104,2049.492,1,1.521,3.176,0.364206707,6.352,203.90417,0.314861461,0.66556,1,1
293,Ag,,29.57,1854.117996,-33.33,HeLa,H,Human,Epithelial,Cervix,48,Alamar Blue,Alamar Blue,cell metabolic activity,N,N,N,1.93,1.93,0.0,1,107.868,0,0.0,321.3899,341.67,524.12,3.102443,-4.697,1.655,104,2049.492,1,1.521,3.176,0.364206707,6.352,203.90417,0.314861461,0.0,1,1
294,Ag,,29.57,2317.647495,-33.33,HeLa,H,Human,Epithelial,Cervix,48,Alamar Blue,Alamar Blue,cell metabolic activity,N,N,N,1.93,1.93,0.0,1,107.868,0,0.0,321.3899,341.67,524.12,3.102443,-4.697,1.655,104,2049.492,1,1.521,3.176,0.364206707,6.352,203.90417,0.314861461,0.0,1,1
295,Ag,,29.57,185.4117996,-33.33,HeLa,H,Human,Epithelial,Cervix,72,Alamar Blue,Alamar Blue,cell metabolic activity,N,N,N,1.93,1.93,0.0,1,107.868,0,0.0,321.3899,341.67,524.12,3.102443,-4.697,1.655,104,2049.492,1,1.521,3.176,0.364206707,6.352,203.90417,0.314861461,15.308,1,1
296,Ag,,29.57,370.8235992,-33.33,HeLa,H,Human,Epithelial,Cervix,72,Alamar Blue,Alamar Blue,cell metabolic activity,N,N,N,1.93,1.93,0.0,1,107.868,0,0.0,321.3899,341.67,524.12,3.102443,-4.697,1.655,104,2049.492,1,1.521,3.176,0.364206707,6.352,203.90417,0.314861461,7.9867,1,1
297,Ag,,29.57,556.2353988,-33.33,HeLa,H,Human,Epithelial,Cervix,72,Alamar Blue,Alamar Blue,cell metabolic activity,N,N,N,1.93,1.93,0.0,1,107.868,0,0.0,321.3899,341.67,524.12,3.102443,-4.697,1.655,104,2049.492,1,1.521,3.176,0.364206707,6.352,203.90417,0.314861461,1.9967,1,1
298,Ag,,29.57,741.6471984,-33.33,HeLa,H,Human,Epithelial,Cervix,72,Alamar Blue,Alamar Blue,cell metabolic activity,N,N,N,1.93,1.93,0.0,1,107.868,0,0.0,321.3899,341.67,524.12,3.102443,-4.697,1.655,104,2049.492,1,1.521,3.176,0.364206707,6.352,203.90417,0.314861461,0.99834,1,1
299,Ag,,29.57,927.058998,-33.33,HeLa,H,Human,Epithelial,Cervix,72,Alamar Blue,Alamar Blue,cell metabolic activity,N,N,N,1.93,1.93,0.0,1,107.868,0,0.0,321.3899,341.67,524.12,3.102443,-4.697,1.655,104,2049.492,1,1.521,3.176,0.364206707,6.352,203.90417,0.314861461,0.99834,1,1
300,Ag,,29.57,1390.588497,-33.33,HeLa,H,Human,Epithelial,Cervix,72,Alamar Blue,Alamar Blue,cell metabolic activity,N,N,N,1.93,1.93,0.0,1,107.868,0,0.0,321.3899,341.67,524.12,3.102443,-4.697,1.655,104,2049.492,1,1.521,3.176,0.364206707,6.352,203.90417,0.314861461,0.0,1,1
301,Ag,,29.57,1854.117996,-33.33,HeLa,H,Human,Epithelial,Cervix,72,Alamar Blue,Alamar Blue,cell metabolic activity,N,N,N,1.93,1.93,0.0,1,107.868,0,0.0,321.3899,341.67,524.12,3.102443,-4.697,1.655,104,2049.492,1,1.521,3.176,0.364206707,6.352,203.90417,0.314861461,0.0,1,1
302,Ag,,29.57,2317.647495,-33.33,HeLa,H,Human,Epithelial,Cervix,72,Alamar Blue,Alamar Blue,cell metabolic activity,N,N,N,1.93,1.93,0.0,1,107.868,0,0.0,321.3899,341.67,524.12,3.102443,-4.697,1.655,104,2049.492,1,1.521,3.176,0.364206707,6.352,203.90417,0.314861461,0.0,1,1
303,Ag,,29.57,185.4117996,-33.33,HeLa,H,Human,Epithelial,Cervix,24,NRU,NeutralRed,cell metabolic activity,N,N,N,1.93,1.93,0.0,1,107.868,0,0.0,321.3899,341.67,524.12,3.102443,-4.697,1.655,104,2049.492,1,1.521,3.176,0.364206707,6.352,203.90417,0.314861461,86.111,2,0
304,Ag,,29.57,370.8235992,-33.33,HeLa,H,Human,Epithelial,Cervix,24,NRU,NeutralRed,cell metabolic activity,N,N,N,1.93,1.93,0.0,1,107.868,0,0.0,321.3899,341.67,524.12,3.102443,-4.697,1.655,104,2049.492,1,1.521,3.176,0.364206707,6.352,203.90417,0.314861461,71.759,2,0
305,Ag,,29.57,556.2353988,-33.33,HeLa,H,Human,Epithelial,Cervix,24,NRU,NeutralRed,cell metabolic activity,N,N,N,1.93,1.93,0.0,1,107.868,0,0.0,321.3899,341.67,524.12,3.102443,-4.697,1.655,104,2049.492,1,1.521,3.176,0.364206707,6.352,203.90417,0.314861461,67.284,2,0
306,Ag,,29.57,741.6471984,-33.33,HeLa,H,Human,Epithelial,Cervix,24,NRU,NeutralRed,cell metabolic activity,N,N,N,1.93,1.93,0.0,1,107.868,0,0.0,321.3899,341.67,524.12,3.102443,-4.697,1.655,104,2049.492,1,1.521,3.176,0.364206707,6.352,203.90417,0.314861461,66.358,2,0
307,Ag,,29.57,927.058998,-33.33,HeLa,H,Human,Epithelial,Cervix,24,NRU,NeutralRed,cell metabolic activity,N,N,N,1.93,1.93,0.0,1,107.868,0,0.0,321.3899,341.67,524.12,3.102443,-4.697,1.655,104,2049.492,1,1.521,3.176,0.364206707,6.352,203.90417,0.314861461,61.265,2,0
308,Ag,,29.57,1390.588497,-33.33,HeLa,H,Human,Epithelial,Cervix,24,NRU,NeutralRed,cell metabolic activity,N,N,N,1.93,1.93,0.0,1,107.868,0,0.0,321.3899,341.67,524.12,3.102443,-4.697,1.655,104,2049.492,1,1.521,3.176,0.364206707,6.352,203.90417,0.314861461,53.395,2,0
309,Ag,,29.57,1854.117996,-33.33,HeLa,H,Human,Epithelial,Cervix,24,NRU,NeutralRed,cell metabolic activity,N,N,N,1.93,1.93,0.0,1,107.868,0,0.0,321.3899,341.67,524.12,3.102443,-4.697,1.655,104,2049.492,1,1.521,3.176,0.364206707,6.352,203.90417,0.314861461,49.846,1,1
310,Ag,,29.57,2317.647495,-33.33,HeLa,H,Human,Epithelial,Cervix,24,NRU,NeutralRed,cell metabolic activity,N,N,N,1.93,1.93,0.0,1,107.868,0,0.0,321.3899,341.67,524.12,3.102443,-4.697,1.655,104,2049.492,1,1.521,3.176,0.364206707,6.352,203.90417,0.314861461,43.519,1,1
311,Ag,,29.57,185.4117996,-33.33,HeLa,H,Human,Epithelial,Cervix,48,NRU,NeutralRed,cell metabolic activity,N,N,N,1.93,1.93,0.0,1,107.868,0,0.0,321.3899,341.67,524.12,3.102443,-4.697,1.655,104,2049.492,1,1.521,3.176,0.364206707,6.352,203.90417,0.314861461,48.92,1,1
312,Ag,,29.57,370.8235992,-33.33,HeLa,H,Human,Epithelial,Cervix,48,NRU,NeutralRed,cell metabolic activity,N,N,N,1.93,1.93,0.0,1,107.868,0,0.0,321.3899,341.67,524.12,3.102443,-4.697,1.655,104,2049.492,1,1.521,3.176,0.364206707,6.352,203.90417,0.314861461,45.833,1,1
313,Ag,,29.57,556.2353988,-33.33,HeLa,H,Human,Epithelial,Cervix,48,NRU,NeutralRed,cell metabolic activity,N,N,N,1.93,1.93,0.0,1,107.868,0,0.0,321.3899,341.67,524.12,3.102443,-4.697,1.655,104,2049.492,1,1.521,3.176,0.364206707,6.352,203.90417,0.314861461,33.642,1,1
314,Ag,,29.57,741.6471984,-33.33,HeLa,H,Human,Epithelial,Cervix,48,NRU,NeutralRed,cell metabolic activity,N,N,N,1.93,1.93,0.0,1,107.868,0,0.0,321.3899,341.67,524.12,3.102443,-4.697,1.655,104,2049.492,1,1.521,3.176,0.364206707,6.352,203.90417,0.314861461,30.864,1,1
315,Ag,,29.57,927.058998,-33.33,HeLa,H,Human,Epithelial,Cervix,48,NRU,NeutralRed,cell metabolic activity,N,N,N,1.93,1.93,0.0,1,107.868,0,0.0,321.3899,341.67,524.12,3.102443,-4.697,1.655,104,2049.492,1,1.521,3.176,0.364206707,6.352,203.90417,0.314861461,29.167,1,1
316,Ag,,29.57,1390.588497,-33.33,HeLa,H,Human,Epithelial,Cervix,48,NRU,NeutralRed,cell metabolic activity,N,N,N,1.93,1.93,0.0,1,107.868,0,0.0,321.3899,341.67,524.12,3.102443,-4.697,1.655,104,2049.492,1,1.521,3.176,0.364206707,6.352,203.90417,0.314861461,26.389,1,1
317,Ag,,29.57,1854.117996,-33.33,HeLa,H,Human,Epithelial,Cervix,48,NRU,NeutralRed,cell metabolic activity,N,N,N,1.93,1.93,0.0,1,107.868,0,0.0,321.3899,341.67,524.12,3.102443,-4.697,1.655,104,2049.492,1,1.521,3.176,0.364206707,6.352,203.90417,0.314861461,27.623,1,1
318,Ag,,29.57,2317.647495,-33.33,HeLa,H,Human,Epithelial,Cervix,48,NRU,NeutralRed,cell metabolic activity,N,N,N,1.93,1.93,0.0,1,107.868,0,0.0,321.3899,341.67,524.12,3.102443,-4.697,1.655,104,2049.492,1,1.521,3.176,0.364206707,6.352,203.90417,0.314861461,22.222,1,1
319,Ag,,29.57,185.4117996,-33.33,HeLa,H,Human,Epithelial,Cervix,72,NRU,NeutralRed,cell metabolic activity,N,N,N,1.93,1.93,0.0,1,107.868,0,0.0,321.3899,341.67,524.12,3.102443,-4.697,1.655,104,2049.492,1,1.521,3.176,0.364206707,6.352,203.90417,0.314861461,45.062,1,1
320,Ag,,29.57,370.8235992,-33.33,HeLa,H,Human,Epithelial,Cervix,72,NRU,NeutralRed,cell metabolic activity,N,N,N,1.93,1.93,0.0,1,107.868,0,0.0,321.3899,341.67,524.12,3.102443,-4.697,1.655,104,2049.492,1,1.521,3.176,0.364206707,6.352,203.90417,0.314861461,40.741,1,1
321,Ag,,29.57,556.2353988,-33.33,HeLa,H,Human,Epithelial,Cervix,72,NRU,NeutralRed,cell metabolic activity,N,N,N,1.93,1.93,0.0,1,107.868,0,0.0,321.3899,341.67,524.12,3.102443,-4.697,1.655,104,2049.492,1,1.521,3.176,0.364206707,6.352,203.90417,0.314861461,30.864,1,1
322,Ag,,29.57,741.6471984,-33.33,HeLa,H,Human,Epithelial,Cervix,72,NRU,NeutralRed,cell metabolic activity,N,N,N,1.93,1.93,0.0,1,107.868,0,0.0,321.3899,341.67,524.12,3.102443,-4.697,1.655,104,2049.492,1,1.521,3.176,0.364206707,6.352,203.90417,0.314861461,27.932,1,1
323,Ag,,29.57,927.058998,-33.33,HeLa,H,Human,Epithelial,Cervix,72,NRU,NeutralRed,cell metabolic activity,N,N,N,1.93,1.93,0.0,1,107.868,0,0.0,321.3899,341.67,524.12,3.102443,-4.697,1.655,104,2049.492,1,1.521,3.176,0.364206707,6.352,203.90417,0.314861461,27.623,1,1
324,Ag,,29.57,1390.588497,-33.33,HeLa,H,Human,Epithelial,Cervix,72,NRU,NeutralRed,cell metabolic activity,N,N,N,1.93,1.93,0.0,1,107.868,0,0.0,321.3899,341.67,524.12,3.102443,-4.697,1.655,104,2049.492,1,1.521,3.176,0.364206707,6.352,203.90417,0.314861461,25.463,1,1
325,Ag,,29.57,1854.117996,-33.33,HeLa,H,Human,Epithelial,Cervix,72,NRU,NeutralRed,cell metabolic activity,N,N,N,1.93,1.93,0.0,1,107.868,0,0.0,321.3899,341.67,524.12,3.102443,-4.697,1.655,104,2049.492,1,1.521,3.176,0.364206707,6.352,203.90417,0.314861461,25.463,1,1
326,Ag,,29.57,2317.647495,-33.33,HeLa,H,Human,Epithelial,Cervix,72,NRU,NeutralRed,cell metabolic activity,N,N,N,1.93,1.93,0.0,1,107.868,0,0.0,321.3899,341.67,524.12,3.102443,-4.697,1.655,104,2049.492,1,1.521,3.176,0.364206707,6.352,203.90417,0.314861461,20.37,1,1
327,Ag,,29.57,185.4117996,-33.33,HeLa,H,Human,Epithelial,Cervix,24,MTT,Tetrazolium Salt,cell metabolic activity,N,N,N,1.93,1.93,0.0,1,107.868,0,0.0,321.3899,341.67,524.12,3.102443,-4.697,1.655,104,2049.492,1,1.521,3.176,0.364206707,6.352,203.90417,0.314861461,101.44,2,0
328,Ag,,29.57,370.8235992,-33.33,HeLa,H,Human,Epithelial,Cervix,24,MTT,Tetrazolium Salt,cell metabolic activity,N,N,N,1.93,1.93,0.0,1,107.868,0,0.0,321.3899,341.67,524.12,3.102443,-4.697,1.655,104,2049.492,1,1.521,3.176,0.364206707,6.352,203.90417,0.314861461,61.798,2,0
329,Ag,,29.57,556.2353988,-33.33,HeLa,H,Human,Epithelial,Cervix,24,MTT,Tetrazolium Salt,cell metabolic activity,N,N,N,1.93,1.93,0.0,1,107.868,0,0.0,321.3899,341.67,524.12,3.102443,-4.697,1.655,104,2049.492,1,1.521,3.176,0.364206707,6.352,203.90417,0.314861461,59.23,2,0
330,Ag,,29.57,741.6471984,-33.33,HeLa,H,Human,Epithelial,Cervix,24,MTT,Tetrazolium Salt,cell metabolic activity,N,N,N,1.93,1.93,0.0,1,107.868,0,0.0,321.3899,341.67,524.12,3.102443,-4.697,1.655,104,2049.492,1,1.521,3.176,0.364206707,6.352,203.90417,0.314861461,18.78,1,1
331,Ag,,29.57,927.058998,-33.33,HeLa,H,Human,Epithelial,Cervix,24,MTT,Tetrazolium Salt,cell metabolic activity,N,N,N,1.93,1.93,0.0,1,107.868,0,0.0,321.3899,341.67,524.12,3.102443,-4.697,1.655,104,2049.492,1,1.521,3.176,0.364206707,6.352,203.90417,0.314861461,16.533,1,1
332,Ag,,29.57,1390.588497,-33.33,HeLa,H,Human,Epithelial,Cervix,24,MTT,Tetrazolium Salt,cell metabolic activity,N,N,N,1.93,1.93,0.0,1,107.868,0,0.0,321.3899,341.67,524.12,3.102443,-4.697,1.655,104,2049.492,1,1.521,3.176,0.364206707,6.352,203.90417,0.314861461,13.483,1,1
333,Ag,,29.57,1854.117996,-33.33,HeLa,H,Human,Epithelial,Cervix,24,MTT,Tetrazolium Salt,cell metabolic activity,N,N,N,1.93,1.93,0.0,1,107.868,0,0.0,321.3899,341.67,524.12,3.102443,-4.697,1.655,104,2049.492,1,1.521,3.176,0.364206707,6.352,203.90417,0.314861461,12.841,1,1
334,Ag,,29.57,2317.647495,-33.33,HeLa,H,Human,Epithelial,Cervix,24,MTT,Tetrazolium Salt,cell metabolic activity,N,N,N,1.93,1.93,0.0,1,107.868,0,0.0,321.3899,341.67,524.12,3.102443,-4.697,1.655,104,2049.492,1,1.521,3.176,0.364206707,6.352,203.90417,0.314861461,11.236,1,1
335,Ag,,29.57,185.4117996,-33.33,HeLa,H,Human,Epithelial,Cervix,48,MTT,Tetrazolium Salt,cell metabolic activity,N,N,N,1.93,1.93,0.0,1,107.868,0,0.0,321.3899,341.67,524.12,3.102443,-4.697,1.655,104,2049.492,1,1.521,3.176,0.364206707,6.352,203.90417,0.314861461,9.6308,1,1
336,Ag,,29.57,370.8235992,-33.33,HeLa,H,Human,Epithelial,Cervix,48,MTT,Tetrazolium Salt,cell metabolic activity,N,N,N,1.93,1.93,0.0,1,107.868,0,0.0,321.3899,341.67,524.12,3.102443,-4.697,1.655,104,2049.492,1,1.521,3.176,0.364206707,6.352,203.90417,0.314861461,8.6677,1,1
337,Ag,,29.57,556.2353988,-33.33,HeLa,H,Human,Epithelial,Cervix,48,MTT,Tetrazolium Salt,cell metabolic activity,N,N,N,1.93,1.93,0.0,1,107.868,0,0.0,321.3899,341.67,524.12,3.102443,-4.697,1.655,104,2049.492,1,1.521,3.176,0.364206707,6.352,203.90417,0.314861461,7.3836,1,1
338,Ag,,29.57,741.6471984,-33.33,HeLa,H,Human,Epithelial,Cervix,48,MTT,Tetrazolium Salt,cell metabolic activity,N,N,N,1.93,1.93,0.0,1,107.868,0,0.0,321.3899,341.67,524.12,3.102443,-4.697,1.655,104,2049.492,1,1.521,3.176,0.364206707,6.352,203.90417,0.314861461,6.4205,1,1
339,Ag,,29.57,927.058998,-33.33,HeLa,H,Human,Epithelial,Cervix,48,MTT,Tetrazolium Salt,cell metabolic activity,N,N,N,1.93,1.93,0.0,1,107.868,0,0.0,321.3899,341.67,524.12,3.102443,-4.697,1.655,104,2049.492,1,1.521,3.176,0.364206707,6.352,203.90417,0.314861461,4.8154,1,1
340,Ag,,29.57,1390.588497,-33.33,HeLa,H,Human,Epithelial,Cervix,48,MTT,Tetrazolium Salt,cell metabolic activity,N,N,N,1.93,1.93,0.0,1,107.868,0,0.0,321.3899,341.67,524.12,3.102443,-4.697,1.655,104,2049.492,1,1.521,3.176,0.364206707,6.352,203.90417,0.314861461,4.4944,1,1
341,Ag,,29.57,1854.117996,-33.33,HeLa,H,Human,Epithelial,Cervix,48,MTT,Tetrazolium Salt,cell metabolic activity,N,N,N,1.93,1.93,0.0,1,107.868,0,0.0,321.3899,341.67,524.12,3.102443,-4.697,1.655,104,2049.492,1,1.521,3.176,0.364206707,6.352,203.90417,0.314861461,4.4944,1,1
342,Ag,,29.57,2317.647495,-33.33,HeLa,H,Human,Epithelial,Cervix,48,MTT,Tetrazolium Salt,cell metabolic activity,N,N,N,1.93,1.93,0.0,1,107.868,0,0.0,321.3899,341.67,524.12,3.102443,-4.697,1.655,104,2049.492,1,1.521,3.176,0.364206707,6.352,203.90417,0.314861461,4.4944,1,1
343,Ag,,29.57,185.4117996,-33.33,HeLa,H,Human,Epithelial,Cervix,72,MTT,Tetrazolium Salt,cell metabolic activity,N,N,N,1.93,1.93,0.0,1,107.868,0,0.0,321.3899,341.67,524.12,3.102443,-4.697,1.655,104,2049.492,1,1.521,3.176,0.364206707,6.352,203.90417,0.314861461,7.3836,1,1
344,Ag,,29.57,370.8235992,-33.33,HeLa,H,Human,Epithelial,Cervix,72,MTT,Tetrazolium Salt,cell metabolic activity,N,N,N,1.93,1.93,0.0,1,107.868,0,0.0,321.3899,341.67,524.12,3.102443,-4.697,1.655,104,2049.492,1,1.521,3.176,0.364206707,6.352,203.90417,0.314861461,7.7047,1,1
345,Ag,,29.57,556.2353988,-33.33,HeLa,H,Human,Epithelial,Cervix,72,MTT,Tetrazolium Salt,cell metabolic activity,N,N,N,1.93,1.93,0.0,1,107.868,0,0.0,321.3899,341.67,524.12,3.102443,-4.697,1.655,104,2049.492,1,1.521,3.176,0.364206707,6.352,203.90417,0.314861461,5.7785,1,1
346,Ag,,29.57,741.6471984,-33.33,HeLa,H,Human,Epithelial,Cervix,72,MTT,Tetrazolium Salt,cell metabolic activity,N,N,N,1.93,1.93,0.0,1,107.868,0,0.0,321.3899,341.67,524.12,3.102443,-4.697,1.655,104,2049.492,1,1.521,3.176,0.364206707,6.352,203.90417,0.314861461,4.8154,1,1
347,Ag,,29.57,927.058998,-33.33,HeLa,H,Human,Epithelial,Cervix,72,MTT,Tetrazolium Salt,cell metabolic activity,N,N,N,1.93,1.93,0.0,1,107.868,0,0.0,321.3899,341.67,524.12,3.102443,-4.697,1.655,104,2049.492,1,1.521,3.176,0.364206707,6.352,203.90417,0.314861461,2.8892,1,1
348,Ag,,29.57,1390.588497,-33.33,HeLa,H,Human,Epithelial,Cervix,72,MTT,Tetrazolium Salt,cell metabolic activity,N,N,N,1.93,1.93,0.0,1,107.868,0,0.0,321.3899,341.67,524.12,3.102443,-4.697,1.655,104,2049.492,1,1.521,3.176,0.364206707,6.352,203.90417,0.314861461,2.5682,1,1
349,Ag,,29.57,1854.117996,-33.33,HeLa,H,Human,Epithelial,Cervix,72,MTT,Tetrazolium Salt,cell metabolic activity,N,N,N,1.93,1.93,0.0,1,107.868,0,0.0,321.3899,341.67,524.12,3.102443,-4.697,1.655,104,2049.492,1,1.521,3.176,0.364206707,6.352,203.90417,0.314861461,3.5313,1,1
350,Ag,,29.57,2317.647495,-33.33,HeLa,H,Human,Epithelial,Cervix,72,MTT,Tetrazolium Salt,cell metabolic activity,N,N,N,1.93,1.93,0.0,1,107.868,0,0.0,321.3899,341.67,524.12,3.102443,-4.697,1.655,104,2049.492,1,1.521,3.176,0.364206707,6.352,203.90417,0.314861461,3.8523,1,1
351,Al2O3,,45.0,0.000881082,-45.4,SHSY5Y,H,Human,Epithelial,Bone Marrow,48,ApoTox Glo Triplex,Caspase-Glo 3/7 Reagent,protease activity,N,N,N,1.61,3.22,0.310559006,2,101.96,3,3.0,-2455.09488,492.4,777.64,9.475109,-9.475,-1.242,111,857.7236,2,5.3585,4.1165,3.487613537,8.233,17.88142,0.242924815,57.90178,2,0
352,Al2O3,,45.0,0.001101352,-45.4,SHSY5Y,H,Human,Epithelial,Bone Marrow,48,ApoTox Glo Triplex,Caspase-Glo 3/7 Reagent,protease activity,N,N,N,1.61,3.22,0.310559006,2,101.96,3,3.0,-2455.09488,492.4,777.64,9.475109,-9.475,-1.242,111,857.7236,2,5.3585,4.1165,3.487613537,8.233,17.88142,0.242924815,46.724808,1,1
353,Al2O3,,45.0,0.001321623,-45.4,SHSY5Y,H,Human,Epithelial,Bone Marrow,48,ApoTox Glo Triplex,Caspase-Glo 3/7 Reagent,protease activity,N,N,N,1.61,3.22,0.310559006,2,101.96,3,3.0,-2455.09488,492.4,777.64,9.475109,-9.475,-1.242,111,857.7236,2,5.3585,4.1165,3.487613537,8.233,17.88142,0.242924815,38.63421,1,1
354,Al2O3,,13.0,1961.55355,-16.8,RAW264.7,A,Mouse,Monocyte/Macrophage,Ascites,24,CCK8,Tetrazolium Salt,cell metabolic activity,N,N,N,1.61,3.22,0.310559006,2,101.96,3,3.0,-2455.09488,492.4,777.64,9.475109,-9.475,-1.242,111,857.7236,2,5.3585,4.1165,3.487613537,8.233,17.88142,0.242924815,54.026,2,0
355,Al2O3,,13.0,3923.107101,-16.8,RAW264.7,A,Mouse,Monocyte/Macrophage,Ascites,24,CCK8,Tetrazolium Salt,cell metabolic activity,N,N,N,1.61,3.22,0.310559006,2,101.96,3,3.0,-2455.09488,492.4,777.64,9.475109,-9.475,-1.242,111,857.7236,2,5.3585,4.1165,3.487613537,8.233,17.88142,0.242924815,54.319,2,0
356,Au,PVP,21.2,50.0,42.28,A549,H,Human,Epithelial,Lung,24,MTT,Tetrazolium Salt,cell metabolic activity,N,N,N,2.54,2.54,0.0,1,196.967,0,0.0,-122.60844,372.66,567.35,5.176822,-6.209,0.319,104,3742.3635,1,2.945,3.264,1.328588388,6.528,209.62745,0.306372549,98.4,2,0
357,Au,PVP,21.2,50.0,42.28,A549,H,Human,Epithelial,Lung,48,MTT,Tetrazolium Salt,cell metabolic activity,N,N,N,2.54,2.54,0.0,1,196.967,0,0.0,-122.60844,372.66,567.35,5.176822,-6.209,0.319,104,3742.3635,1,2.945,3.264,1.328588388,6.528,209.62745,0.306372549,98.666664,2,0
358,Au,PVP,21.2,50.0,42.28,A549,H,Human,Epithelial,Lung,72,MTT,Tetrazolium Salt,cell metabolic activity,N,N,N,2.54,2.54,0.0,1,196.967,0,0.0,-122.60844,372.66,567.35,5.176822,-6.209,0.319,104,3742.3635,1,2.945,3.264,1.328588388,6.528,209.62745,0.306372549,100.8,2,0
359,Au,PVP,21.2,100.0,42.28,A549,H,Human,Epithelial,Lung,24,MTT,Tetrazolium Salt,cell metabolic activity,N,N,N,2.54,2.54,0.0,1,196.967,0,0.0,-122.60844,372.66,567.35,5.176822,-6.209,0.319,104,3742.3635,1,2.945,3.264,1.328588388,6.528,209.62745,0.306372549,96.53333,2,0
360,Au,PVP,21.2,100.0,42.28,A549,H,Human,Epithelial,Lung,48,MTT,Tetrazolium Salt,cell metabolic activity,N,N,N,2.54,2.54,0.0,1,196.967,0,0.0,-122.60844,372.66,567.35,5.176822,-6.209,0.319,104,3742.3635,1,2.945,3.264,1.328588388,6.528,209.62745,0.306372549,100.8,2,0
361,Au,PVP,21.2,100.0,42.28,A549,H,Human,Epithelial,Lung,72,MTT,Tetrazolium Salt,cell metabolic activity,N,N,N,2.54,2.54,0.0,1,196.967,0,0.0,-122.60844,372.66,567.35,5.176822,-6.209,0.319,104,3742.3635,1,2.945,3.264,1.328588388,6.528,209.62745,0.306372549,97.6,2,0
362,Au,PVP,21.2,300.0,42.28,A549,H,Human,Epithelial,Lung,24,MTT,Tetrazolium Salt,cell metabolic activity,N,N,N,2.54,2.54,0.0,1,196.967,0,0.0,-122.60844,372.66,567.35,5.176822,-6.209,0.319,104,3742.3635,1,2.945,3.264,1.328588388,6.528,209.62745,0.306372549,96.53333,2,0
363,Au,PVP,21.2,300.0,42.28,A549,H,Human,Epithelial,Lung,48,MTT,Tetrazolium Salt,cell metabolic activity,N,N,N,2.54,2.54,0.0,1,196.967,0,0.0,-122.60844,372.66,567.35,5.176822,-6.209,0.319,104,3742.3635,1,2.945,3.264,1.328588388,6.528,209.62745,0.306372549,93.066666,2,0
364,Au,PVP,21.2,300.0,42.28,A549,H,Human,Epithelial,Lung,72,MTT,Tetrazolium Salt,cell metabolic activity,N,N,N,2.54,2.54,0.0,1,196.967,0,0.0,-122.60844,372.66,567.35,5.176822,-6.209,0.319,104,3742.3635,1,2.945,3.264,1.328588388,6.528,209.62745,0.306372549,96.8,2,0
365,Au,PVP,21.2,700.0,42.28,A549,H,Human,Epithelial,Lung,24,MTT,Tetrazolium Salt,cell metabolic activity,N,N,N,2.54,2.54,0.0,1,196.967,0,0.0,-122.60844,372.66,567.35,5.176822,-6.209,0.319,104,3742.3635,1,2.945,3.264,1.328588388,6.528,209.62745,0.306372549,99.2,2,0
366,Au,PVP,21.2,700.0,42.28,A549,H,Human,Epithelial,Lung,48,MTT,Tetrazolium Salt,cell metabolic activity,N,N,N,2.54,2.54,0.0,1,196.967,0,0.0,-122.60844,372.66,567.35,5.176822,-6.209,0.319,104,3742.3635,1,2.945,3.264,1.328588388,6.528,209.62745,0.306372549,94.4,2,0
367,Au,PVP,21.2,700.0,42.28,A549,H,Human,Epithelial,Lung,72,MTT,Tetrazolium Salt,cell metabolic activity,N,N,N,2.54,2.54,0.0,1,196.967,0,0.0,-122.60844,372.66,567.35,5.176822,-6.209,0.319,104,3742.3635,1,2.945,3.264,1.328588388,6.528,209.62745,0.306372549,94.666664,2,0
368,Au,PVP,21.2,50.0,42.28,NCIH441,H,Human,Epithelial,Lung,24,MTT,Tetrazolium Salt,cell metabolic activity,N,N,N,2.54,2.54,0.0,1,196.967,0,0.0,-122.60844,372.66,567.35,5.176822,-6.209,0.319,104,3742.3635,1,2.945,3.264,1.328588388,6.528,209.62745,0.306372549,99.688194,2,0
369,Au,PVP,21.2,50.0,42.28,NCIH441,H,Human,Epithelial,Lung,48,MTT,Tetrazolium Salt,cell metabolic activity,N,N,N,2.54,2.54,0.0,1,196.967,0,0.0,-122.60844,372.66,567.35,5.176822,-6.209,0.319,104,3742.3635,1,2.945,3.264,1.328588388,6.528,209.62745,0.306372549,99.688194,2,0
370,Au,PVP,21.2,50.0,42.28,NCIH441,H,Human,Epithelial,Lung,72,MTT,Tetrazolium Salt,cell metabolic activity,N,N,N,2.54,2.54,0.0,1,196.967,0,0.0,-122.60844,372.66,567.35,5.176822,-6.209,0.319,104,3742.3635,1,2.945,3.264,1.328588388,6.528,209.62745,0.306372549,99.42094,2,0
371,Au,PVP,21.2,100.0,42.28,NCIH441,H,Human,Epithelial,Lung,24,MTT,Tetrazolium Salt,cell metabolic activity,N,N,N,2.54,2.54,0.0,1,196.967,0,0.0,-122.60844,372.66,567.35,5.176822,-6.209,0.319,104,3742.3635,1,2.945,3.264,1.328588388,6.528,209.62745,0.306372549,95.412025,2,0
372,Au,PVP,21.2,100.0,42.28,NCIH441,H,Human,Epithelial,Lung,48,MTT,Tetrazolium Salt,cell metabolic activity,N,N,N,2.54,2.54,0.0,1,196.967,0,0.0,-122.60844,372.66,567.35,5.176822,-6.209,0.319,104,3742.3635,1,2.945,3.264,1.328588388,6.528,209.62745,0.306372549,98.88641,2,0
373,Au,PVP,21.2,100.0,42.28,NCIH441,H,Human,Epithelial,Lung,72,MTT,Tetrazolium Salt,cell metabolic activity,N,N,N,2.54,2.54,0.0,1,196.967,0,0.0,-122.60844,372.66,567.35,5.176822,-6.209,0.319,104,3742.3635,1,2.945,3.264,1.328588388,6.528,209.62745,0.306372549,100.489975,2,0
374,Au,PVP,21.2,300.0,42.28,NCIH441,H,Human,Epithelial,Lung,24,MTT,Tetrazolium Salt,cell metabolic activity,N,N,N,2.54,2.54,0.0,1,196.967,0,0.0,-122.60844,372.66,567.35,5.176822,-6.209,0.319,104,3742.3635,1,2.945,3.264,1.328588388,6.528,209.62745,0.306372549,99.15367,2,0
375,Au,PVP,21.2,300.0,42.28,NCIH441,H,Human,Epithelial,Lung,48,MTT,Tetrazolium Salt,cell metabolic activity,N,N,N,2.54,2.54,0.0,1,196.967,0,0.0,-122.60844,372.66,567.35,5.176822,-6.209,0.319,104,3742.3635,1,2.945,3.264,1.328588388,6.528,209.62745,0.306372549,99.42094,2,0
376,Au,PVP,21.2,300.0,42.28,NCIH441,H,Human,Epithelial,Lung,72,MTT,Tetrazolium Salt,cell metabolic activity,N,N,N,2.54,2.54,0.0,1,196.967,0,0.0,-122.60844,372.66,567.35,5.176822,-6.209,0.319,104,3742.3635,1,2.945,3.264,1.328588388,6.528,209.62745,0.306372549,105.56793,2,0
377,Au,PVP,21.2,500.0,42.28,NCIH441,H,Human,Epithelial,Lung,24,MTT,Tetrazolium Salt,cell metabolic activity,N,N,N,2.54,2.54,0.0,1,196.967,0,0.0,-122.60844,372.66,567.35,5.176822,-6.209,0.319,104,3742.3635,1,2.945,3.264,1.328588388,6.528,209.62745,0.306372549,98.88641,2,0
378,Au,PVP,21.2,500.0,42.28,NCIH441,H,Human,Epithelial,Lung,48,MTT,Tetrazolium Salt,cell metabolic activity,N,N,N,2.54,2.54,0.0,1,196.967,0,0.0,-122.60844,372.66,567.35,5.176822,-6.209,0.319,104,3742.3635,1,2.945,3.264,1.328588388,6.528,209.62745,0.306372549,100.489975,2,0
379,Au,PVP,21.2,500.0,42.28,NCIH441,H,Human,Epithelial,Lung,72,MTT,Tetrazolium Salt,cell metabolic activity,N,N,N,2.54,2.54,0.0,1,196.967,0,0.0,-122.60844,372.66,567.35,5.176822,-6.209,0.319,104,3742.3635,1,2.945,3.264,1.328588388,6.528,209.62745,0.306372549,107.973274,2,0
380,Au,PVP,21.2,700.0,42.28,NCIH441,H,Human,Epithelial,Lung,24,MTT,Tetrazolium Salt,cell metabolic activity,N,N,N,2.54,2.54,0.0,1,196.967,0,0.0,-122.60844,372.66,567.35,5.176822,-6.209,0.319,104,3742.3635,1,2.945,3.264,1.328588388,6.528,209.62745,0.306372549,97.817375,2,0
381,Au,PVP,21.2,700.0,42.28,NCIH441,H,Human,Epithelial,Lung,48,MTT,Tetrazolium Salt,cell metabolic activity,N,N,N,2.54,2.54,0.0,1,196.967,0,0.0,-122.60844,372.66,567.35,5.176822,-6.209,0.319,104,3742.3635,1,2.945,3.264,1.328588388,6.528,209.62745,0.306372549,100.489975,2,0
382,Au,PVP,21.2,700.0,42.28,NCIH441,H,Human,Epithelial,Lung,72,MTT,Tetrazolium Salt,cell metabolic activity,N,N,N,2.54,2.54,0.0,1,196.967,0,0.0,-122.60844,372.66,567.35,5.176822,-6.209,0.319,104,3742.3635,1,2.945,3.264,1.328588388,6.528,209.62745,0.306372549,105.56793,2,0
383,Au,Citrate and PVP,27.17,50.0,42.28,A549,H,Human,Epithelial,Lung,24,MTT,Tetrazolium Salt,cell metabolic activity,N,N,N,2.54,2.54,0.0,1,196.967,0,0.0,-122.60844,372.66,567.35,5.176822,-6.209,0.319,104,3742.3635,1,2.945,3.264,1.328588388,6.528,209.62745,0.306372549,95.94655,2,0
384,Au,Citrate and PVP,27.17,50.0,42.28,A549,H,Human,Epithelial,Lung,48,MTT,Tetrazolium Salt,cell metabolic activity,N,N,N,2.54,2.54,0.0,1,196.967,0,0.0,-122.60844,372.66,567.35,5.176822,-6.209,0.319,104,3742.3635,1,2.945,3.264,1.328588388,6.528,209.62745,0.306372549,95.67929,2,0
385,Au,Citrate and PVP,27.17,50.0,42.28,A549,H,Human,Epithelial,Lung,72,MTT,Tetrazolium Salt,cell metabolic activity,N,N,N,2.54,2.54,0.0,1,196.967,0,0.0,-122.60844,372.66,567.35,5.176822,-6.209,0.319,104,3742.3635,1,2.945,3.264,1.328588388,6.528,209.62745,0.306372549,95.412025,2,0
386,Au,Citrate and PVP,27.17,100.0,42.28,A549,H,Human,Epithelial,Lung,24,MTT,Tetrazolium Salt,cell metabolic activity,N,N,N,2.54,2.54,0.0,1,196.967,0,0.0,-122.60844,372.66,567.35,5.176822,-6.209,0.319,104,3742.3635,1,2.945,3.264,1.328588388,6.528,209.62745,0.306372549,97.55011,2,0
387,Au,Citrate and PVP,27.17,100.0,42.28,A549,H,Human,Epithelial,Lung,48,MTT,Tetrazolium Salt,cell metabolic activity,N,N,N,2.54,2.54,0.0,1,196.967,0,0.0,-122.60844,372.66,567.35,5.176822,-6.209,0.319,104,3742.3635,1,2.945,3.264,1.328588388,6.528,209.62745,0.306372549,98.88641,2,0
388,Au,Citrate and PVP,27.17,100.0,42.28,A549,H,Human,Epithelial,Lung,72,MTT,Tetrazolium Salt,cell metabolic activity,N,N,N,2.54,2.54,0.0,1,196.967,0,0.0,-122.60844,372.66,567.35,5.176822,-6.209,0.319,104,3742.3635,1,2.945,3.264,1.328588388,6.528,209.62745,0.306372549,91.67038,2,0
389,Au,Citrate and PVP,27.17,300.0,42.28,A549,H,Human,Epithelial,Lung,24,MTT,Tetrazolium Salt,cell metabolic activity,N,N,N,2.54,2.54,0.0,1,196.967,0,0.0,-122.60844,372.66,567.35,5.176822,-6.209,0.319,104,3742.3635,1,2.945,3.264,1.328588388,6.528,209.62745,0.306372549,97.817375,2,0
390,Au,Citrate and PVP,27.17,300.0,42.28,A549,H,Human,Epithelial,Lung,48,MTT,Tetrazolium Salt,cell metabolic activity,N,N,N,2.54,2.54,0.0,1,196.967,0,0.0,-122.60844,372.66,567.35,5.176822,-6.209,0.319,104,3742.3635,1,2.945,3.264,1.328588388,6.528,209.62745,0.306372549,98.35189,2,0
391,Au,Citrate and PVP,27.17,300.0,42.28,A549,H,Human,Epithelial,Lung,72,MTT,Tetrazolium Salt,cell metabolic activity,N,N,N,2.54,2.54,0.0,1,196.967,0,0.0,-122.60844,372.66,567.35,5.176822,-6.209,0.319,104,3742.3635,1,2.945,3.264,1.328588388,6.528,209.62745,0.306372549,94.07572,2,0
392,Au,Citrate and PVP,27.17,500.0,42.28,A549,H,Human,Epithelial,Lung,24,MTT,Tetrazolium Salt,cell metabolic activity,N,N,N,2.54,2.54,0.0,1,196.967,0,0.0,-122.60844,372.66,567.35,5.176822,-6.209,0.319,104,3742.3635,1,2.945,3.264,1.328588388,6.528,209.62745,0.306372549,94.34299,2,0
393,Au,Citrate and PVP,27.17,500.0,42.28,A549,H,Human,Epithelial,Lung,48,MTT,Tetrazolium Salt,cell metabolic activity,N,N,N,2.54,2.54,0.0,1,196.967,0,0.0,-122.60844,372.66,567.35,5.176822,-6.209,0.319,104,3742.3635,1,2.945,3.264,1.328588388,6.528,209.62745,0.306372549,88.730515,2,0
394,Au,Citrate and PVP,27.17,500.0,42.28,A549,H,Human,Epithelial,Lung,72,MTT,Tetrazolium Salt,cell metabolic activity,N,N,N,2.54,2.54,0.0,1,196.967,0,0.0,-122.60844,372.66,567.35,5.176822,-6.209,0.319,104,3742.3635,1,2.945,3.264,1.328588388,6.528,209.62745,0.306372549,81.78174,2,0
395,Au,Citrate and PVP,27.17,700.0,42.28,A549,H,Human,Epithelial,Lung,24,MTT,Tetrazolium Salt,cell metabolic activity,N,N,N,2.54,2.54,0.0,1,196.967,0,0.0,-122.60844,372.66,567.35,5.176822,-6.209,0.319,104,3742.3635,1,2.945,3.264,1.328588388,6.528,209.62745,0.306372549,85.523384,2,0
396,Au,Citrate and PVP,27.17,700.0,42.28,A549,H,Human,Epithelial,Lung,48,MTT,Tetrazolium Salt,cell metabolic activity,N,N,N,2.54,2.54,0.0,1,196.967,0,0.0,-122.60844,372.66,567.35,5.176822,-6.209,0.319,104,3742.3635,1,2.945,3.264,1.328588388,6.528,209.62745,0.306372549,79.643654,2,0
397,Au,Citrate and PVP,27.17,700.0,42.28,A549,H,Human,Epithelial,Lung,72,MTT,Tetrazolium Salt,cell metabolic activity,N,N,N,2.54,2.54,0.0,1,196.967,0,0.0,-122.60844,372.66,567.35,5.176822,-6.209,0.319,104,3742.3635,1,2.945,3.264,1.328588388,6.528,209.62745,0.306372549,63.340755,2,0
398,Au,Citrate and PVP,27.17,50.0,42.28,NCIH441,H,Human,Epithelial,Lung,24,MTT,Tetrazolium Salt,cell metabolic activity,N,N,N,2.54,2.54,0.0,1,196.967,0,0.0,-122.60844,372.66,567.35,5.176822,-6.209,0.319,104,3742.3635,1,2.945,3.264,1.328588388,6.528,209.62745,0.306372549,99.42094,2,0
399,Au,Citrate and PVP,27.17,50.0,42.28,NCIH441,H,Human,Epithelial,Lung,48,MTT,Tetrazolium Salt,cell metabolic activity,N,N,N,2.54,2.54,0.0,1,196.967,0,0.0,-122.60844,372.66,567.35,5.176822,-6.209,0.319,104,3742.3635,1,2.945,3.264,1.328588388,6.528,209.62745,0.306372549,101.82628,2,0
400,Au,Citrate and PVP,27.17,50.0,42.28,NCIH441,H,Human,Epithelial,Lung,72,MTT,Tetrazolium Salt,cell metabolic activity,N,N,N,2.54,2.54,0.0,1,196.967,0,0.0,-122.60844,372.66,567.35,5.176822,-6.209,0.319,104,3742.3635,1,2.945,3.264,1.328588388,6.528,209.62745,0.306372549,101.0245,2,0
401,Au,Citrate and PVP,27.17,100.0,42.28,NCIH441,H,Human,Epithelial,Lung,24,MTT,Tetrazolium Salt,cell metabolic activity,N,N,N,2.54,2.54,0.0,1,196.967,0,0.0,-122.60844,372.66,567.35,5.176822,-6.209,0.319,104,3742.3635,1,2.945,3.264,1.328588388,6.528,209.62745,0.306372549,100.22272,2,0
402,Au,Citrate and PVP,27.17,100.0,42.28,NCIH441,H,Human,Epithelial,Lung,48,MTT,Tetrazolium Salt,cell metabolic activity,N,N,N,2.54,2.54,0.0,1,196.967,0,0.0,-122.60844,372.66,567.35,5.176822,-6.209,0.319,104,3742.3635,1,2.945,3.264,1.328588388,6.528,209.62745,0.306372549,103.42985,2,0
403,Au,Citrate and PVP,27.17,100.0,42.28,NCIH441,H,Human,Epithelial,Lung,72,MTT,Tetrazolium Salt,cell metabolic activity,N,N,N,2.54,2.54,0.0,1,196.967,0,0.0,-122.60844,372.66,567.35,5.176822,-6.209,0.319,104,3742.3635,1,2.945,3.264,1.328588388,6.528,209.62745,0.306372549,102.62806,2,0
404,Au,Citrate and PVP,27.17,300.0,42.28,NCIH441,H,Human,Epithelial,Lung,24,MTT,Tetrazolium Salt,cell metabolic activity,N,N,N,2.54,2.54,0.0,1,196.967,0,0.0,-122.60844,372.66,567.35,5.176822,-6.209,0.319,104,3742.3635,1,2.945,3.264,1.328588388,6.528,209.62745,0.306372549,102.62806,2,0
405,Au,Citrate and PVP,27.17,300.0,42.28,NCIH441,H,Human,Epithelial,Lung,48,MTT,Tetrazolium Salt,cell metabolic activity,N,N,N,2.54,2.54,0.0,1,196.967,0,0.0,-122.60844,372.66,567.35,5.176822,-6.209,0.319,104,3742.3635,1,2.945,3.264,1.328588388,6.528,209.62745,0.306372549,101.55902,2,0
406,Au,Citrate and PVP,27.17,300.0,42.28,NCIH441,H,Human,Epithelial,Lung,72,MTT,Tetrazolium Salt,cell metabolic activity,N,N,N,2.54,2.54,0.0,1,196.967,0,0.0,-122.60844,372.66,567.35,5.176822,-6.209,0.319,104,3742.3635,1,2.945,3.264,1.328588388,6.528,209.62745,0.306372549,101.55902,2,0
407,Au,Citrate and PVP,27.17,500.0,42.28,NCIH441,H,Human,Epithelial,Lung,24,MTT,Tetrazolium Salt,cell metabolic activity,N,N,N,2.54,2.54,0.0,1,196.967,0,0.0,-122.60844,372.66,567.35,5.176822,-6.209,0.319,104,3742.3635,1,2.945,3.264,1.328588388,6.528,209.62745,0.306372549,101.0245,2,0
408,Au,Citrate and PVP,27.17,500.0,42.28,NCIH441,H,Human,Epithelial,Lung,48,MTT,Tetrazolium Salt,cell metabolic activity,N,N,N,2.54,2.54,0.0,1,196.967,0,0.0,-122.60844,372.66,567.35,5.176822,-6.209,0.319,104,3742.3635,1,2.945,3.264,1.328588388,6.528,209.62745,0.306372549,102.895325,2,0
409,Au,Citrate and PVP,27.17,500.0,42.28,NCIH441,H,Human,Epithelial,Lung,72,MTT,Tetrazolium Salt,cell metabolic activity,N,N,N,2.54,2.54,0.0,1,196.967,0,0.0,-122.60844,372.66,567.35,5.176822,-6.209,0.319,104,3742.3635,1,2.945,3.264,1.328588388,6.528,209.62745,0.306372549,99.95546,2,0
410,Au,Citrate and PVP,27.17,700.0,42.28,NCIH441,H,Human,Epithelial,Lung,24,MTT,Tetrazolium Salt,cell metabolic activity,N,N,N,2.54,2.54,0.0,1,196.967,0,0.0,-122.60844,372.66,567.35,5.176822,-6.209,0.319,104,3742.3635,1,2.945,3.264,1.328588388,6.528,209.62745,0.306372549,98.35189,2,0
411,Au,Citrate and PVP,27.17,700.0,42.28,NCIH441,H,Human,Epithelial,Lung,48,MTT,Tetrazolium Salt,cell metabolic activity,N,N,N,2.54,2.54,0.0,1,196.967,0,0.0,-122.60844,372.66,567.35,5.176822,-6.209,0.319,104,3742.3635,1,2.945,3.264,1.328588388,6.528,209.62745,0.306372549,92.47216,2,0
412,Au,Citrate and PVP,27.17,700.0,42.28,NCIH441,H,Human,Epithelial,Lung,72,MTT,Tetrazolium Salt,cell metabolic activity,N,N,N,2.54,2.54,0.0,1,196.967,0,0.0,-122.60844,372.66,567.35,5.176822,-6.209,0.319,104,3742.3635,1,2.945,3.264,1.328588388,6.528,209.62745,0.306372549,90.06682,2,0
413,Au,Citrate and PVP,28.18,50.0,42.28,A549,H,Human,Epithelial,Lung,24,MTT,Tetrazolium Salt,cell metabolic activity,N,N,N,2.54,2.54,0.0,1,196.967,0,0.0,-122.60844,372.66,567.35,5.176822,-6.209,0.319,104,3742.3635,1,2.945,3.264,1.328588388,6.528,209.62745,0.306372549,98.35189,2,0
414,Au,Citrate and PVP,28.18,50.0,42.28,A549,H,Human,Epithelial,Lung,48,MTT,Tetrazolium Salt,cell metabolic activity,N,N,N,2.54,2.54,0.0,1,196.967,0,0.0,-122.60844,372.66,567.35,5.176822,-6.209,0.319,104,3742.3635,1,2.945,3.264,1.328588388,6.528,209.62745,0.306372549,100.22272,2,0
415,Au,Citrate and PVP,28.18,50.0,42.28,A549,H,Human,Epithelial,Lung,72,MTT,Tetrazolium Salt,cell metabolic activity,N,N,N,2.54,2.54,0.0,1,196.967,0,0.0,-122.60844,372.66,567.35,5.176822,-6.209,0.319,104,3742.3635,1,2.945,3.264,1.328588388,6.528,209.62745,0.306372549,96.213806,2,0
416,Au,Citrate and PVP,28.18,100.0,42.28,A549,H,Human,Epithelial,Lung,24,MTT,Tetrazolium Salt,cell metabolic activity,N,N,N,2.54,2.54,0.0,1,196.967,0,0.0,-122.60844,372.66,567.35,5.176822,-6.209,0.319,104,3742.3635,1,2.945,3.264,1.328588388,6.528,209.62745,0.306372549,97.55011,2,0
417,Au,Citrate and PVP,28.18,100.0,42.28,A549,H,Human,Epithelial,Lung,48,MTT,Tetrazolium Salt,cell metabolic activity,N,N,N,2.54,2.54,0.0,1,196.967,0,0.0,-122.60844,372.66,567.35,5.176822,-6.209,0.319,104,3742.3635,1,2.945,3.264,1.328588388,6.528,209.62745,0.306372549,100.75724,2,0
418,Au,Citrate and PVP,28.18,100.0,42.28,A549,H,Human,Epithelial,Lung,72,MTT,Tetrazolium Salt,cell metabolic activity,N,N,N,2.54,2.54,0.0,1,196.967,0,0.0,-122.60844,372.66,567.35,5.176822,-6.209,0.319,104,3742.3635,1,2.945,3.264,1.328588388,6.528,209.62745,0.306372549,94.34299,2,0
419,Au,Citrate and PVP,28.18,300.0,42.28,A549,H,Human,Epithelial,Lung,24,MTT,Tetrazolium Salt,cell metabolic activity,N,N,N,2.54,2.54,0.0,1,196.967,0,0.0,-122.60844,372.66,567.35,5.176822,-6.209,0.319,104,3742.3635,1,2.945,3.264,1.328588388,6.528,209.62745,0.306372549,95.67929,2,0
420,Au,Citrate and PVP,28.18,300.0,42.28,A549,H,Human,Epithelial,Lung,48,MTT,Tetrazolium Salt,cell metabolic activity,N,N,N,2.54,2.54,0.0,1,196.967,0,0.0,-122.60844,372.66,567.35,5.176822,-6.209,0.319,104,3742.3635,1,2.945,3.264,1.328588388,6.528,209.62745,0.306372549,98.619156,2,0
421,Au,Citrate and PVP,28.18,300.0,42.28,A549,H,Human,Epithelial,Lung,72,MTT,Tetrazolium Salt,cell metabolic activity,N,N,N,2.54,2.54,0.0,1,196.967,0,0.0,-122.60844,372.66,567.35,5.176822,-6.209,0.319,104,3742.3635,1,2.945,3.264,1.328588388,6.528,209.62745,0.306372549,94.8775,2,0
422,Au,Citrate and PVP,28.18,500.0,42.28,A549,H,Human,Epithelial,Lung,24,MTT,Tetrazolium Salt,cell metabolic activity,N,N,N,2.54,2.54,0.0,1,196.967,0,0.0,-122.60844,372.66,567.35,5.176822,-6.209,0.319,104,3742.3635,1,2.945,3.264,1.328588388,6.528,209.62745,0.306372549,99.688194,2,0
423,Au,Citrate and PVP,28.18,500.0,42.28,A549,H,Human,Epithelial,Lung,48,MTT,Tetrazolium Salt,cell metabolic activity,N,N,N,2.54,2.54,0.0,1,196.967,0,0.0,-122.60844,372.66,567.35,5.176822,-6.209,0.319,104,3742.3635,1,2.945,3.264,1.328588388,6.528,209.62745,0.306372549,93.27394,2,0
424,Au,Citrate and PVP,28.18,500.0,42.28,A549,H,Human,Epithelial,Lung,72,MTT,Tetrazolium Salt,cell metabolic activity,N,N,N,2.54,2.54,0.0,1,196.967,0,0.0,-122.60844,372.66,567.35,5.176822,-6.209,0.319,104,3742.3635,1,2.945,3.264,1.328588388,6.528,209.62745,0.306372549,89.79955,2,0
425,Au,Citrate and PVP,28.18,700.0,42.28,A549,H,Human,Epithelial,Lung,24,MTT,Tetrazolium Salt,cell metabolic activity,N,N,N,2.54,2.54,0.0,1,196.967,0,0.0,-122.60844,372.66,567.35,5.176822,-6.209,0.319,104,3742.3635,1,2.945,3.264,1.328588388,6.528,209.62745,0.306372549,89.532295,2,0
426,Au,Citrate and PVP,28.18,700.0,42.28,A549,H,Human,Epithelial,Lung,48,MTT,Tetrazolium Salt,cell metabolic activity,N,N,N,2.54,2.54,0.0,1,196.967,0,0.0,-122.60844,372.66,567.35,5.176822,-6.209,0.319,104,3742.3635,1,2.945,3.264,1.328588388,6.528,209.62745,0.306372549,84.454346,2,0
427,Au,Citrate and PVP,28.18,700.0,42.28,A549,H,Human,Epithelial,Lung,72,MTT,Tetrazolium Salt,cell metabolic activity,N,N,N,2.54,2.54,0.0,1,196.967,0,0.0,-122.60844,372.66,567.35,5.176822,-6.209,0.319,104,3742.3635,1,2.945,3.264,1.328588388,6.528,209.62745,0.306372549,71.09132,2,0
428,Au,Citrate and PVP,28.18,50.0,42.28,NCIH441,H,Human,Epithelial,Lung,24,MTT,Tetrazolium Salt,cell metabolic activity,N,N,N,2.54,2.54,0.0,1,196.967,0,0.0,-122.60844,372.66,567.35,5.176822,-6.209,0.319,104,3742.3635,1,2.945,3.264,1.328588388,6.528,209.62745,0.306372549,98.88641,2,0
429,Au,Citrate and PVP,28.18,50.0,42.28,NCIH441,H,Human,Epithelial,Lung,48,MTT,Tetrazolium Salt,cell metabolic activity,N,N,N,2.54,2.54,0.0,1,196.967,0,0.0,-122.60844,372.66,567.35,5.176822,-6.209,0.319,104,3742.3635,1,2.945,3.264,1.328588388,6.528,209.62745,0.306372549,101.291756,2,0
430,Au,Citrate and PVP,28.18,50.0,42.28,NCIH441,H,Human,Epithelial,Lung,72,MTT,Tetrazolium Salt,cell metabolic activity,N,N,N,2.54,2.54,0.0,1,196.967,0,0.0,-122.60844,372.66,567.35,5.176822,-6.209,0.319,104,3742.3635,1,2.945,3.264,1.328588388,6.528,209.62745,0.306372549,100.75724,2,0
431,Au,Citrate and PVP,28.18,100.0,42.28,NCIH441,H,Human,Epithelial,Lung,24,MTT,Tetrazolium Salt,cell metabolic activity,N,N,N,2.54,2.54,0.0,1,196.967,0,0.0,-122.60844,372.66,567.35,5.176822,-6.209,0.319,104,3742.3635,1,2.945,3.264,1.328588388,6.528,209.62745,0.306372549,99.95546,2,0
432,Au,Citrate and PVP,28.18,100.0,42.28,NCIH441,H,Human,Epithelial,Lung,48,MTT,Tetrazolium Salt,cell metabolic activity,N,N,N,2.54,2.54,0.0,1,196.967,0,0.0,-122.60844,372.66,567.35,5.176822,-6.209,0.319,104,3742.3635,1,2.945,3.264,1.328588388,6.528,209.62745,0.306372549,103.96436,2,0
433,Au,Citrate and PVP,28.18,100.0,42.28,NCIH441,H,Human,Epithelial,Lung,72,MTT,Tetrazolium Salt,cell metabolic activity,N,N,N,2.54,2.54,0.0,1,196.967,0,0.0,-122.60844,372.66,567.35,5.176822,-6.209,0.319,104,3742.3635,1,2.945,3.264,1.328588388,6.528,209.62745,0.306372549,99.95546,2,0
434,Au,Citrate and PVP,28.18,300.0,42.28,NCIH441,H,Human,Epithelial,Lung,24,MTT,Tetrazolium Salt,cell metabolic activity,N,N,N,2.54,2.54,0.0,1,196.967,0,0.0,-122.60844,372.66,567.35,5.176822,-6.209,0.319,104,3742.3635,1,2.945,3.264,1.328588388,6.528,209.62745,0.306372549,101.291756,2,0
435,Au,Citrate and PVP,28.18,300.0,42.28,NCIH441,H,Human,Epithelial,Lung,48,MTT,Tetrazolium Salt,cell metabolic activity,N,N,N,2.54,2.54,0.0,1,196.967,0,0.0,-122.60844,372.66,567.35,5.176822,-6.209,0.319,104,3742.3635,1,2.945,3.264,1.328588388,6.528,209.62745,0.306372549,106.10245,2,0
436,Au,Citrate and PVP,28.18,300.0,42.28,NCIH441,H,Human,Epithelial,Lung,72,MTT,Tetrazolium Salt,cell metabolic activity,N,N,N,2.54,2.54,0.0,1,196.967,0,0.0,-122.60844,372.66,567.35,5.176822,-6.209,0.319,104,3742.3635,1,2.945,3.264,1.328588388,6.528,209.62745,0.306372549,102.093544,2,0
437,Au,Citrate and PVP,28.18,500.0,42.28,NCIH441,H,Human,Epithelial,Lung,24,MTT,Tetrazolium Salt,cell metabolic activity,N,N,N,2.54,2.54,0.0,1,196.967,0,0.0,-122.60844,372.66,567.35,5.176822,-6.209,0.319,104,3742.3635,1,2.945,3.264,1.328588388,6.528,209.62745,0.306372549,101.82628,2,0
438,Au,Citrate and PVP,28.18,500.0,42.28,NCIH441,H,Human,Epithelial,Lung,48,MTT,Tetrazolium Salt,cell metabolic activity,N,N,N,2.54,2.54,0.0,1,196.967,0,0.0,-122.60844,372.66,567.35,5.176822,-6.209,0.319,104,3742.3635,1,2.945,3.264,1.328588388,6.528,209.62745,0.306372549,105.30067,2,0
439,Au,Citrate and PVP,28.18,500.0,42.28,NCIH441,H,Human,Epithelial,Lung,72,MTT,Tetrazolium Salt,cell metabolic activity,N,N,N,2.54,2.54,0.0,1,196.967,0,0.0,-122.60844,372.66,567.35,5.176822,-6.209,0.319,104,3742.3635,1,2.945,3.264,1.328588388,6.528,209.62745,0.306372549,104.76614,2,0
440,Au,Citrate and PVP,28.18,700.0,42.28,NCIH441,H,Human,Epithelial,Lung,24,MTT,Tetrazolium Salt,cell metabolic activity,N,N,N,2.54,2.54,0.0,1,196.967,0,0.0,-122.60844,372.66,567.35,5.176822,-6.209,0.319,104,3742.3635,1,2.945,3.264,1.328588388,6.528,209.62745,0.306372549,101.82628,2,0
441,Au,Citrate and PVP,28.18,700.0,42.28,NCIH441,H,Human,Epithelial,Lung,48,MTT,Tetrazolium Salt,cell metabolic activity,N,N,N,2.54,2.54,0.0,1,196.967,0,0.0,-122.60844,372.66,567.35,5.176822,-6.209,0.319,104,3742.3635,1,2.945,3.264,1.328588388,6.528,209.62745,0.306372549,95.94655,2,0
442,Au,Citrate and PVP,28.18,700.0,42.28,NCIH441,H,Human,Epithelial,Lung,72,MTT,Tetrazolium Salt,cell metabolic activity,N,N,N,2.54,2.54,0.0,1,196.967,0,0.0,-122.60844,372.66,567.35,5.176822,-6.209,0.319,104,3742.3635,1,2.945,3.264,1.328588388,6.528,209.62745,0.306372549,97.55011,2,0
443,Au,Star anise,35.0,3.83e-08,42.28,A549,H,Human,Epithelial,Lung,48,ApoTox Glo Triplex,Caspase-Glo 3/7 Reagent,protease activity,N,N,N,2.54,2.54,0.0,1,196.967,0,0.0,-122.60844,372.66,567.35,5.176822,-6.209,0.319,104,3742.3635,1,2.945,3.264,1.328588388,6.528,209.62745,0.306372549,94.210526,2,0
444,Au,Star anise,35.0,1.53e-07,42.28,A549,H,Human,Epithelial,Lung,48,ApoTox Glo Triplex,Caspase-Glo 3/7 Reagent,protease activity,N,N,N,2.54,2.54,0.0,1,196.967,0,0.0,-122.60844,372.66,567.35,5.176822,-6.209,0.319,104,3742.3635,1,2.945,3.264,1.328588388,6.528,209.62745,0.306372549,92.63158,2,0
445,Au,Star anise,35.0,3.06e-07,42.28,A549,H,Human,Epithelial,Lung,48,ApoTox Glo Triplex,Caspase-Glo 3/7 Reagent,protease activity,N,N,N,2.54,2.54,0.0,1,196.967,0,0.0,-122.60844,372.66,567.35,5.176822,-6.209,0.319,104,3742.3635,1,2.945,3.264,1.328588388,6.528,209.62745,0.306372549,90.52631,2,0
446,Au,Star anise,35.0,3.83e-07,42.28,A549,H,Human,Epithelial,Lung,48,ApoTox Glo Triplex,Caspase-Glo 3/7 Reagent,protease activity,N,N,N,2.54,2.54,0.0,1,196.967,0,0.0,-122.60844,372.66,567.35,5.176822,-6.209,0.319,104,3742.3635,1,2.945,3.264,1.328588388,6.528,209.62745,0.306372549,88.42105,2,0
447,Au,Star anise,35.0,7.66e-07,42.28,A549,H,Human,Epithelial,Lung,48,ApoTox Glo Triplex,Caspase-Glo 3/7 Reagent,protease activity,N,N,N,2.54,2.54,0.0,1,196.967,0,0.0,-122.60844,372.66,567.35,5.176822,-6.209,0.319,104,3742.3635,1,2.945,3.264,1.328588388,6.528,209.62745,0.306372549,80.52631,2,0
448,Au,Citrate,35.0,3.83e-08,42.28,A549,H,Human,Epithelial,Lung,48,ApoTox Glo Triplex,Caspase-Glo 3/7 Reagent,protease activity,N,N,N,2.54,2.54,0.0,1,196.967,0,0.0,-122.60844,372.66,567.35,5.176822,-6.209,0.319,104,3742.3635,1,2.945,3.264,1.328588388,6.528,209.62745,0.306372549,93.68421,2,0
449,Au,Citrate,35.0,1.53e-07,42.28,A549,H,Human,Epithelial,Lung,48,ApoTox Glo Triplex,Caspase-Glo 3/7 Reagent,protease activity,N,N,N,2.54,2.54,0.0,1,196.967,0,0.0,-122.60844,372.66,567.35,5.176822,-6.209,0.319,104,3742.3635,1,2.945,3.264,1.328588388,6.528,209.62745,0.306372549,89.47369,2,0
450,Au,Citrate,35.0,3.06e-07,42.28,A549,H,Human,Epithelial,Lung,48,ApoTox Glo Triplex,Caspase-Glo 3/7 Reagent,protease activity,N,N,N,2.54,2.54,0.0,1,196.967,0,0.0,-122.60844,372.66,567.35,5.176822,-6.209,0.319,104,3742.3635,1,2.945,3.264,1.328588388,6.528,209.62745,0.306372549,84.210526,2,0
451,Au,Citrate,35.0,3.83e-07,42.28,A549,H,Human,Epithelial,Lung,48,ApoTox Glo Triplex,Caspase-Glo 3/7 Reagent,protease activity,N,N,N,2.54,2.54,0.0,1,196.967,0,0.0,-122.60844,372.66,567.35,5.176822,-6.209,0.319,104,3742.3635,1,2.945,3.264,1.328588388,6.528,209.62745,0.306372549,81.57895,2,0
452,Au,Citrate,35.0,7.66e-07,42.28,A549,H,Human,Epithelial,Lung,48,ApoTox Glo Triplex,Caspase-Glo 3/7 Reagent,protease activity,N,N,N,2.54,2.54,0.0,1,196.967,0,0.0,-122.60844,372.66,567.35,5.176822,-6.209,0.319,104,3742.3635,1,2.945,3.264,1.328588388,6.528,209.62745,0.306372549,74.73684,2,0
453,Au,Citrate,35.0,3.83e-08,42.28,A549,H,Human,Epithelial,Lung,48,ApoTox Glo Triplex,Caspase-Glo 3/7 Reagent,protease activity,N,N,N,2.54,2.54,0.0,1,196.967,0,0.0,-122.60844,372.66,567.35,5.176822,-6.209,0.319,104,3742.3635,1,2.945,3.264,1.328588388,6.528,209.62745,0.306372549,92.63158,2,0
454,Au,Citrate,35.0,1.53e-07,42.28,A549,H,Human,Epithelial,Lung,48,ApoTox Glo Triplex,Caspase-Glo 3/7 Reagent,protease activity,N,N,N,2.54,2.54,0.0,1,196.967,0,0.0,-122.60844,372.66,567.35,5.176822,-6.209,0.319,104,3742.3635,1,2.945,3.264,1.328588388,6.528,209.62745,0.306372549,89.47369,2,0
455,Au,Citrate,35.0,3.06e-07,42.28,A549,H,Human,Epithelial,Lung,48,ApoTox Glo Triplex,Caspase-Glo 3/7 Reagent,protease activity,N,N,N,2.54,2.54,0.0,1,196.967,0,0.0,-122.60844,372.66,567.35,5.176822,-6.209,0.319,104,3742.3635,1,2.945,3.264,1.328588388,6.528,209.62745,0.306372549,82.10526,2,0
456,Au,Citrate,35.0,3.83e-07,42.28,A549,H,Human,Epithelial,Lung,48,ApoTox Glo Triplex,Caspase-Glo 3/7 Reagent,protease activity,N,N,N,2.54,2.54,0.0,1,196.967,0,0.0,-122.60844,372.66,567.35,5.176822,-6.209,0.319,104,3742.3635,1,2.945,3.264,1.328588388,6.528,209.62745,0.306372549,74.73684,2,0
457,Au,Sodium borohydride,35.0,7.66e-07,42.28,A549,H,Human,Epithelial,Lung,48,ApoTox Glo Triplex,Caspase-Glo 3/7 Reagent,protease activity,N,N,N,2.54,2.54,0.0,1,196.967,0,0.0,-122.60844,372.66,567.35,5.176822,-6.209,0.319,104,3742.3635,1,2.945,3.264,1.328588388,6.528,209.62745,0.306372549,69.47369,2,0
458,Au,,25.0,0.001050567,42.28,MDAMB231,H,Human,Epithelial,Breast,48,MTT,Tetrazolium Salt,cell metabolic activity,N,N,N,2.54,2.54,0.0,1,196.967,0,0.0,-122.60844,372.66,567.35,5.176822,-6.209,0.319,104,3742.3635,1,2.945,3.264,1.328588388,6.528,209.62745,0.306372549,62.41379,2,0
459,Au,,25.0,0.000525283,42.28,MDAMB231,H,Human,Epithelial,Breast,48,MTT,Tetrazolium Salt,cell metabolic activity,N,N,N,2.54,2.54,0.0,1,196.967,0,0.0,-122.60844,372.66,567.35,5.176822,-6.209,0.319,104,3742.3635,1,2.945,3.264,1.328588388,6.528,209.62745,0.306372549,66.206894,2,0
460,Au,,25.0,0.000105057,42.28,MDAMB231,H,Human,Epithelial,Breast,48,MTT,Tetrazolium Salt,cell metabolic activity,N,N,N,2.54,2.54,0.0,1,196.967,0,0.0,-122.60844,372.66,567.35,5.176822,-6.209,0.319,104,3742.3635,1,2.945,3.264,1.328588388,6.528,209.62745,0.306372549,77.586205,2,0
461,Au,,25.0,1.05e-05,42.28,MDAMB231,H,Human,Epithelial,Breast,48,MTT,Tetrazolium Salt,cell metabolic activity,N,N,N,2.54,2.54,0.0,1,196.967,0,0.0,-122.60844,372.66,567.35,5.176822,-6.209,0.319,104,3742.3635,1,2.945,3.264,1.328588388,6.528,209.62745,0.306372549,80.0,2,0
462,Au,,38.0,1.015398519,42.28,MG63,H,Human,Fibroblast,Bone,24,MTT,Tetrazolium Salt,cell metabolic activity,N,N,N,2.54,2.54,0.0,1,196.967,0,0.0,-122.60844,372.66,567.35,5.176822,-6.209,0.319,104,3742.3635,1,2.945,3.264,1.328588388,6.528,209.62745,0.306372549,98.827,2,0
463,Au,,38.0,2.030797037,42.28,MG63,H,Human,Fibroblast,Bone,24,MTT,Tetrazolium Salt,cell metabolic activity,N,N,N,2.54,2.54,0.0,1,196.967,0,0.0,-122.60844,372.66,567.35,5.176822,-6.209,0.319,104,3742.3635,1,2.945,3.264,1.328588388,6.528,209.62745,0.306372549,91.134,2,0
464,Au,,38.0,4.061594074,42.28,MG63,H,Human,Fibroblast,Bone,24,MTT,Tetrazolium Salt,cell metabolic activity,N,N,N,2.54,2.54,0.0,1,196.967,0,0.0,-122.60844,372.66,567.35,5.176822,-6.209,0.319,104,3742.3635,1,2.945,3.264,1.328588388,6.528,209.62745,0.306372549,79.531,2,0
465,Au,,46.0,1.015398519,42.28,MG63,H,Human,Fibroblast,Bone,24,MTT,Tetrazolium Salt,cell metabolic activity,N,N,N,2.54,2.54,0.0,1,196.967,0,0.0,-122.60844,372.66,567.35,5.176822,-6.209,0.319,104,3742.3635,1,2.945,3.264,1.328588388,6.528,209.62745,0.306372549,91.134,2,0
466,Au,,46.0,2.030797037,42.28,MG63,H,Human,Fibroblast,Bone,24,MTT,Tetrazolium Salt,cell metabolic activity,N,N,N,2.54,2.54,0.0,1,196.967,0,0.0,-122.60844,372.66,567.35,5.176822,-6.209,0.319,104,3742.3635,1,2.945,3.264,1.328588388,6.528,209.62745,0.306372549,87.223,2,0
467,Au,,46.0,4.061594074,42.28,MG63,H,Human,Fibroblast,Bone,24,MTT,Tetrazolium Salt,cell metabolic activity,N,N,N,2.54,2.54,0.0,1,196.967,0,0.0,-122.60844,372.66,567.35,5.176822,-6.209,0.319,104,3742.3635,1,2.945,3.264,1.328588388,6.528,209.62745,0.306372549,47.849,1,1
468,Au,,60.0,1.015398519,42.28,MG63,H,Human,Fibroblast,Bone,24,MTT,Tetrazolium Salt,cell metabolic activity,N,N,N,2.54,2.54,0.0,1,196.967,0,0.0,-122.60844,372.66,567.35,5.176822,-6.209,0.319,104,3742.3635,1,2.945,3.264,1.328588388,6.528,209.62745,0.306372549,91.134,2,0
469,Au,,60.0,2.030797037,42.28,MG63,H,Human,Fibroblast,Bone,24,MTT,Tetrazolium Salt,cell metabolic activity,N,N,N,2.54,2.54,0.0,1,196.967,0,0.0,-122.60844,372.66,567.35,5.176822,-6.209,0.319,104,3742.3635,1,2.945,3.264,1.328588388,6.528,209.62745,0.306372549,87.353,2,0
470,Au,,60.0,4.061594074,42.28,MG63,H,Human,Fibroblast,Bone,24,MTT,Tetrazolium Salt,cell metabolic activity,N,N,N,2.54,2.54,0.0,1,196.967,0,0.0,-122.60844,372.66,567.35,5.176822,-6.209,0.319,104,3742.3635,1,2.945,3.264,1.328588388,6.528,209.62745,0.306372549,56.845,2,0
471,Au,Chitosan,8.7,31.25000127,42.28,AGS,H,Human,Epithelial,Stomach,24,MTT,Tetrazolium Salt,cell metabolic activity,N,N,N,2.54,2.54,0.0,1,196.967,0,0.0,-122.60844,372.66,567.35,5.176822,-6.209,0.319,104,3742.3635,1,2.945,3.264,1.328588388,6.528,209.62745,0.306372549,79.57,2,0
472,Au,Chitosan,8.7,62.50000254,42.28,AGS,H,Human,Epithelial,Stomach,24,MTT,Tetrazolium Salt,cell metabolic activity,N,N,N,2.54,2.54,0.0,1,196.967,0,0.0,-122.60844,372.66,567.35,5.176822,-6.209,0.319,104,3742.3635,1,2.945,3.264,1.328588388,6.528,209.62745,0.306372549,80.645,2,0
473,Au,Chitosan,8.7,125.0,42.28,AGS,H,Human,Epithelial,Stomach,24,MTT,Tetrazolium Salt,cell metabolic activity,N,N,N,2.54,2.54,0.0,1,196.967,0,0.0,-122.60844,372.66,567.35,5.176822,-6.209,0.319,104,3742.3635,1,2.945,3.264,1.328588388,6.528,209.62745,0.306372549,82.437,2,0
474,Au,Chitosan,8.7,250.0,42.28,AGS,H,Human,Epithelial,Stomach,24,MTT,Tetrazolium Salt,cell metabolic activity,N,N,N,2.54,2.54,0.0,1,196.967,0,0.0,-122.60844,372.66,567.35,5.176822,-6.209,0.319,104,3742.3635,1,2.945,3.264,1.328588388,6.528,209.62745,0.306372549,82.079,2,0
475,Au,Chitosan,8.7,500.0,42.28,AGS,H,Human,Epithelial,Stomach,24,MTT,Tetrazolium Salt,cell metabolic activity,N,N,N,2.54,2.54,0.0,1,196.967,0,0.0,-122.60844,372.66,567.35,5.176822,-6.209,0.319,104,3742.3635,1,2.945,3.264,1.328588388,6.528,209.62745,0.306372549,70.968,2,0
476,Au,Chitosan,99.0,31.25000127,47.44,AGS,H,Human,Epithelial,Stomach,24,MTT,Tetrazolium Salt,cell metabolic activity,N,N,N,2.54,2.54,0.0,1,196.967,0,0.0,-122.60844,372.66,567.35,5.176822,-6.209,0.319,104,3742.3635,1,2.945,3.264,1.328588388,6.528,209.62745,0.306372549,88.53,2,0
477,Au,Chitosan,99.0,62.50000254,47.44,AGS,H,Human,Epithelial,Stomach,24,MTT,Tetrazolium Salt,cell metabolic activity,N,N,N,2.54,2.54,0.0,1,196.967,0,0.0,-122.60844,372.66,567.35,5.176822,-6.209,0.319,104,3742.3635,1,2.945,3.264,1.328588388,6.528,209.62745,0.306372549,89.068,2,0
478,Au,Chitosan,99.0,125.0,47.44,AGS,H,Human,Epithelial,Stomach,24,MTT,Tetrazolium Salt,cell metabolic activity,N,N,N,2.54,2.54,0.0,1,196.967,0,0.0,-122.60844,372.66,567.35,5.176822,-6.209,0.319,104,3742.3635,1,2.945,3.264,1.328588388,6.528,209.62745,0.306372549,85.484,2,0
479,Au,Chitosan,99.0,250.0,47.44,AGS,H,Human,Epithelial,Stomach,24,MTT,Tetrazolium Salt,cell metabolic activity,N,N,N,2.54,2.54,0.0,1,196.967,0,0.0,-122.60844,372.66,567.35,5.176822,-6.209,0.319,104,3742.3635,1,2.945,3.264,1.328588388,6.528,209.62745,0.306372549,78.495,2,0
480,Au,Chitosan,99.0,500.0,47.44,AGS,H,Human,Epithelial,Stomach,24,MTT,Tetrazolium Salt,cell metabolic activity,N,N,N,2.54,2.54,0.0,1,196.967,0,0.0,-122.60844,372.66,567.35,5.176822,-6.209,0.319,104,3742.3635,1,2.945,3.264,1.328588388,6.528,209.62745,0.306372549,48.746,1,1
481,Au,Chitosan,99.0,31.25000127,33.23,AGS,H,Human,Epithelial,Stomach,24,MTT,Tetrazolium Salt,cell metabolic activity,N,N,N,2.54,2.54,0.0,1,196.967,0,0.0,-122.60844,372.66,567.35,5.176822,-6.209,0.319,104,3742.3635,1,2.945,3.264,1.328588388,6.528,209.62745,0.306372549,17.921,1,1
482,Au,Chitosan,99.0,62.50000254,33.23,AGS,H,Human,Epithelial,Stomach,24,MTT,Tetrazolium Salt,cell metabolic activity,N,N,N,2.54,2.54,0.0,1,196.967,0,0.0,-122.60844,372.66,567.35,5.176822,-6.209,0.319,104,3742.3635,1,2.945,3.264,1.328588388,6.528,209.62745,0.306372549,19.176,1,1
483,Au,Chitosan,99.0,125.0,33.23,AGS,H,Human,Epithelial,Stomach,24,MTT,Tetrazolium Salt,cell metabolic activity,N,N,N,2.54,2.54,0.0,1,196.967,0,0.0,-122.60844,372.66,567.35,5.176822,-6.209,0.319,104,3742.3635,1,2.945,3.264,1.328588388,6.528,209.62745,0.306372549,19.534,1,1
484,Au,Chitosan,99.0,250.0,33.23,AGS,H,Human,Epithelial,Stomach,24,MTT,Tetrazolium Salt,cell metabolic activity,N,N,N,2.54,2.54,0.0,1,196.967,0,0.0,-122.60844,372.66,567.35,5.176822,-6.209,0.319,104,3742.3635,1,2.945,3.264,1.328588388,6.528,209.62745,0.306372549,21.326,1,1
485,Au,Chitosan,99.0,500.0,33.23,AGS,H,Human,Epithelial,Stomach,24,MTT,Tetrazolium Salt,cell metabolic activity,N,N,N,2.54,2.54,0.0,1,196.967,0,0.0,-122.60844,372.66,567.35,5.176822,-6.209,0.319,104,3742.3635,1,2.945,3.264,1.328588388,6.528,209.62745,0.306372549,3.7634,1,1
486,Au,Chitosan,8.7,31.25000127,42.28,HeLa,H,Human,Epithelial,Cervix,24,MTT,Tetrazolium Salt,cell metabolic activity,N,N,N,2.54,2.54,0.0,1,196.967,0,0.0,-122.60844,372.66,567.35,5.176822,-6.209,0.319,104,3742.3635,1,2.945,3.264,1.328588388,6.528,209.62745,0.306372549,107.26,2,0
487,Au,Chitosan,8.7,62.50000254,42.28,HeLa,H,Human,Epithelial,Cervix,24,MTT,Tetrazolium Salt,cell metabolic activity,N,N,N,2.54,2.54,0.0,1,196.967,0,0.0,-122.60844,372.66,567.35,5.176822,-6.209,0.319,104,3742.3635,1,2.945,3.264,1.328588388,6.528,209.62745,0.306372549,101.59,2,0
488,Au,Chitosan,8.7,125.0,42.28,HeLa,H,Human,Epithelial,Cervix,24,MTT,Tetrazolium Salt,cell metabolic activity,N,N,N,2.54,2.54,0.0,1,196.967,0,0.0,-122.60844,372.66,567.35,5.176822,-6.209,0.319,104,3742.3635,1,2.945,3.264,1.328588388,6.528,209.62745,0.306372549,98.761,2,0
489,Au,Chitosan,8.7,250.0,42.28,HeLa,H,Human,Epithelial,Cervix,24,MTT,Tetrazolium Salt,cell metabolic activity,N,N,N,2.54,2.54,0.0,1,196.967,0,0.0,-122.60844,372.66,567.35,5.176822,-6.209,0.319,104,3742.3635,1,2.945,3.264,1.328588388,6.528,209.62745,0.306372549,85.664,2,0
490,Au,Chitosan,8.7,500.0,42.28,HeLa,H,Human,Epithelial,Cervix,24,MTT,Tetrazolium Salt,cell metabolic activity,N,N,N,2.54,2.54,0.0,1,196.967,0,0.0,-122.60844,372.66,567.35,5.176822,-6.209,0.319,104,3742.3635,1,2.945,3.264,1.328588388,6.528,209.62745,0.306372549,67.257,2,0
491,Au,Chitosan,99.0,31.25000127,47.44,HeLa,H,Human,Epithelial,Cervix,24,MTT,Tetrazolium Salt,cell metabolic activity,N,N,N,2.54,2.54,0.0,1,196.967,0,0.0,-122.60844,372.66,567.35,5.176822,-6.209,0.319,104,3742.3635,1,2.945,3.264,1.328588388,6.528,209.62745,0.306372549,84.779,2,0
492,Au,Chitosan,99.0,62.50000254,47.44,HeLa,H,Human,Epithelial,Cervix,24,MTT,Tetrazolium Salt,cell metabolic activity,N,N,N,2.54,2.54,0.0,1,196.967,0,0.0,-122.60844,372.66,567.35,5.176822,-6.209,0.319,104,3742.3635,1,2.945,3.264,1.328588388,6.528,209.62745,0.306372549,83.54,2,0
493,Au,Chitosan,99.0,125.0,47.44,HeLa,H,Human,Epithelial,Cervix,24,MTT,Tetrazolium Salt,cell metabolic activity,N,N,N,2.54,2.54,0.0,1,196.967,0,0.0,-122.60844,372.66,567.35,5.176822,-6.209,0.319,104,3742.3635,1,2.945,3.264,1.328588388,6.528,209.62745,0.306372549,76.637,2,0
494,Au,Chitosan,99.0,250.0,47.44,HeLa,H,Human,Epithelial,Cervix,24,MTT,Tetrazolium Salt,cell metabolic activity,N,N,N,2.54,2.54,0.0,1,196.967,0,0.0,-122.60844,372.66,567.35,5.176822,-6.209,0.319,104,3742.3635,1,2.945,3.264,1.328588388,6.528,209.62745,0.306372549,60.885,2,0
495,Au,Chitosan,99.0,500.0,47.44,HeLa,H,Human,Epithelial,Cervix,24,MTT,Tetrazolium Salt,cell metabolic activity,N,N,N,2.54,2.54,0.0,1,196.967,0,0.0,-122.60844,372.66,567.35,5.176822,-6.209,0.319,104,3742.3635,1,2.945,3.264,1.328588388,6.528,209.62745,0.306372549,34.69,1,1
496,Au,Chitosan,99.0,31.25000127,33.23,HeLa,H,Human,Epithelial,Cervix,24,MTT,Tetrazolium Salt,cell metabolic activity,N,N,N,2.54,2.54,0.0,1,196.967,0,0.0,-122.60844,372.66,567.35,5.176822,-6.209,0.319,104,3742.3635,1,2.945,3.264,1.328588388,6.528,209.62745,0.306372549,5.4867,1,1
497,Au,Chitosan,99.0,62.50000254,33.23,HeLa,H,Human,Epithelial,Cervix,24,MTT,Tetrazolium Salt,cell metabolic activity,N,N,N,2.54,2.54,0.0,1,196.967,0,0.0,-122.60844,372.66,567.35,5.176822,-6.209,0.319,104,3742.3635,1,2.945,3.264,1.328588388,6.528,209.62745,0.306372549,5.4867,1,1
498,Au,Chitosan,99.0,125.0,33.23,HeLa,H,Human,Epithelial,Cervix,24,MTT,Tetrazolium Salt,cell metabolic activity,N,N,N,2.54,2.54,0.0,1,196.967,0,0.0,-122.60844,372.66,567.35,5.176822,-6.209,0.319,104,3742.3635,1,2.945,3.264,1.328588388,6.528,209.62745,0.306372549,5.4867,1,1
499,Au,Chitosan,99.0,250.0,33.23,HeLa,H,Human,Epithelial,Cervix,24,MTT,Tetrazolium Salt,cell metabolic activity,N,N,N,2.54,2.54,0.0,1,196.967,0,0.0,-122.60844,372.66,567.35,5.176822,-6.209,0.319,104,3742.3635,1,2.945,3.264,1.328588388,6.528,209.62745,0.306372549,4.2478,1,1
500,Au,Chitosan,99.0,500.0,33.23,HeLa,H,Human,Epithelial,Cervix,24,MTT,Tetrazolium Salt,cell metabolic activity,N,N,N,2.54,2.54,0.0,1,196.967,0,0.0,-122.60844,372.66,567.35,5.176822,-6.209,0.319,104,3742.3635,1,2.945,3.264,1.328588388,6.528,209.62745,0.306372549,4.2478,1,1
501,Au,Chitosan,8.7,31.25000127,42.28,HepG2,H,Human,Epithelial,Liver,24,MTT,Tetrazolium Salt,cell metabolic activity,N,N,N,2.54,2.54,0.0,1,196.967,0,0.0,-122.60844,372.66,567.35,5.176822,-6.209,0.319,104,3742.3635,1,2.945,3.264,1.328588388,6.528,209.62745,0.306372549,71.45,2,0
502,Au,Chitosan,8.7,62.50000254,42.28,HepG2,H,Human,Epithelial,Liver,24,MTT,Tetrazolium Salt,cell metabolic activity,N,N,N,2.54,2.54,0.0,1,196.967,0,0.0,-122.60844,372.66,567.35,5.176822,-6.209,0.319,104,3742.3635,1,2.945,3.264,1.328588388,6.528,209.62745,0.306372549,63.976,2,0
503,Au,Chitosan,8.7,125.0,42.28,HepG2,H,Human,Epithelial,Liver,24,MTT,Tetrazolium Salt,cell metabolic activity,N,N,N,2.54,2.54,0.0,1,196.967,0,0.0,-122.60844,372.66,567.35,5.176822,-6.209,0.319,104,3742.3635,1,2.945,3.264,1.328588388,6.528,209.62745,0.306372549,50.673,2,0
504,Au,Chitosan,8.7,250.0,42.28,HepG2,H,Human,Epithelial,Liver,24,MTT,Tetrazolium Salt,cell metabolic activity,N,N,N,2.54,2.54,0.0,1,196.967,0,0.0,-122.60844,372.66,567.35,5.176822,-6.209,0.319,104,3742.3635,1,2.945,3.264,1.328588388,6.528,209.62745,0.306372549,46.637,1,1
505,Au,Chitosan,8.7,500.0,42.28,HepG2,H,Human,Epithelial,Liver,24,MTT,Tetrazolium Salt,cell metabolic activity,N,N,N,2.54,2.54,0.0,1,196.967,0,0.0,-122.60844,372.66,567.35,5.176822,-6.209,0.319,104,3742.3635,1,2.945,3.264,1.328588388,6.528,209.62745,0.306372549,36.921,1,1
506,Au,Chitosan,99.0,31.25000127,47.44,HepG2,H,Human,Epithelial,Liver,24,MTT,Tetrazolium Salt,cell metabolic activity,N,N,N,2.54,2.54,0.0,1,196.967,0,0.0,-122.60844,372.66,567.35,5.176822,-6.209,0.319,104,3742.3635,1,2.945,3.264,1.328588388,6.528,209.62745,0.306372549,60.538,2,0
507,Au,Chitosan,99.0,62.50000254,47.44,HepG2,H,Human,Epithelial,Liver,24,MTT,Tetrazolium Salt,cell metabolic activity,N,N,N,2.54,2.54,0.0,1,196.967,0,0.0,-122.60844,372.66,567.35,5.176822,-6.209,0.319,104,3742.3635,1,2.945,3.264,1.328588388,6.528,209.62745,0.306372549,59.791,2,0
508,Au,Chitosan,99.0,125.0,47.44,HepG2,H,Human,Epithelial,Liver,24,MTT,Tetrazolium Salt,cell metabolic activity,N,N,N,2.54,2.54,0.0,1,196.967,0,0.0,-122.60844,372.66,567.35,5.176822,-6.209,0.319,104,3742.3635,1,2.945,3.264,1.328588388,6.528,209.62745,0.306372549,31.54,1,1
509,Au,Chitosan,99.0,250.0,47.44,HepG2,H,Human,Epithelial,Liver,24,MTT,Tetrazolium Salt,cell metabolic activity,N,N,N,2.54,2.54,0.0,1,196.967,0,0.0,-122.60844,372.66,567.35,5.176822,-6.209,0.319,104,3742.3635,1,2.945,3.264,1.328588388,6.528,209.62745,0.306372549,1.9432,1,1
510,Au,Chitosan,99.0,500.0,47.44,HepG2,H,Human,Epithelial,Liver,24,MTT,Tetrazolium Salt,cell metabolic activity,N,N,N,2.54,2.54,0.0,1,196.967,0,0.0,-122.60844,372.66,567.35,5.176822,-6.209,0.319,104,3742.3635,1,2.945,3.264,1.328588388,6.528,209.62745,0.306372549,3.5874,1,1
511,Au,Chitosan,99.0,31.25000127,33.23,HepG2,H,Human,Epithelial,Liver,24,MTT,Tetrazolium Salt,cell metabolic activity,N,N,N,2.54,2.54,0.0,1,196.967,0,0.0,-122.60844,372.66,567.35,5.176822,-6.209,0.319,104,3742.3635,1,2.945,3.264,1.328588388,6.528,209.62745,0.306372549,4.6338,1,1
512,Au,Chitosan,99.0,62.50000254,33.23,HepG2,H,Human,Epithelial,Liver,24,MTT,Tetrazolium Salt,cell metabolic activity,N,N,N,2.54,2.54,0.0,1,196.967,0,0.0,-122.60844,372.66,567.35,5.176822,-6.209,0.319,104,3742.3635,1,2.945,3.264,1.328588388,6.528,209.62745,0.306372549,4.0359,1,1
513,Au,Chitosan,99.0,125.0,33.23,HepG2,H,Human,Epithelial,Liver,24,MTT,Tetrazolium Salt,cell metabolic activity,N,N,N,2.54,2.54,0.0,1,196.967,0,0.0,-122.60844,372.66,567.35,5.176822,-6.209,0.319,104,3742.3635,1,2.945,3.264,1.328588388,6.528,209.62745,0.306372549,2.9895,1,1
514,Au,Chitosan,99.0,250.0,33.23,HepG2,H,Human,Epithelial,Liver,24,MTT,Tetrazolium Salt,cell metabolic activity,N,N,N,2.54,2.54,0.0,1,196.967,0,0.0,-122.60844,372.66,567.35,5.176822,-6.209,0.319,104,3742.3635,1,2.945,3.264,1.328588388,6.528,209.62745,0.306372549,1.3453,1,1
515,Au,Chitosan,99.0,500.0,33.23,HepG2,H,Human,Epithelial,Liver,24,MTT,Tetrazolium Salt,cell metabolic activity,N,N,N,2.54,2.54,0.0,1,196.967,0,0.0,-122.60844,372.66,567.35,5.176822,-6.209,0.319,104,3742.3635,1,2.945,3.264,1.328588388,6.528,209.62745,0.306372549,1.1958,1,1
516,Au,Chitosan,8.7,31.25000127,42.28,HT29,H,Human,Epithelial,Colon,24,MTT,Tetrazolium Salt,cell metabolic activity,N,N,N,2.54,2.54,0.0,1,196.967,0,0.0,-122.60844,372.66,567.35,5.176822,-6.209,0.319,104,3742.3635,1,2.945,3.264,1.328588388,6.528,209.62745,0.306372549,97.369,2,0
517,Au,Chitosan,8.7,62.50000254,42.28,HT29,H,Human,Epithelial,Colon,24,MTT,Tetrazolium Salt,cell metabolic activity,N,N,N,2.54,2.54,0.0,1,196.967,0,0.0,-122.60844,372.66,567.35,5.176822,-6.209,0.319,104,3742.3635,1,2.945,3.264,1.328588388,6.528,209.62745,0.306372549,95.658,2,0
518,Au,Chitosan,8.7,125.0,42.28,HT29,H,Human,Epithelial,Colon,24,MTT,Tetrazolium Salt,cell metabolic activity,N,N,N,2.54,2.54,0.0,1,196.967,0,0.0,-122.60844,372.66,567.35,5.176822,-6.209,0.319,104,3742.3635,1,2.945,3.264,1.328588388,6.528,209.62745,0.306372549,93.756,2,0
519,Au,Chitosan,8.7,250.0,42.28,HT29,H,Human,Epithelial,Colon,24,MTT,Tetrazolium Salt,cell metabolic activity,N,N,N,2.54,2.54,0.0,1,196.967,0,0.0,-122.60844,372.66,567.35,5.176822,-6.209,0.319,104,3742.3635,1,2.945,3.264,1.328588388,6.528,209.62745,0.306372549,92.805,2,0
520,Au,Chitosan,8.7,500.0,42.28,HT29,H,Human,Epithelial,Colon,24,MTT,Tetrazolium Salt,cell metabolic activity,N,N,N,2.54,2.54,0.0,1,196.967,0,0.0,-122.60844,372.66,567.35,5.176822,-6.209,0.319,104,3742.3635,1,2.945,3.264,1.328588388,6.528,209.62745,0.306372549,75.689,2,0
521,Au,Chitosan,99.0,31.25000127,47.44,HT29,H,Human,Epithelial,Colon,24,MTT,Tetrazolium Salt,cell metabolic activity,N,N,N,2.54,2.54,0.0,1,196.967,0,0.0,-122.60844,372.66,567.35,5.176822,-6.209,0.319,104,3742.3635,1,2.945,3.264,1.328588388,6.528,209.62745,0.306372549,99.271,2,0
522,Au,Chitosan,99.0,62.50000254,47.44,HT29,H,Human,Epithelial,Colon,24,MTT,Tetrazolium Salt,cell metabolic activity,N,N,N,2.54,2.54,0.0,1,196.967,0,0.0,-122.60844,372.66,567.35,5.176822,-6.209,0.319,104,3742.3635,1,2.945,3.264,1.328588388,6.528,209.62745,0.306372549,96.038,2,0
523,Au,Chitosan,99.0,125.0,47.44,HT29,H,Human,Epithelial,Colon,24,MTT,Tetrazolium Salt,cell metabolic activity,N,N,N,2.54,2.54,0.0,1,196.967,0,0.0,-122.60844,372.66,567.35,5.176822,-6.209,0.319,104,3742.3635,1,2.945,3.264,1.328588388,6.528,209.62745,0.306372549,89.952,2,0
524,Au,Chitosan,99.0,250.0,47.44,HT29,H,Human,Epithelial,Colon,24,MTT,Tetrazolium Salt,cell metabolic activity,N,N,N,2.54,2.54,0.0,1,196.967,0,0.0,-122.60844,372.66,567.35,5.176822,-6.209,0.319,104,3742.3635,1,2.945,3.264,1.328588388,6.528,209.62745,0.306372549,82.536,2,0
525,Au,Chitosan,99.0,500.0,47.44,HT29,H,Human,Epithelial,Colon,24,MTT,Tetrazolium Salt,cell metabolic activity,N,N,N,2.54,2.54,0.0,1,196.967,0,0.0,-122.60844,372.66,567.35,5.176822,-6.209,0.319,104,3742.3635,1,2.945,3.264,1.328588388,6.528,209.62745,0.306372549,48.875,1,1
526,Au,Chitosan,99.0,31.25000127,33.23,HT29,H,Human,Epithelial,Colon,24,MTT,Tetrazolium Salt,cell metabolic activity,N,N,N,2.54,2.54,0.0,1,196.967,0,0.0,-122.60844,372.66,567.35,5.176822,-6.209,0.319,104,3742.3635,1,2.945,3.264,1.328588388,6.528,209.62745,0.306372549,3.4231,1,1
527,Au,Chitosan,99.0,62.50000254,33.23,HT29,H,Human,Epithelial,Colon,24,MTT,Tetrazolium Salt,cell metabolic activity,N,N,N,2.54,2.54,0.0,1,196.967,0,0.0,-122.60844,372.66,567.35,5.176822,-6.209,0.319,104,3742.3635,1,2.945,3.264,1.328588388,6.528,209.62745,0.306372549,3.4231,1,1
528,Au,Chitosan,99.0,125.0,33.23,HT29,H,Human,Epithelial,Colon,24,MTT,Tetrazolium Salt,cell metabolic activity,N,N,N,2.54,2.54,0.0,1,196.967,0,0.0,-122.60844,372.66,567.35,5.176822,-6.209,0.319,104,3742.3635,1,2.945,3.264,1.328588388,6.528,209.62745,0.306372549,3.0428,1,1
529,Au,Chitosan,99.0,250.0,33.23,HT29,H,Human,Epithelial,Colon,24,MTT,Tetrazolium Salt,cell metabolic activity,N,N,N,2.54,2.54,0.0,1,196.967,0,0.0,-122.60844,372.66,567.35,5.176822,-6.209,0.319,104,3742.3635,1,2.945,3.264,1.328588388,6.528,209.62745,0.306372549,1.9017,1,1
530,Au,Chitosan,99.0,500.0,33.23,HT29,H,Human,Epithelial,Colon,24,MTT,Tetrazolium Salt,cell metabolic activity,N,N,N,2.54,2.54,0.0,1,196.967,0,0.0,-122.60844,372.66,567.35,5.176822,-6.209,0.319,104,3742.3635,1,2.945,3.264,1.328588388,6.528,209.62745,0.306372549,2.2821,1,1
531,Au,Chitosan,50.0,8.0,33.23,HepG2,H,Human,Epithelial,Liver,24,MTT,Tetrazolium Salt,cell metabolic activity,N,N,N,2.54,2.54,0.0,1,196.967,0,0.0,-122.60844,372.66,567.35,5.176822,-6.209,0.319,104,3742.3635,1,2.945,3.264,1.328588388,6.528,209.62745,0.306372549,93.237,2,0
532,Au,Chitosan,50.0,16.0,33.23,HepG2,H,Human,Epithelial,Liver,24,MTT,Tetrazolium Salt,cell metabolic activity,N,N,N,2.54,2.54,0.0,1,196.967,0,0.0,-122.60844,372.66,567.35,5.176822,-6.209,0.319,104,3742.3635,1,2.945,3.264,1.328588388,6.528,209.62745,0.306372549,74.101,2,0
533,Au,Chitosan,99.0,31.0,33.23,HepG2,H,Human,Epithelial,Liver,24,MTT,Tetrazolium Salt,cell metabolic activity,N,N,N,2.54,2.54,0.0,1,196.967,0,0.0,-122.60844,372.66,567.35,5.176822,-6.209,0.319,104,3742.3635,1,2.945,3.264,1.328588388,6.528,209.62745,0.306372549,20.144,1,1
534,Au,Chitosan,99.0,62.50000254,33.23,HepG2,H,Human,Epithelial,Liver,24,MTT,Tetrazolium Salt,cell metabolic activity,N,N,N,2.54,2.54,0.0,1,196.967,0,0.0,-122.60844,372.66,567.35,5.176822,-6.209,0.319,104,3742.3635,1,2.945,3.264,1.328588388,6.528,209.62745,0.306372549,21.295,1,1
535,Au,Chitosan,99.0,125.0,33.23,HepG2,H,Human,Epithelial,Liver,24,MTT,Tetrazolium Salt,cell metabolic activity,N,N,N,2.54,2.54,0.0,1,196.967,0,0.0,-122.60844,372.66,567.35,5.176822,-6.209,0.319,104,3742.3635,1,2.945,3.264,1.328588388,6.528,209.62745,0.306372549,15.108,1,1
536,Au,,25.0,12.69248148,42.28,A549,H,Human,Epithelial,Lung,4,CCK8,Tetrazolium Salt,cell metabolic activity,N,N,N,2.54,2.54,0.0,1,196.967,0,0.0,-122.60844,372.66,567.35,5.176822,-6.209,0.319,104,3742.3635,1,2.945,3.264,1.328588388,6.528,209.62745,0.306372549,96.783,2,0
537,Au,,25.0,25.38496296,42.28,A549,H,Human,Epithelial,Lung,4,CCK8,Tetrazolium Salt,cell metabolic activity,N,N,N,2.54,2.54,0.0,1,196.967,0,0.0,-122.60844,372.66,567.35,5.176822,-6.209,0.319,104,3742.3635,1,2.945,3.264,1.328588388,6.528,209.62745,0.306372549,69.437,2,0
538,Au,,25.0,38.07744445,42.28,A549,H,Human,Epithelial,Lung,4,CCK8,Tetrazolium Salt,cell metabolic activity,N,N,N,2.54,2.54,0.0,1,196.967,0,0.0,-122.60844,372.66,567.35,5.176822,-6.209,0.319,104,3742.3635,1,2.945,3.264,1.328588388,6.528,209.62745,0.306372549,21.716,1,1
539,Au,,25.0,50.76992593,42.28,A549,H,Human,Epithelial,Lung,4,CCK8,Tetrazolium Salt,cell metabolic activity,N,N,N,2.54,2.54,0.0,1,196.967,0,0.0,-122.60844,372.66,567.35,5.176822,-6.209,0.319,104,3742.3635,1,2.945,3.264,1.328588388,6.528,209.62745,0.306372549,15.013,1,1
540,Au,,25.0,63.46240741,42.28,A549,H,Human,Epithelial,Lung,4,CCK8,Tetrazolium Salt,cell metabolic activity,N,N,N,2.54,2.54,0.0,1,196.967,0,0.0,-122.60844,372.66,567.35,5.176822,-6.209,0.319,104,3742.3635,1,2.945,3.264,1.328588388,6.528,209.62745,0.306372549,7.7748,1,1
541,Au,,25.0,76.15488889,42.28,A549,H,Human,Epithelial,Lung,4,CCK8,Tetrazolium Salt,cell metabolic activity,N,N,N,2.54,2.54,0.0,1,196.967,0,0.0,-122.60844,372.66,567.35,5.176822,-6.209,0.319,104,3742.3635,1,2.945,3.264,1.328588388,6.528,209.62745,0.306372549,6.9705,1,1
542,Au,,6.0,253.8496296,42.28,HeLa,H,Human,Epithelial,Cervix,24,MTT,Tetrazolium Salt,cell metabolic activity,N,N,N,2.54,2.54,0.0,1,196.967,0,0.0,-122.60844,372.66,567.35,5.176822,-6.209,0.319,104,3742.3635,1,2.945,3.264,1.328588388,6.528,209.62745,0.306372549,96.19,2,0
543,Au,,6.0,507.6992593,42.28,HeLa,H,Human,Epithelial,Cervix,24,MTT,Tetrazolium Salt,cell metabolic activity,N,N,N,2.54,2.54,0.0,1,196.967,0,0.0,-122.60844,372.66,567.35,5.176822,-6.209,0.319,104,3742.3635,1,2.945,3.264,1.328588388,6.528,209.62745,0.306372549,75.873,2,0
544,Au,,6.0,1015.398519,42.28,HeLa,H,Human,Epithelial,Cervix,24,MTT,Tetrazolium Salt,cell metabolic activity,N,N,N,2.54,2.54,0.0,1,196.967,0,0.0,-122.60844,372.66,567.35,5.176822,-6.209,0.319,104,3742.3635,1,2.945,3.264,1.328588388,6.528,209.62745,0.306372549,47.09,1,1
545,Au,,6.0,2030.797037,42.28,HeLa,H,Human,Epithelial,Cervix,24,MTT,Tetrazolium Salt,cell metabolic activity,N,N,N,2.54,2.54,0.0,1,196.967,0,0.0,-122.60844,372.66,567.35,5.176822,-6.209,0.319,104,3742.3635,1,2.945,3.264,1.328588388,6.528,209.62745,0.306372549,37.249,1,1
546,Au,Citrate,12.5,253.8496296,42.28,HeLa,H,Human,Epithelial,Cervix,24,MTT,Tetrazolium Salt,cell metabolic activity,N,N,N,2.54,2.54,0.0,1,196.967,0,0.0,-122.60844,372.66,567.35,5.176822,-6.209,0.319,104,3742.3635,1,2.945,3.264,1.328588388,6.528,209.62745,0.306372549,98.836,2,0
547,Au,Citrate,12.5,507.6992593,42.28,HeLa,H,Human,Epithelial,Cervix,24,MTT,Tetrazolium Salt,cell metabolic activity,N,N,N,2.54,2.54,0.0,1,196.967,0,0.0,-122.60844,372.66,567.35,5.176822,-6.209,0.319,104,3742.3635,1,2.945,3.264,1.328588388,6.528,209.62745,0.306372549,89.63,2,0
548,Au,Citrate,12.5,1015.398519,42.28,HeLa,H,Human,Epithelial,Cervix,24,MTT,Tetrazolium Salt,cell metabolic activity,N,N,N,2.54,2.54,0.0,1,196.967,0,0.0,-122.60844,372.66,567.35,5.176822,-6.209,0.319,104,3742.3635,1,2.945,3.264,1.328588388,6.528,209.62745,0.306372549,78.836,2,0
549,Au,Citrate,12.5,2030.797037,42.28,HeLa,H,Human,Epithelial,Cervix,24,MTT,Tetrazolium Salt,cell metabolic activity,N,N,N,2.54,2.54,0.0,1,196.967,0,0.0,-122.60844,372.66,567.35,5.176822,-6.209,0.319,104,3742.3635,1,2.945,3.264,1.328588388,6.528,209.62745,0.306372549,77.778,2,0
550,Au,,6.0,253.8496296,42.28,H1299,H,Human,Epithelial,Lung,24,MTT,Tetrazolium Salt,cell metabolic activity,N,N,N,2.54,2.54,0.0,1,196.967,0,0.0,-122.60844,372.66,567.35,5.176822,-6.209,0.319,104,3742.3635,1,2.945,3.264,1.328588388,6.528,209.62745,0.306372549,89.18,2,0
551,Au,,6.0,507.6992593,42.28,H1299,H,Human,Epithelial,Lung,24,MTT,Tetrazolium Salt,cell metabolic activity,N,N,N,2.54,2.54,0.0,1,196.967,0,0.0,-122.60844,372.66,567.35,5.176822,-6.209,0.319,104,3742.3635,1,2.945,3.264,1.328588388,6.528,209.62745,0.306372549,72.85,2,0
552,Au,,6.0,1015.398519,42.28,H1299,H,Human,Epithelial,Lung,24,MTT,Tetrazolium Salt,cell metabolic activity,N,N,N,2.54,2.54,0.0,1,196.967,0,0.0,-122.60844,372.66,567.35,5.176822,-6.209,0.319,104,3742.3635,1,2.945,3.264,1.328588388,6.528,209.62745,0.306372549,57.024,2,0
553,Au,,6.0,2030.797037,42.28,H1299,H,Human,Epithelial,Lung,24,MTT,Tetrazolium Salt,cell metabolic activity,N,N,N,2.54,2.54,0.0,1,196.967,0,0.0,-122.60844,372.66,567.35,5.176822,-6.209,0.319,104,3742.3635,1,2.945,3.264,1.328588388,6.528,209.62745,0.306372549,47.125,1,1
554,Au,Citrate,12.5,253.8496296,42.28,H1299,H,Human,Epithelial,Lung,24,MTT,Tetrazolium Salt,cell metabolic activity,N,N,N,2.54,2.54,0.0,1,196.967,0,0.0,-122.60844,372.66,567.35,5.176822,-6.209,0.319,104,3742.3635,1,2.945,3.264,1.328588388,6.528,209.62745,0.306372549,90.82,2,0
555,Au,Citrate,12.5,507.6992593,42.28,H1299,H,Human,Epithelial,Lung,24,MTT,Tetrazolium Salt,cell metabolic activity,N,N,N,2.54,2.54,0.0,1,196.967,0,0.0,-122.60844,372.66,567.35,5.176822,-6.209,0.319,104,3742.3635,1,2.945,3.264,1.328588388,6.528,209.62745,0.306372549,83.695,2,0
556,Au,Citrate,12.5,1015.398519,42.28,H1299,H,Human,Epithelial,Lung,24,MTT,Tetrazolium Salt,cell metabolic activity,N,N,N,2.54,2.54,0.0,1,196.967,0,0.0,-122.60844,372.66,567.35,5.176822,-6.209,0.319,104,3742.3635,1,2.945,3.264,1.328588388,6.528,209.62745,0.306372549,75.687,2,0
557,Au,Citrate,12.5,2030.797037,42.28,H1299,H,Human,Epithelial,Lung,24,MTT,Tetrazolium Salt,cell metabolic activity,N,N,N,2.54,2.54,0.0,1,196.967,0,0.0,-122.60844,372.66,567.35,5.176822,-6.209,0.319,104,3742.3635,1,2.945,3.264,1.328588388,6.528,209.62745,0.306372549,71.841,2,0
558,Au,,6.0,253.8496296,42.28,MCF7,H,Human,Epithelial,Breast,24,MTT,Tetrazolium Salt,cell metabolic activity,N,N,N,2.54,2.54,0.0,1,196.967,0,0.0,-122.60844,372.66,567.35,5.176822,-6.209,0.319,104,3742.3635,1,2.945,3.264,1.328588388,6.528,209.62745,0.306372549,86.145,2,0
559,Au,,6.0,507.6992593,42.28,MCF7,H,Human,Epithelial,Breast,24,MTT,Tetrazolium Salt,cell metabolic activity,N,N,N,2.54,2.54,0.0,1,196.967,0,0.0,-122.60844,372.66,567.35,5.176822,-6.209,0.319,104,3742.3635,1,2.945,3.264,1.328588388,6.528,209.62745,0.306372549,69.675,2,0
560,Au,,6.0,1015.398519,42.28,MCF7,H,Human,Epithelial,Breast,24,MTT,Tetrazolium Salt,cell metabolic activity,N,N,N,2.54,2.54,0.0,1,196.967,0,0.0,-122.60844,372.66,567.35,5.176822,-6.209,0.319,104,3742.3635,1,2.945,3.264,1.328588388,6.528,209.62745,0.306372549,43.917,1,1
561,Au,,6.0,2030.797037,42.28,MCF7,H,Human,Epithelial,Breast,24,MTT,Tetrazolium Salt,cell metabolic activity,N,N,N,2.54,2.54,0.0,1,196.967,0,0.0,-122.60844,372.66,567.35,5.176822,-6.209,0.319,104,3742.3635,1,2.945,3.264,1.328588388,6.528,209.62745,0.306372549,32.09,1,1
562,Au,Citrate,12.5,253.8496296,42.28,MCF7,H,Human,Epithelial,Breast,24,MTT,Tetrazolium Salt,cell metabolic activity,N,N,N,2.54,2.54,0.0,1,196.967,0,0.0,-122.60844,372.66,567.35,5.176822,-6.209,0.319,104,3742.3635,1,2.945,3.264,1.328588388,6.528,209.62745,0.306372549,91.84,2,0
563,Au,Citrate,12.5,507.6992593,42.28,MCF7,H,Human,Epithelial,Breast,24,MTT,Tetrazolium Salt,cell metabolic activity,N,N,N,2.54,2.54,0.0,1,196.967,0,0.0,-122.60844,372.66,567.35,5.176822,-6.209,0.319,104,3742.3635,1,2.945,3.264,1.328588388,6.528,209.62745,0.306372549,84.568,2,0
564,Au,Citrate,12.5,1015.398519,42.28,MCF7,H,Human,Epithelial,Breast,24,MTT,Tetrazolium Salt,cell metabolic activity,N,N,N,2.54,2.54,0.0,1,196.967,0,0.0,-122.60844,372.66,567.35,5.176822,-6.209,0.319,104,3742.3635,1,2.945,3.264,1.328588388,6.528,209.62745,0.306372549,75.632,2,0
565,Au,Citrate,12.5,2030.797037,42.28,MCF7,H,Human,Epithelial,Breast,24,MTT,Tetrazolium Salt,cell metabolic activity,N,N,N,2.54,2.54,0.0,1,196.967,0,0.0,-122.60844,372.66,567.35,5.176822,-6.209,0.319,104,3742.3635,1,2.945,3.264,1.328588388,6.528,209.62745,0.306372549,68.711,2,0
566,Au,,6.0,253.8496296,42.28,A549,H,Human,Epithelial,Lung,24,MTT,Tetrazolium Salt,cell metabolic activity,N,N,N,2.54,2.54,0.0,1,196.967,0,0.0,-122.60844,372.66,567.35,5.176822,-6.209,0.319,104,3742.3635,1,2.945,3.264,1.328588388,6.528,209.62745,0.306372549,78.221,2,0
567,Au,,6.0,507.6992593,42.28,A549,H,Human,Epithelial,Lung,24,MTT,Tetrazolium Salt,cell metabolic activity,N,N,N,2.54,2.54,0.0,1,196.967,0,0.0,-122.60844,372.66,567.35,5.176822,-6.209,0.319,104,3742.3635,1,2.945,3.264,1.328588388,6.528,209.62745,0.306372549,68.798,2,0
568,Au,,6.0,1015.398519,42.28,A549,H,Human,Epithelial,Lung,24,MTT,Tetrazolium Salt,cell metabolic activity,N,N,N,2.54,2.54,0.0,1,196.967,0,0.0,-122.60844,372.66,567.35,5.176822,-6.209,0.319,104,3742.3635,1,2.945,3.264,1.328588388,6.528,209.62745,0.306372549,52.139,2,0
569,Au,,6.0,2030.797037,42.28,A549,H,Human,Epithelial,Lung,24,MTT,Tetrazolium Salt,cell metabolic activity,N,N,N,2.54,2.54,0.0,1,196.967,0,0.0,-122.60844,372.66,567.35,5.176822,-6.209,0.319,104,3742.3635,1,2.945,3.264,1.328588388,6.528,209.62745,0.306372549,30.264,1,1
570,Au,Citrate,12.5,253.8496296,42.28,A549,H,Human,Epithelial,Lung,24,MTT,Tetrazolium Salt,cell metabolic activity,N,N,N,2.54,2.54,0.0,1,196.967,0,0.0,-122.60844,372.66,567.35,5.176822,-6.209,0.319,104,3742.3635,1,2.945,3.264,1.328588388,6.528,209.62745,0.306372549,88.654,2,0
571,Au,Citrate,12.5,507.6992593,42.28,A549,H,Human,Epithelial,Lung,24,MTT,Tetrazolium Salt,cell metabolic activity,N,N,N,2.54,2.54,0.0,1,196.967,0,0.0,-122.60844,372.66,567.35,5.176822,-6.209,0.319,104,3742.3635,1,2.945,3.264,1.328588388,6.528,209.62745,0.306372549,78.642,2,0
572,Au,Citrate,12.5,1015.398519,42.28,A549,H,Human,Epithelial,Lung,24,MTT,Tetrazolium Salt,cell metabolic activity,N,N,N,2.54,2.54,0.0,1,196.967,0,0.0,-122.60844,372.66,567.35,5.176822,-6.209,0.319,104,3742.3635,1,2.945,3.264,1.328588388,6.528,209.62745,0.306372549,67.704,2,0
573,Au,Citrate,12.5,2030.797037,42.28,A549,H,Human,Epithelial,Lung,24,MTT,Tetrazolium Salt,cell metabolic activity,N,N,N,2.54,2.54,0.0,1,196.967,0,0.0,-122.60844,372.66,567.35,5.176822,-6.209,0.319,104,3742.3635,1,2.945,3.264,1.328588388,6.528,209.62745,0.306372549,60.805,2,0
574,Au,,18.0,1.523097778,42.28,MG63,H,Human,Fibroblast,Bone,24,MTT,Tetrazolium Salt,cell metabolic activity,N,N,N,2.54,2.54,0.0,1,196.967,0,0.0,-122.60844,372.66,567.35,5.176822,-6.209,0.319,104,3742.3635,1,2.945,3.264,1.328588388,6.528,209.62745,0.306372549,94.416,2,0
575,Au,,18.0,3.046195556,42.28,MG63,H,Human,Fibroblast,Bone,24,MTT,Tetrazolium Salt,cell metabolic activity,N,N,N,2.54,2.54,0.0,1,196.967,0,0.0,-122.60844,372.66,567.35,5.176822,-6.209,0.319,104,3742.3635,1,2.945,3.264,1.328588388,6.528,209.62745,0.306372549,92.893,2,0
576,Au,,18.0,6.092391111,42.28,MG63,H,Human,Fibroblast,Bone,24,MTT,Tetrazolium Salt,cell metabolic activity,N,N,N,2.54,2.54,0.0,1,196.967,0,0.0,-122.60844,372.66,567.35,5.176822,-6.209,0.319,104,3742.3635,1,2.945,3.264,1.328588388,6.528,209.62745,0.306372549,88.198,2,0
577,Au,,18.0,12.69248148,42.28,MG63,H,Human,Fibroblast,Bone,24,MTT,Tetrazolium Salt,cell metabolic activity,N,N,N,2.54,2.54,0.0,1,196.967,0,0.0,-122.60844,372.66,567.35,5.176822,-6.209,0.319,104,3742.3635,1,2.945,3.264,1.328588388,6.528,209.62745,0.306372549,64.848,2,0
578,Au,,18.0,25.38496296,42.28,MG63,H,Human,Fibroblast,Bone,24,MTT,Tetrazolium Salt,cell metabolic activity,N,N,N,2.54,2.54,0.0,1,196.967,0,0.0,-122.60844,372.66,567.35,5.176822,-6.209,0.319,104,3742.3635,1,2.945,3.264,1.328588388,6.528,209.62745,0.306372549,66.244,2,0
579,Au,,215.0,1.523097778,42.28,MG63,H,Human,Fibroblast,Bone,24,MTT,Tetrazolium Salt,cell metabolic activity,N,N,N,2.54,2.54,0.0,1,196.967,0,0.0,-122.60844,372.66,567.35,5.176822,-6.209,0.319,104,3742.3635,1,2.945,3.264,1.328588388,6.528,209.62745,0.306372549,90.355,2,0
580,Au,,215.0,3.046195556,42.28,MG63,H,Human,Fibroblast,Bone,24,MTT,Tetrazolium Salt,cell metabolic activity,N,N,N,2.54,2.54,0.0,1,196.967,0,0.0,-122.60844,372.66,567.35,5.176822,-6.209,0.319,104,3742.3635,1,2.945,3.264,1.328588388,6.528,209.62745,0.306372549,88.198,2,0
581,Au,,215.0,6.092391111,42.28,MG63,H,Human,Fibroblast,Bone,24,MTT,Tetrazolium Salt,cell metabolic activity,N,N,N,2.54,2.54,0.0,1,196.967,0,0.0,-122.60844,372.66,567.35,5.176822,-6.209,0.319,104,3742.3635,1,2.945,3.264,1.328588388,6.528,209.62745,0.306372549,83.503,2,0
582,Au,,215.0,12.69248148,42.28,MG63,H,Human,Fibroblast,Bone,24,MTT,Tetrazolium Salt,cell metabolic activity,N,N,N,2.54,2.54,0.0,1,196.967,0,0.0,-122.60844,372.66,567.35,5.176822,-6.209,0.319,104,3742.3635,1,2.945,3.264,1.328588388,6.528,209.62745,0.306372549,23.223,1,1
583,Au,,215.0,25.38496296,42.28,MG63,H,Human,Fibroblast,Bone,24,MTT,Tetrazolium Salt,cell metabolic activity,N,N,N,2.54,2.54,0.0,1,196.967,0,0.0,-122.60844,372.66,567.35,5.176822,-6.209,0.319,104,3742.3635,1,2.945,3.264,1.328588388,6.528,209.62745,0.306372549,13.325,1,1
584,Au,,6.3,1.523097778,42.28,MG63,H,Human,Fibroblast,Bone,24,MTT,Tetrazolium Salt,cell metabolic activity,N,N,N,2.54,2.54,0.0,1,196.967,0,0.0,-122.60844,372.66,567.35,5.176822,-6.209,0.319,104,3742.3635,1,2.945,3.264,1.328588388,6.528,209.62745,0.306372549,99.112,2,0
585,Au,,6.3,3.046195556,42.28,MG63,H,Human,Fibroblast,Bone,24,MTT,Tetrazolium Salt,cell metabolic activity,N,N,N,2.54,2.54,0.0,1,196.967,0,0.0,-122.60844,372.66,567.35,5.176822,-6.209,0.319,104,3742.3635,1,2.945,3.264,1.328588388,6.528,209.62745,0.306372549,99.112,2,0
586,Au,,6.3,6.092391111,42.28,MG63,H,Human,Fibroblast,Bone,24,MTT,Tetrazolium Salt,cell metabolic activity,N,N,N,2.54,2.54,0.0,1,196.967,0,0.0,-122.60844,372.66,567.35,5.176822,-6.209,0.319,104,3742.3635,1,2.945,3.264,1.328588388,6.528,209.62745,0.306372549,99.112,2,0
587,Au,,6.3,12.69248148,42.28,MG63,H,Human,Fibroblast,Bone,24,MTT,Tetrazolium Salt,cell metabolic activity,N,N,N,2.54,2.54,0.0,1,196.967,0,0.0,-122.60844,372.66,567.35,5.176822,-6.209,0.319,104,3742.3635,1,2.945,3.264,1.328588388,6.528,209.62745,0.306372549,94.162,2,0
588,Au,,6.3,25.38496296,42.28,MG63,H,Human,Fibroblast,Bone,24,MTT,Tetrazolium Salt,cell metabolic activity,N,N,N,2.54,2.54,0.0,1,196.967,0,0.0,-122.60844,372.66,567.35,5.176822,-6.209,0.319,104,3742.3635,1,2.945,3.264,1.328588388,6.528,209.62745,0.306372549,95.305,2,0
589,Au,,18.0,1.523097778,42.28,MG63,H,Human,Fibroblast,Bone,24,NRU,NeutralRed,cell metabolic activity,N,N,N,2.54,2.54,0.0,1,196.967,0,0.0,-122.60844,372.66,567.35,5.176822,-6.209,0.319,104,3742.3635,1,2.945,3.264,1.328588388,6.528,209.62745,0.306372549,95.07,2,0
590,Au,,18.0,3.046195556,42.28,MG63,H,Human,Fibroblast,Bone,24,NRU,NeutralRed,cell metabolic activity,N,N,N,2.54,2.54,0.0,1,196.967,0,0.0,-122.60844,372.66,567.35,5.176822,-6.209,0.319,104,3742.3635,1,2.945,3.264,1.328588388,6.528,209.62745,0.306372549,90.645,2,0
591,Au,,18.0,6.092391111,42.28,MG63,H,Human,Fibroblast,Bone,24,NRU,NeutralRed,cell metabolic activity,N,N,N,2.54,2.54,0.0,1,196.967,0,0.0,-122.60844,372.66,567.35,5.176822,-6.209,0.319,104,3742.3635,1,2.945,3.264,1.328588388,6.528,209.62745,0.306372549,81.037,2,0
592,Au,,18.0,12.69248148,42.28,MG63,H,Human,Fibroblast,Bone,24,NRU,NeutralRed,cell metabolic activity,N,N,N,2.54,2.54,0.0,1,196.967,0,0.0,-122.60844,372.66,567.35,5.176822,-6.209,0.319,104,3742.3635,1,2.945,3.264,1.328588388,6.528,209.62745,0.306372549,80.025,2,0
593,Au,,18.0,25.38496296,42.28,MG63,H,Human,Fibroblast,Bone,24,NRU,NeutralRed,cell metabolic activity,N,N,N,2.54,2.54,0.0,1,196.967,0,0.0,-122.60844,372.66,567.35,5.176822,-6.209,0.319,104,3742.3635,1,2.945,3.264,1.328588388,6.528,209.62745,0.306372549,74.21,2,0
594,Au,,215.0,1.523097778,42.28,MG63,H,Human,Fibroblast,Bone,24,NRU,NeutralRed,cell metabolic activity,N,N,N,2.54,2.54,0.0,1,196.967,0,0.0,-122.60844,372.66,567.35,5.176822,-6.209,0.319,104,3742.3635,1,2.945,3.264,1.328588388,6.528,209.62745,0.306372549,99.747,2,0
595,Au,,215.0,3.046195556,42.28,MG63,H,Human,Fibroblast,Bone,24,NRU,NeutralRed,cell metabolic activity,N,N,N,2.54,2.54,0.0,1,196.967,0,0.0,-122.60844,372.66,567.35,5.176822,-6.209,0.319,104,3742.3635,1,2.945,3.264,1.328588388,6.528,209.62745,0.306372549,87.105,2,0
596,Au,,215.0,6.092391111,42.28,MG63,H,Human,Fibroblast,Bone,24,NRU,NeutralRed,cell metabolic activity,N,N,N,2.54,2.54,0.0,1,196.967,0,0.0,-122.60844,372.66,567.35,5.176822,-6.209,0.319,104,3742.3635,1,2.945,3.264,1.328588388,6.528,209.62745,0.306372549,82.427,2,0
597,Au,,215.0,12.69248148,42.28,MG63,H,Human,Fibroblast,Bone,24,NRU,NeutralRed,cell metabolic activity,N,N,N,2.54,2.54,0.0,1,196.967,0,0.0,-122.60844,372.66,567.35,5.176822,-6.209,0.319,104,3742.3635,1,2.945,3.264,1.328588388,6.528,209.62745,0.306372549,43.363,1,1
598,Au,,215.0,25.38496296,42.28,MG63,H,Human,Fibroblast,Bone,24,NRU,NeutralRed,cell metabolic activity,N,N,N,2.54,2.54,0.0,1,196.967,0,0.0,-122.60844,372.66,567.35,5.176822,-6.209,0.319,104,3742.3635,1,2.945,3.264,1.328588388,6.528,209.62745,0.306372549,26.422,1,1
599,Au,,6.3,1.523097778,42.28,MG63,H,Human,Fibroblast,Bone,24,NRU,NeutralRed,cell metabolic activity,N,N,N,2.54,2.54,0.0,1,196.967,0,0.0,-122.60844,372.66,567.35,5.176822,-6.209,0.319,104,3742.3635,1,2.945,3.264,1.328588388,6.528,209.62745,0.306372549,99.747,2,0
600,Au,,6.3,3.046195556,42.28,MG63,H,Human,Fibroblast,Bone,24,NRU,NeutralRed,cell metabolic activity,N,N,N,2.54,2.54,0.0,1,196.967,0,0.0,-122.60844,372.66,567.35,5.176822,-6.209,0.319,104,3742.3635,1,2.945,3.264,1.328588388,6.528,209.62745,0.306372549,100.0,2,0
601,Au,,6.3,6.092391111,42.28,MG63,H,Human,Fibroblast,Bone,24,NRU,NeutralRed,cell metabolic activity,N,N,N,2.54,2.54,0.0,1,196.967,0,0.0,-122.60844,372.66,567.35,5.176822,-6.209,0.319,104,3742.3635,1,2.945,3.264,1.328588388,6.528,209.62745,0.306372549,99.494,2,0
602,Au,,6.3,12.69248148,42.28,MG63,H,Human,Fibroblast,Bone,24,NRU,NeutralRed,cell metabolic activity,N,N,N,2.54,2.54,0.0,1,196.967,0,0.0,-122.60844,372.66,567.35,5.176822,-6.209,0.319,104,3742.3635,1,2.945,3.264,1.328588388,6.528,209.62745,0.306372549,98.736,2,0
603,Au,,6.3,25.38496296,42.28,MG63,H,Human,Fibroblast,Bone,24,NRU,NeutralRed,cell metabolic activity,N,N,N,2.54,2.54,0.0,1,196.967,0,0.0,-122.60844,372.66,567.35,5.176822,-6.209,0.319,104,3742.3635,1,2.945,3.264,1.328588388,6.528,209.62745,0.306372549,100.0,2,0
604,Au,,18.0,1.523097778,42.28,143B,H,Human,Mixed,Bone,24,MTT,Tetrazolium Salt,cell metabolic activity,N,N,N,2.54,2.54,0.0,1,196.967,0,0.0,-122.60844,372.66,567.35,5.176822,-6.209,0.319,104,3742.3635,1,2.945,3.264,1.328588388,6.528,209.62745,0.306372549,84.988,2,0
605,Au,,18.0,3.046195556,42.28,143B,H,Human,Mixed,Bone,24,MTT,Tetrazolium Salt,cell metabolic activity,N,N,N,2.54,2.54,0.0,1,196.967,0,0.0,-122.60844,372.66,567.35,5.176822,-6.209,0.319,104,3742.3635,1,2.945,3.264,1.328588388,6.528,209.62745,0.306372549,86.849,2,0
606,Au,,18.0,6.092391111,42.28,143B,H,Human,Mixed,Bone,24,MTT,Tetrazolium Salt,cell metabolic activity,N,N,N,2.54,2.54,0.0,1,196.967,0,0.0,-122.60844,372.66,567.35,5.176822,-6.209,0.319,104,3742.3635,1,2.945,3.264,1.328588388,6.528,209.62745,0.306372549,85.484,2,0
607,Au,,18.0,12.69248148,42.28,143B,H,Human,Mixed,Bone,24,MTT,Tetrazolium Salt,cell metabolic activity,N,N,N,2.54,2.54,0.0,1,196.967,0,0.0,-122.60844,372.66,567.35,5.176822,-6.209,0.319,104,3742.3635,1,2.945,3.264,1.328588388,6.528,209.62745,0.306372549,70.72,2,0
608,Au,,18.0,25.38496296,42.28,143B,H,Human,Mixed,Bone,24,MTT,Tetrazolium Salt,cell metabolic activity,N,N,N,2.54,2.54,0.0,1,196.967,0,0.0,-122.60844,372.66,567.35,5.176822,-6.209,0.319,104,3742.3635,1,2.945,3.264,1.328588388,6.528,209.62745,0.306372549,54.094,2,0
609,Au,,215.0,1.523097778,42.28,143B,H,Human,Mixed,Bone,24,MTT,Tetrazolium Salt,cell metabolic activity,N,N,N,2.54,2.54,0.0,1,196.967,0,0.0,-122.60844,372.66,567.35,5.176822,-6.209,0.319,104,3742.3635,1,2.945,3.264,1.328588388,6.528,209.62745,0.306372549,67.99,2,0
610,Au,,215.0,3.046195556,42.28,143B,H,Human,Mixed,Bone,24,MTT,Tetrazolium Salt,cell metabolic activity,N,N,N,2.54,2.54,0.0,1,196.967,0,0.0,-122.60844,372.66,567.35,5.176822,-6.209,0.319,104,3742.3635,1,2.945,3.264,1.328588388,6.528,209.62745,0.306372549,16.377,1,1
611,Au,,215.0,6.092391111,42.28,143B,H,Human,Mixed,Bone,24,MTT,Tetrazolium Salt,cell metabolic activity,N,N,N,2.54,2.54,0.0,1,196.967,0,0.0,-122.60844,372.66,567.35,5.176822,-6.209,0.319,104,3742.3635,1,2.945,3.264,1.328588388,6.528,209.62745,0.306372549,16.377,1,1
612,Au,,215.0,12.69248148,42.28,143B,H,Human,Mixed,Bone,24,MTT,Tetrazolium Salt,cell metabolic activity,N,N,N,2.54,2.54,0.0,1,196.967,0,0.0,-122.60844,372.66,567.35,5.176822,-6.209,0.319,104,3742.3635,1,2.945,3.264,1.328588388,6.528,209.62745,0.306372549,14.764,1,1
613,Au,,215.0,25.38496296,42.28,143B,H,Human,Mixed,Bone,24,MTT,Tetrazolium Salt,cell metabolic activity,N,N,N,2.54,2.54,0.0,1,196.967,0,0.0,-122.60844,372.66,567.35,5.176822,-6.209,0.319,104,3742.3635,1,2.945,3.264,1.328588388,6.528,209.62745,0.306372549,13.896,1,1
614,Au,,6.3,1.523097778,42.28,143B,H,Human,Mixed,Bone,24,MTT,Tetrazolium Salt,cell metabolic activity,N,N,N,2.54,2.54,0.0,1,196.967,0,0.0,-122.60844,372.66,567.35,5.176822,-6.209,0.319,104,3742.3635,1,2.945,3.264,1.328588388,6.528,209.62745,0.306372549,94.541,2,0
615,Au,,6.3,3.046195556,42.28,143B,H,Human,Mixed,Bone,24,MTT,Tetrazolium Salt,cell metabolic activity,N,N,N,2.54,2.54,0.0,1,196.967,0,0.0,-122.60844,372.66,567.35,5.176822,-6.209,0.319,104,3742.3635,1,2.945,3.264,1.328588388,6.528,209.62745,0.306372549,89.578,2,0
616,Au,,6.3,6.092391111,42.28,143B,H,Human,Mixed,Bone,24,MTT,Tetrazolium Salt,cell metabolic activity,N,N,N,2.54,2.54,0.0,1,196.967,0,0.0,-122.60844,372.66,567.35,5.176822,-6.209,0.319,104,3742.3635,1,2.945,3.264,1.328588388,6.528,209.62745,0.306372549,89.826,2,0
617,Au,,6.3,12.69248148,42.28,143B,H,Human,Mixed,Bone,24,MTT,Tetrazolium Salt,cell metabolic activity,N,N,N,2.54,2.54,0.0,1,196.967,0,0.0,-122.60844,372.66,567.35,5.176822,-6.209,0.319,104,3742.3635,1,2.945,3.264,1.328588388,6.528,209.62745,0.306372549,88.834,2,0
618,Au,,6.3,25.38496296,42.28,143B,H,Human,Mixed,Bone,24,MTT,Tetrazolium Salt,cell metabolic activity,N,N,N,2.54,2.54,0.0,1,196.967,0,0.0,-122.60844,372.66,567.35,5.176822,-6.209,0.319,104,3742.3635,1,2.945,3.264,1.328588388,6.528,209.62745,0.306372549,86.104,2,0
619,Au,,18.0,1.523097778,42.28,143B,H,Human,Mixed,Bone,24,NRU,NeutralRed,cell metabolic activity,N,N,N,2.54,2.54,0.0,1,196.967,0,0.0,-122.60844,372.66,567.35,5.176822,-6.209,0.319,104,3742.3635,1,2.945,3.264,1.328588388,6.528,209.62745,0.306372549,101.63,2,0
620,Au,,18.0,3.046195556,42.28,143B,H,Human,Mixed,Bone,24,NRU,NeutralRed,cell metabolic activity,N,N,N,2.54,2.54,0.0,1,196.967,0,0.0,-122.60844,372.66,567.35,5.176822,-6.209,0.319,104,3742.3635,1,2.945,3.264,1.328588388,6.528,209.62745,0.306372549,98.37,2,0
621,Au,,18.0,6.092391111,42.28,143B,H,Human,Mixed,Bone,24,NRU,NeutralRed,cell metabolic activity,N,N,N,2.54,2.54,0.0,1,196.967,0,0.0,-122.60844,372.66,567.35,5.176822,-6.209,0.319,104,3742.3635,1,2.945,3.264,1.328588388,6.528,209.62745,0.306372549,98.37,2,0
622,Au,,18.0,12.69248148,42.28,143B,H,Human,Mixed,Bone,24,NRU,NeutralRed,cell metabolic activity,N,N,N,2.54,2.54,0.0,1,196.967,0,0.0,-122.60844,372.66,567.35,5.176822,-6.209,0.319,104,3742.3635,1,2.945,3.264,1.328588388,6.528,209.62745,0.306372549,87.092,2,0
623,Au,,18.0,25.38496296,42.28,143B,H,Human,Mixed,Bone,24,NRU,NeutralRed,cell metabolic activity,N,N,N,2.54,2.54,0.0,1,196.967,0,0.0,-122.60844,372.66,567.35,5.176822,-6.209,0.319,104,3742.3635,1,2.945,3.264,1.328588388,6.528,209.62745,0.306372549,79.348,2,0
624,Au,,215.0,1.523097778,42.28,143B,H,Human,Mixed,Bone,24,NRU,NeutralRed,cell metabolic activity,N,N,N,2.54,2.54,0.0,1,196.967,0,0.0,-122.60844,372.66,567.35,5.176822,-6.209,0.319,104,3742.3635,1,2.945,3.264,1.328588388,6.528,209.62745,0.306372549,97.011,2,0
625,Au,,215.0,3.046195556,42.28,143B,H,Human,Mixed,Bone,24,NRU,NeutralRed,cell metabolic activity,N,N,N,2.54,2.54,0.0,1,196.967,0,0.0,-122.60844,372.66,567.35,5.176822,-6.209,0.319,104,3742.3635,1,2.945,3.264,1.328588388,6.528,209.62745,0.306372549,82.337,2,0
626,Au,,215.0,6.092391111,42.28,143B,H,Human,Mixed,Bone,24,NRU,NeutralRed,cell metabolic activity,N,N,N,2.54,2.54,0.0,1,196.967,0,0.0,-122.60844,372.66,567.35,5.176822,-6.209,0.319,104,3742.3635,1,2.945,3.264,1.328588388,6.528,209.62745,0.306372549,66.168,2,0
627,Au,,215.0,12.69248148,42.28,143B,H,Human,Mixed,Bone,24,NRU,NeutralRed,cell metabolic activity,N,N,N,2.54,2.54,0.0,1,196.967,0,0.0,-122.60844,372.66,567.35,5.176822,-6.209,0.319,104,3742.3635,1,2.945,3.264,1.328588388,6.528,209.62745,0.306372549,26.223,1,1
628,Au,,215.0,25.38496296,42.28,143B,H,Human,Mixed,Bone,24,NRU,NeutralRed,cell metabolic activity,N,N,N,2.54,2.54,0.0,1,196.967,0,0.0,-122.60844,372.66,567.35,5.176822,-6.209,0.319,104,3742.3635,1,2.945,3.264,1.328588388,6.528,209.62745,0.306372549,17.12,1,1
629,Au,,6.3,1.523097778,42.28,143B,H,Human,Mixed,Bone,24,NRU,NeutralRed,cell metabolic activity,N,N,N,2.54,2.54,0.0,1,196.967,0,0.0,-122.60844,372.66,567.35,5.176822,-6.209,0.319,104,3742.3635,1,2.945,3.264,1.328588388,6.528,209.62745,0.306372549,102.45,2,0
630,Au,,6.3,3.046195556,42.28,143B,H,Human,Mixed,Bone,24,NRU,NeutralRed,cell metabolic activity,N,N,N,2.54,2.54,0.0,1,196.967,0,0.0,-122.60844,372.66,567.35,5.176822,-6.209,0.319,104,3742.3635,1,2.945,3.264,1.328588388,6.528,209.62745,0.306372549,101.36,2,0
631,Au,,6.3,6.092391111,42.28,143B,H,Human,Mixed,Bone,24,NRU,NeutralRed,cell metabolic activity,N,N,N,2.54,2.54,0.0,1,196.967,0,0.0,-122.60844,372.66,567.35,5.176822,-6.209,0.319,104,3742.3635,1,2.945,3.264,1.328588388,6.528,209.62745,0.306372549,103.26,2,0
632,Au,,6.3,12.69248148,42.28,143B,H,Human,Mixed,Bone,24,NRU,NeutralRed,cell metabolic activity,N,N,N,2.54,2.54,0.0,1,196.967,0,0.0,-122.60844,372.66,567.35,5.176822,-6.209,0.319,104,3742.3635,1,2.945,3.264,1.328588388,6.528,209.62745,0.306372549,102.99,2,0
633,Au,,6.3,25.38496296,42.28,143B,H,Human,Mixed,Bone,24,NRU,NeutralRed,cell metabolic activity,N,N,N,2.54,2.54,0.0,1,196.967,0,0.0,-122.60844,372.66,567.35,5.176822,-6.209,0.319,104,3742.3635,1,2.945,3.264,1.328588388,6.528,209.62745,0.306372549,103.26,2,0
634,Au,Citrate,18.2,0.01,-15.0,HepG2,H,Human,Epithelial,Liver,24,MTT,Tetrazolium Salt,cell metabolic activity,N,N,N,2.54,2.54,0.0,1,196.967,0,0.0,-122.60844,372.66,567.35,5.176822,-6.209,0.319,104,3742.3635,1,2.945,3.264,1.328588388,6.528,209.62745,0.306372549,84.32,2,0
635,Au,Citrate,18.2,0.1,-15.0,HepG2,H,Human,Epithelial,Liver,24,MTT,Tetrazolium Salt,cell metabolic activity,N,N,N,2.54,2.54,0.0,1,196.967,0,0.0,-122.60844,372.66,567.35,5.176822,-6.209,0.319,104,3742.3635,1,2.945,3.264,1.328588388,6.528,209.62745,0.306372549,82.4,2,0
636,Au,Citrate,18.2,0.5,-15.0,HepG2,H,Human,Epithelial,Liver,24,MTT,Tetrazolium Salt,cell metabolic activity,N,N,N,2.54,2.54,0.0,1,196.967,0,0.0,-122.60844,372.66,567.35,5.176822,-6.209,0.319,104,3742.3635,1,2.945,3.264,1.328588388,6.528,209.62745,0.306372549,76.8,2,0
637,Au,Citrate,18.2,1.0,-15.0,HepG2,H,Human,Epithelial,Liver,24,MTT,Tetrazolium Salt,cell metabolic activity,N,N,N,2.54,2.54,0.0,1,196.967,0,0.0,-122.60844,372.66,567.35,5.176822,-6.209,0.319,104,3742.3635,1,2.945,3.264,1.328588388,6.528,209.62745,0.306372549,76.96,2,0
638,Au,Citrate,18.2,50.0,-15.0,HepG2,H,Human,Epithelial,Liver,24,MTT,Tetrazolium Salt,cell metabolic activity,N,N,N,2.54,2.54,0.0,1,196.967,0,0.0,-122.60844,372.66,567.35,5.176822,-6.209,0.319,104,3742.3635,1,2.945,3.264,1.328588388,6.528,209.62745,0.306372549,75.04,2,0
639,Au,PAMAM,10.9,0.01,41.0,HepG2,H,Human,Epithelial,Liver,24,MTT,Tetrazolium Salt,cell metabolic activity,N,N,N,2.54,2.54,0.0,1,196.967,0,0.0,-122.60844,372.66,567.35,5.176822,-6.209,0.319,104,3742.3635,1,2.945,3.264,1.328588388,6.528,209.62745,0.306372549,73.487,2,0
640,Au,PAMAM,10.9,0.1,41.0,HepG2,H,Human,Epithelial,Liver,24,MTT,Tetrazolium Salt,cell metabolic activity,N,N,N,2.54,2.54,0.0,1,196.967,0,0.0,-122.60844,372.66,567.35,5.176822,-6.209,0.319,104,3742.3635,1,2.945,3.264,1.328588388,6.528,209.62745,0.306372549,70.605,2,0
641,Au,PAMAM,10.9,0.5,41.0,HepG2,H,Human,Epithelial,Liver,24,MTT,Tetrazolium Salt,cell metabolic activity,N,N,N,2.54,2.54,0.0,1,196.967,0,0.0,-122.60844,372.66,567.35,5.176822,-6.209,0.319,104,3742.3635,1,2.945,3.264,1.328588388,6.528,209.62745,0.306372549,70.173,2,0
642,Au,PAMAM,10.9,1.0,41.0,HepG2,H,Human,Epithelial,Liver,24,MTT,Tetrazolium Salt,cell metabolic activity,N,N,N,2.54,2.54,0.0,1,196.967,0,0.0,-122.60844,372.66,567.35,5.176822,-6.209,0.319,104,3742.3635,1,2.945,3.264,1.328588388,6.528,209.62745,0.306372549,67.291,2,0
643,Au,PAMAM,10.9,50.0,41.0,HepG2,H,Human,Epithelial,Liver,24,MTT,Tetrazolium Salt,cell metabolic activity,N,N,N,2.54,2.54,0.0,1,196.967,0,0.0,-122.60844,372.66,567.35,5.176822,-6.209,0.319,104,3742.3635,1,2.945,3.264,1.328588388,6.528,209.62745,0.306372549,52.45,2,0
644,Au,Citrate,14.5,76.15488889,-158.0,Jurkat,H,Human,Lymphoblast,Blood,24,MTT,Tetrazolium Salt,cell metabolic activity,N,N,N,2.54,2.54,0.0,1,196.967,0,0.0,-122.60844,372.66,567.35,5.176822,-6.209,0.319,104,3742.3635,1,2.945,3.264,1.328588388,6.528,209.62745,0.306372549,93.309,2,0
645,Au,CyA,6.5,76.15488889,88.0,Jurkat,H,Human,Lymphoblast,Blood,24,MTT,Tetrazolium Salt,cell metabolic activity,N,N,N,2.54,2.54,0.0,1,196.967,0,0.0,-122.60844,372.66,567.35,5.176822,-6.209,0.319,104,3742.3635,1,2.945,3.264,1.328588388,6.528,209.62745,0.306372549,83.457,2,0
646,Au,GSH,3.8,76.15488889,-140.0,Jurkat,H,Human,Lymphoblast,Blood,24,MTT,Tetrazolium Salt,cell metabolic activity,N,N,N,2.54,2.54,0.0,1,196.967,0,0.0,-122.60844,372.66,567.35,5.176822,-6.209,0.319,104,3742.3635,1,2.945,3.264,1.328588388,6.528,209.62745,0.306372549,47.026,1,1
647,Au,Citrate,7.0,76.15488889,-99.0,Jurkat,H,Human,Lymphoblast,Blood,24,MTT,Tetrazolium Salt,cell metabolic activity,N,N,N,2.54,2.54,0.0,1,196.967,0,0.0,-122.60844,372.66,567.35,5.176822,-6.209,0.319,104,3742.3635,1,2.945,3.264,1.328588388,6.528,209.62745,0.306372549,56.506,2,0
648,Au,Citrate,14.5,7.615488889,-158.0,Jurkat,H,Human,Lymphoblast,Blood,24,MTT,Tetrazolium Salt,cell metabolic activity,N,N,N,2.54,2.54,0.0,1,196.967,0,0.0,-122.60844,372.66,567.35,5.176822,-6.209,0.319,104,3742.3635,1,2.945,3.264,1.328588388,6.528,209.62745,0.306372549,99.13,2,0
649,Au,CyA,6.5,7.615488889,88.0,Jurkat,H,Human,Lymphoblast,Blood,24,MTT,Tetrazolium Salt,cell metabolic activity,N,N,N,2.54,2.54,0.0,1,196.967,0,0.0,-122.60844,372.66,567.35,5.176822,-6.209,0.319,104,3742.3635,1,2.945,3.264,1.328588388,6.528,209.62745,0.306372549,94.261,2,0
650,Au,GSH,3.8,7.615488889,-140.0,Jurkat,H,Human,Lymphoblast,Blood,24,MTT,Tetrazolium Salt,cell metabolic activity,N,N,N,2.54,2.54,0.0,1,196.967,0,0.0,-122.60844,372.66,567.35,5.176822,-6.209,0.319,104,3742.3635,1,2.945,3.264,1.328588388,6.528,209.62745,0.306372549,89.391,2,0
651,Au,Citrate,7.0,7.615488889,-99.0,Jurkat,H,Human,Lymphoblast,Blood,24,MTT,Tetrazolium Salt,cell metabolic activity,N,N,N,2.54,2.54,0.0,1,196.967,0,0.0,-122.60844,372.66,567.35,5.176822,-6.209,0.319,104,3742.3635,1,2.945,3.264,1.328588388,6.528,209.62745,0.306372549,89.391,2,0
652,Au,,5.0,8.47857763,-10.33,HepG2,H,Human,Epithelial,Liver,72,MTT,Tetrazolium Salt,cell metabolic activity,N,N,N,2.54,2.54,0.0,1,196.967,0,0.0,-122.60844,372.66,567.35,5.176822,-6.209,0.319,104,3742.3635,1,2.945,3.264,1.328588388,6.528,209.62745,0.306372549,102.43,2,0
653,Au,,5.0,12.69248148,-10.33,HepG2,H,Human,Epithelial,Liver,72,MTT,Tetrazolium Salt,cell metabolic activity,N,N,N,2.54,2.54,0.0,1,196.967,0,0.0,-122.60844,372.66,567.35,5.176822,-6.209,0.319,104,3742.3635,1,2.945,3.264,1.328588388,6.528,209.62745,0.306372549,109.53,2,0
654,Au,,5.0,25.38496296,-10.33,HepG2,H,Human,Epithelial,Liver,72,MTT,Tetrazolium Salt,cell metabolic activity,N,N,N,2.54,2.54,0.0,1,196.967,0,0.0,-122.60844,372.66,567.35,5.176822,-6.209,0.319,104,3742.3635,1,2.945,3.264,1.328588388,6.528,209.62745,0.306372549,116.63,2,0
655,Au,,5.0,31.7312037,-10.33,HepG2,H,Human,Epithelial,Liver,72,MTT,Tetrazolium Salt,cell metabolic activity,N,N,N,2.54,2.54,0.0,1,196.967,0,0.0,-122.60844,372.66,567.35,5.176822,-6.209,0.319,104,3742.3635,1,2.945,3.264,1.328588388,6.528,209.62745,0.306372549,106.09,2,0
656,Au,,5.0,63.46240741,-10.33,HepG2,H,Human,Epithelial,Liver,72,MTT,Tetrazolium Salt,cell metabolic activity,N,N,N,2.54,2.54,0.0,1,196.967,0,0.0,-122.60844,372.66,567.35,5.176822,-6.209,0.319,104,3742.3635,1,2.945,3.264,1.328588388,6.528,209.62745,0.306372549,81.47,2,0
657,Au,,20.0,8.47857763,-4.58,HepG2,H,Human,Epithelial,Liver,72,MTT,Tetrazolium Salt,cell metabolic activity,N,N,N,2.54,2.54,0.0,1,196.967,0,0.0,-122.60844,372.66,567.35,5.176822,-6.209,0.319,104,3742.3635,1,2.945,3.264,1.328588388,6.528,209.62745,0.306372549,98.377,2,0
658,Au,,20.0,12.69248148,-4.58,HepG2,H,Human,Epithelial,Liver,72,MTT,Tetrazolium Salt,cell metabolic activity,N,N,N,2.54,2.54,0.0,1,196.967,0,0.0,-122.60844,372.66,567.35,5.176822,-6.209,0.319,104,3742.3635,1,2.945,3.264,1.328588388,6.528,209.62745,0.306372549,101.01,2,0
659,Au,,20.0,25.38496296,-4.58,HepG2,H,Human,Epithelial,Liver,72,MTT,Tetrazolium Salt,cell metabolic activity,N,N,N,2.54,2.54,0.0,1,196.967,0,0.0,-122.60844,372.66,567.35,5.176822,-6.209,0.319,104,3742.3635,1,2.945,3.264,1.328588388,6.528,209.62745,0.306372549,106.49,2,0
660,Au,,20.0,31.7312037,-4.58,HepG2,H,Human,Epithelial,Liver,72,MTT,Tetrazolium Salt,cell metabolic activity,N,N,N,2.54,2.54,0.0,1,196.967,0,0.0,-122.60844,372.66,567.35,5.176822,-6.209,0.319,104,3742.3635,1,2.945,3.264,1.328588388,6.528,209.62745,0.306372549,107.91,2,0
661,Au,,20.0,63.46240741,-4.58,HepG2,H,Human,Epithelial,Liver,72,MTT,Tetrazolium Salt,cell metabolic activity,N,N,N,2.54,2.54,0.0,1,196.967,0,0.0,-122.60844,372.66,567.35,5.176822,-6.209,0.319,104,3742.3635,1,2.945,3.264,1.328588388,6.528,209.62745,0.306372549,98.377,2,0
662,Au,,50.0,8.47857763,-12.32,HepG2,H,Human,Epithelial,Liver,72,MTT,Tetrazolium Salt,cell metabolic activity,N,N,N,2.54,2.54,0.0,1,196.967,0,0.0,-122.60844,372.66,567.35,5.176822,-6.209,0.319,104,3742.3635,1,2.945,3.264,1.328588388,6.528,209.62745,0.306372549,102.43,2,0
663,Au,,50.0,12.69248148,-12.32,HepG2,H,Human,Epithelial,Liver,72,MTT,Tetrazolium Salt,cell metabolic activity,N,N,N,2.54,2.54,0.0,1,196.967,0,0.0,-122.60844,372.66,567.35,5.176822,-6.209,0.319,104,3742.3635,1,2.945,3.264,1.328588388,6.528,209.62745,0.306372549,102.43,2,0
664,Au,,50.0,25.38496296,-12.32,HepG2,H,Human,Epithelial,Liver,72,MTT,Tetrazolium Salt,cell metabolic activity,N,N,N,2.54,2.54,0.0,1,196.967,0,0.0,-122.60844,372.66,567.35,5.176822,-6.209,0.319,104,3742.3635,1,2.945,3.264,1.328588388,6.528,209.62745,0.306372549,102.03,2,0
665,Au,,50.0,31.7312037,-12.32,HepG2,H,Human,Epithelial,Liver,72,MTT,Tetrazolium Salt,cell metabolic activity,N,N,N,2.54,2.54,0.0,1,196.967,0,0.0,-122.60844,372.66,567.35,5.176822,-6.209,0.319,104,3742.3635,1,2.945,3.264,1.328588388,6.528,209.62745,0.306372549,98.377,2,0
666,Au,,50.0,63.46240741,-12.32,HepG2,H,Human,Epithelial,Liver,72,MTT,Tetrazolium Salt,cell metabolic activity,N,N,N,2.54,2.54,0.0,1,196.967,0,0.0,-122.60844,372.66,567.35,5.176822,-6.209,0.319,104,3742.3635,1,2.945,3.264,1.328588388,6.528,209.62745,0.306372549,96.349,2,0
667,Au,Citrate,5.0,253.8496296,42.28,A549,H,Human,Epithelial,Lung,24,CCK8,Tetrazolium Salt,cell metabolic activity,N,N,N,2.54,2.54,0.0,1,196.967,0,0.0,-122.60844,372.66,567.35,5.176822,-6.209,0.319,104,3742.3635,1,2.945,3.264,1.328588388,6.528,209.62745,0.306372549,99.758,2,0
668,Au,Citrate,10.0,253.8496296,42.28,A549,H,Human,Epithelial,Lung,24,CCK8,Tetrazolium Salt,cell metabolic activity,N,N,N,2.54,2.54,0.0,1,196.967,0,0.0,-122.60844,372.66,567.35,5.176822,-6.209,0.319,104,3742.3635,1,2.945,3.264,1.328588388,6.528,209.62745,0.306372549,102.17,2,0
669,Au,Citrate,20.0,253.8496296,42.28,A549,H,Human,Epithelial,Lung,24,CCK8,Tetrazolium Salt,cell metabolic activity,N,N,N,2.54,2.54,0.0,1,196.967,0,0.0,-122.60844,372.66,567.35,5.176822,-6.209,0.319,104,3742.3635,1,2.945,3.264,1.328588388,6.528,209.62745,0.306372549,107.97,2,0
670,Au,Citrate,40.0,253.8496296,42.28,A549,H,Human,Epithelial,Lung,24,CCK8,Tetrazolium Salt,cell metabolic activity,N,N,N,2.54,2.54,0.0,1,196.967,0,0.0,-122.60844,372.66,567.35,5.176822,-6.209,0.319,104,3742.3635,1,2.945,3.264,1.328588388,6.528,209.62745,0.306372549,113.53,2,0
671,Au,Citrate,5.0,253.8496296,42.28,A549,H,Human,Epithelial,Lung,48,CCK8,Tetrazolium Salt,cell metabolic activity,N,N,N,2.54,2.54,0.0,1,196.967,0,0.0,-122.60844,372.66,567.35,5.176822,-6.209,0.319,104,3742.3635,1,2.945,3.264,1.328588388,6.528,209.62745,0.306372549,85.99,2,0
672,Au,Citrate,10.0,253.8496296,42.28,A549,H,Human,Epithelial,Lung,48,CCK8,Tetrazolium Salt,cell metabolic activity,N,N,N,2.54,2.54,0.0,1,196.967,0,0.0,-122.60844,372.66,567.35,5.176822,-6.209,0.319,104,3742.3635,1,2.945,3.264,1.328588388,6.528,209.62745,0.306372549,102.17,2,0
673,Au,Citrate,20.0,253.8496296,42.28,A549,H,Human,Epithelial,Lung,48,CCK8,Tetrazolium Salt,cell metabolic activity,N,N,N,2.54,2.54,0.0,1,196.967,0,0.0,-122.60844,372.66,567.35,5.176822,-6.209,0.319,104,3742.3635,1,2.945,3.264,1.328588388,6.528,209.62745,0.306372549,105.31,2,0
674,Au,Citrate,40.0,253.8496296,42.28,A549,H,Human,Epithelial,Lung,48,CCK8,Tetrazolium Salt,cell metabolic activity,N,N,N,2.54,2.54,0.0,1,196.967,0,0.0,-122.60844,372.66,567.35,5.176822,-6.209,0.319,104,3742.3635,1,2.945,3.264,1.328588388,6.528,209.62745,0.306372549,112.56,2,0
675,Au,Citrate,5.0,253.8496296,42.28,A549,H,Human,Epithelial,Lung,72,CCK8,Tetrazolium Salt,cell metabolic activity,N,N,N,2.54,2.54,0.0,1,196.967,0,0.0,-122.60844,372.66,567.35,5.176822,-6.209,0.319,104,3742.3635,1,2.945,3.264,1.328588388,6.528,209.62745,0.306372549,70.29,2,0
676,Au,Citrate,10.0,253.8496296,42.28,A549,H,Human,Epithelial,Lung,72,CCK8,Tetrazolium Salt,cell metabolic activity,N,N,N,2.54,2.54,0.0,1,196.967,0,0.0,-122.60844,372.66,567.35,5.176822,-6.209,0.319,104,3742.3635,1,2.945,3.264,1.328588388,6.528,209.62745,0.306372549,100.97,2,0
677,Au,Citrate,20.0,253.8496296,42.28,A549,H,Human,Epithelial,Lung,72,CCK8,Tetrazolium Salt,cell metabolic activity,N,N,N,2.54,2.54,0.0,1,196.967,0,0.0,-122.60844,372.66,567.35,5.176822,-6.209,0.319,104,3742.3635,1,2.945,3.264,1.328588388,6.528,209.62745,0.306372549,107.73,2,0
678,Au,Citrate,40.0,253.8496296,42.28,A549,H,Human,Epithelial,Lung,72,CCK8,Tetrazolium Salt,cell metabolic activity,N,N,N,2.54,2.54,0.0,1,196.967,0,0.0,-122.60844,372.66,567.35,5.176822,-6.209,0.319,104,3742.3635,1,2.945,3.264,1.328588388,6.528,209.62745,0.306372549,117.63,2,0
679,Au,Citrate,5.0,253.8496296,42.28,95D,H,Human,Epithelial,Lung,24,CCK8,Tetrazolium Salt,cell metabolic activity,N,N,N,2.54,2.54,0.0,1,196.967,0,0.0,-122.60844,372.66,567.35,5.176822,-6.209,0.319,104,3742.3635,1,2.945,3.264,1.328588388,6.528,209.62745,0.306372549,62.53,2,0
680,Au,Citrate,10.0,253.8496296,42.28,95D,H,Human,Epithelial,Lung,24,CCK8,Tetrazolium Salt,cell metabolic activity,N,N,N,2.54,2.54,0.0,1,196.967,0,0.0,-122.60844,372.66,567.35,5.176822,-6.209,0.319,104,3742.3635,1,2.945,3.264,1.328588388,6.528,209.62745,0.306372549,106.21,2,0
681,Au,Citrate,20.0,253.8496296,42.28,95D,H,Human,Epithelial,Lung,24,CCK8,Tetrazolium Salt,cell metabolic activity,N,N,N,2.54,2.54,0.0,1,196.967,0,0.0,-122.60844,372.66,567.35,5.176822,-6.209,0.319,104,3742.3635,1,2.945,3.264,1.328588388,6.528,209.62745,0.306372549,108.59,2,0
682,Au,Citrate,40.0,253.8496296,42.28,95D,H,Human,Epithelial,Lung,24,CCK8,Tetrazolium Salt,cell metabolic activity,N,N,N,2.54,2.54,0.0,1,196.967,0,0.0,-122.60844,372.66,567.35,5.176822,-6.209,0.319,104,3742.3635,1,2.945,3.264,1.328588388,6.528,209.62745,0.306372549,108.59,2,0
683,Au,Citrate,5.0,253.8496296,42.28,95D,H,Human,Epithelial,Lung,48,CCK8,Tetrazolium Salt,cell metabolic activity,N,N,N,2.54,2.54,0.0,1,196.967,0,0.0,-122.60844,372.66,567.35,5.176822,-6.209,0.319,104,3742.3635,1,2.945,3.264,1.328588388,6.528,209.62745,0.306372549,63.246,2,0
684,Au,Citrate,10.0,253.8496296,42.28,95D,H,Human,Epithelial,Lung,48,CCK8,Tetrazolium Salt,cell metabolic activity,N,N,N,2.54,2.54,0.0,1,196.967,0,0.0,-122.60844,372.66,567.35,5.176822,-6.209,0.319,104,3742.3635,1,2.945,3.264,1.328588388,6.528,209.62745,0.306372549,102.63,2,0
685,Au,Citrate,20.0,253.8496296,42.28,95D,H,Human,Epithelial,Lung,48,CCK8,Tetrazolium Salt,cell metabolic activity,N,N,N,2.54,2.54,0.0,1,196.967,0,0.0,-122.60844,372.66,567.35,5.176822,-6.209,0.319,104,3742.3635,1,2.945,3.264,1.328588388,6.528,209.62745,0.306372549,107.88,2,0
686,Au,Citrate,40.0,253.8496296,42.28,95D,H,Human,Epithelial,Lung,48,CCK8,Tetrazolium Salt,cell metabolic activity,N,N,N,2.54,2.54,0.0,1,196.967,0,0.0,-122.60844,372.66,567.35,5.176822,-6.209,0.319,104,3742.3635,1,2.945,3.264,1.328588388,6.528,209.62745,0.306372549,106.44,2,0
687,Au,Citrate,5.0,253.8496296,42.28,95D,H,Human,Epithelial,Lung,72,CCK8,Tetrazolium Salt,cell metabolic activity,N,N,N,2.54,2.54,0.0,1,196.967,0,0.0,-122.60844,372.66,567.35,5.176822,-6.209,0.319,104,3742.3635,1,2.945,3.264,1.328588388,6.528,209.62745,0.306372549,65.394,2,0
688,Au,Citrate,10.0,253.8496296,42.28,95D,H,Human,Epithelial,Lung,72,CCK8,Tetrazolium Salt,cell metabolic activity,N,N,N,2.54,2.54,0.0,1,196.967,0,0.0,-122.60844,372.66,567.35,5.176822,-6.209,0.319,104,3742.3635,1,2.945,3.264,1.328588388,6.528,209.62745,0.306372549,99.523,2,0
689,Au,Citrate,20.0,253.8496296,42.28,95D,H,Human,Epithelial,Lung,72,CCK8,Tetrazolium Salt,cell metabolic activity,N,N,N,2.54,2.54,0.0,1,196.967,0,0.0,-122.60844,372.66,567.35,5.176822,-6.209,0.319,104,3742.3635,1,2.945,3.264,1.328588388,6.528,209.62745,0.306372549,103.1,2,0
690,Au,Citrate,40.0,253.8496296,42.28,95D,H,Human,Epithelial,Lung,72,CCK8,Tetrazolium Salt,cell metabolic activity,N,N,N,2.54,2.54,0.0,1,196.967,0,0.0,-122.60844,372.66,567.35,5.176822,-6.209,0.319,104,3742.3635,1,2.945,3.264,1.328588388,6.528,209.62745,0.306372549,105.49,2,0
691,Au,Citrate,4.7,25.38496296,-57.5,RAW264.7,A,Mouse,Monocyte/Macrophage,Ascites,48,Live/Dead,Annexin V,cell membrane integrity,N,N,N,2.54,2.54,0.0,1,196.967,0,0.0,-855.36225,348.9,495.89,7.043021,-7.043,-2.143,56,472.8478,3,4.593,2.45,4.30523449,4.9,412.02254,0.408163265,100.28,2,0
692,Au,Citrate,4.7,50.76992593,-57.5,RAW264.7,A,Mouse,Monocyte/Macrophage,Ascites,48,Live/Dead,Annexin V,cell membrane integrity,N,N,N,2.54,2.54,0.0,1,196.967,0,0.0,-855.36225,348.9,495.89,7.043021,-7.043,-2.143,56,472.8478,3,4.593,2.45,4.30523449,4.9,412.02254,0.408163265,98.86,2,0
693,Au,Citrate,4.7,507.6992593,-57.5,RAW264.7,A,Mouse,Monocyte/Macrophage,Ascites,48,Live/Dead,Annexin V,cell membrane integrity,N,N,N,2.54,2.54,0.0,1,196.967,0,0.0,-1395.23559,502.72,681.67,10.088616,-10.089,-3.015,108,911.082,2,6.552,3.537,6.068519084,7.074,277.174898,0.282725474,53.561,2,0
694,Au,Citrate,270.0,25.38496296,-45.96,RAW264.7,A,Mouse,Monocyte/Macrophage,Ascites,48,Live/Dead,Annexin V,cell membrane integrity,N,N,N,2.54,2.54,0.0,1,196.967,0,0.0,-1395.23559,502.72,681.67,10.088616,-10.089,-3.015,108,911.082,2,6.552,3.537,6.068519084,7.074,277.174898,0.282725474,93.162,2,0
695,Au,Citrate,270.0,50.76992593,-45.96,RAW264.7,A,Mouse,Monocyte/Macrophage,Ascites,48,Live/Dead,Annexin V,cell membrane integrity,N,N,N,2.54,2.54,0.0,1,196.967,0,0.0,-725.87448,322.92,463.16,5.91594,-5.916,-2.018,62,1351.451,2,3.967,1.949,4.037221396,3.898,216.66638,0.513083633,94.872,2,0
696,Au,Citrate,270.0,507.6992593,-45.96,RAW264.7,A,Mouse,Monocyte/Macrophage,Ascites,48,Live/Dead,Calcein AM,cell membrane integrity,N,N,N,2.54,2.54,0.0,1,196.967,0,0.0,-122.60844,372.66,567.35,5.176822,-6.209,0.319,104,3742.3635,1,2.945,3.264,1.328588388,6.528,209.62745,0.306372549,94.872,2,0
697,Au,Citrate,270.0,5076.992593,-45.96,RAW264.7,A,Mouse,Monocyte/Macrophage,Ascites,48,Live/Dead,Calcein AM,cell membrane integrity,N,N,N,2.54,2.54,0.0,1,196.967,0,0.0,-122.60844,372.66,567.35,5.176822,-6.209,0.319,104,3742.3635,1,2.945,3.264,1.328588388,6.528,209.62745,0.306372549,88.604,2,0
698,Au,Citrate,4.7,25.38496296,-57.5,RAW264.7,A,Mouse,Monocyte/Macrophage,Ascites,48,Live/Dead,Calcein AM,cell membrane integrity,N,N,N,2.54,2.54,0.0,1,196.967,0,0.0,-122.60844,372.66,567.35,5.176822,-6.209,0.319,104,3742.3635,1,2.945,3.264,1.328588388,6.528,209.62745,0.306372549,100.25,2,0
699,Au,Citrate,4.7,50.76992593,-57.5,RAW264.7,A,Mouse,Monocyte/Macrophage,Ascites,48,Live/Dead,Calcein AM,cell membrane integrity,N,N,N,2.54,2.54,0.0,1,196.967,0,0.0,-122.60844,372.66,567.35,5.176822,-6.209,0.319,104,3742.3635,1,2.945,3.264,1.328588388,6.528,209.62745,0.306372549,82.952,2,0
700,Au,Citrate,4.7,507.6992593,-57.5,RAW264.7,A,Mouse,Monocyte/Macrophage,Ascites,48,Live/Dead,Calcein AM,cell membrane integrity,N,N,N,2.54,2.54,0.0,1,196.967,0,0.0,-122.60844,372.66,567.35,5.176822,-6.209,0.319,104,3742.3635,1,2.945,3.264,1.328588388,6.528,209.62745,0.306372549,68.957,2,0
701,Au,Citrate,270.0,25.38496296,-45.96,RAW264.7,A,Mouse,Monocyte/Macrophage,Ascites,48,Live/Dead,Calcein AM,cell membrane integrity,N,N,N,2.54,2.54,0.0,1,196.967,0,0.0,-122.60844,372.66,567.35,5.176822,-6.209,0.319,104,3742.3635,1,2.945,3.264,1.328588388,6.528,209.62745,0.306372549,93.893,2,0
702,Au,Citrate,270.0,50.76992593,-45.96,RAW264.7,A,Mouse,Monocyte/Macrophage,Ascites,48,Live/Dead,Calcein AM,cell membrane integrity,N,N,N,2.54,2.54,0.0,1,196.967,0,0.0,-122.60844,372.66,567.35,5.176822,-6.209,0.319,104,3742.3635,1,2.945,3.264,1.328588388,6.528,209.62745,0.306372549,86.005,2,0
703,Au,Citrate,270.0,507.6992593,-45.96,RAW264.7,A,Mouse,Monocyte/Macrophage,Ascites,48,Live/Dead,Calcein AM,cell membrane integrity,N,N,N,2.54,2.54,0.0,1,196.967,0,0.0,16.6855,358.62,556.42,6.124056,-6.124,-1.662,25,2089.804,4,3.893,2.231,3.396559615,4.462,184.074941,0.448229494,79.644,2,0
704,Au,Citrate,270.0,5076.992593,-45.96,RAW264.7,A,Mouse,Monocyte/Macrophage,Ascites,48,Live/Dead,Calcein AM,cell membrane integrity,N,N,N,2.54,2.54,0.0,1,196.967,0,0.0,16.6855,358.62,556.42,6.124056,-6.124,-1.662,25,2089.804,4,3.893,2.231,3.396559615,4.462,184.074941,0.448229494,52.672,2,0
705,Bi,,20.0,0.0005,-40.5,HeLa,H,Human,Epithelial,Cervix,24,Live/Dead,Calcein AM,cell membrane integrity,N,N,N,2.02,2.02,0.0,1,208.98,0,0.0,16.6855,358.62,556.42,6.124056,-6.124,-1.662,25,2089.804,4,3.893,2.231,3.396559615,4.462,184.074941,0.448229494,97.05882,2,0
706,Bi,,20.0,0.005,-40.5,HeLa,H,Human,Epithelial,Cervix,24,Live/Dead,Calcein AM,cell membrane integrity,N,N,N,2.02,2.02,0.0,1,208.98,0,0.0,16.6855,358.62,556.42,6.124056,-6.124,-1.662,25,2089.804,4,3.893,2.231,3.396559615,4.462,184.074941,0.448229494,85.882355,2,0
707,Bi,,20.0,0.05,-40.5,HeLa,H,Human,Epithelial,Cervix,24,Live/Dead,Calcein AM,cell membrane integrity,N,N,N,2.02,2.02,0.0,1,208.98,0,0.0,16.6855,358.62,556.42,6.124056,-6.124,-1.662,25,2089.804,4,3.893,2.231,3.396559615,4.462,184.074941,0.448229494,55.882355,2,0
708,Bi,,20.0,0.0005,-40.5,MG63,H,Human,Fibroblast,Bone,24,Live/Dead,Calcein AM,cell membrane integrity,N,N,N,2.02,2.02,0.0,1,208.98,0,0.0,16.6855,358.62,556.42,6.124056,-6.124,-1.662,25,2089.804,4,3.893,2.231,3.396559615,4.462,184.074941,0.448229494,98.83041,2,0
709,Bi,,20.0,0.005,-40.5,MG63,H,Human,Fibroblast,Bone,24,Live/Dead,Calcein AM,cell membrane integrity,N,N,N,2.02,2.02,0.0,1,208.98,0,0.0,16.6855,358.62,556.42,6.124056,-6.124,-1.662,25,2089.804,4,3.893,2.231,3.396559615,4.462,184.074941,0.448229494,87.13451,2,0
710,Bi,,20.0,0.05,-40.5,MG63,H,Human,Fibroblast,Bone,24,Live/Dead,Calcein AM,cell membrane integrity,N,N,N,2.02,2.02,0.0,1,208.98,0,0.0,16.6855,358.62,556.42,6.124056,-6.124,-1.662,25,2089.804,4,3.893,2.231,3.396559615,4.462,184.074941,0.448229494,71.34503,2,0
711,Bi,,20.0,0.0005,-33.33,HeLa,H,Human,Epithelial,Cervix,24,MTT,Tetrazolium Salt,cell metabolic activity,N,N,N,2.02,2.02,0.0,1,208.98,0,0.0,16.6855,358.62,556.42,6.124056,-6.124,-1.662,25,2089.804,4,3.893,2.231,3.396559615,4.462,184.074941,0.448229494,95.54656,2,0
712,Bi,,20.0,0.005,-33.33,HeLa,H,Human,Epithelial,Cervix,24,MTT,Tetrazolium Salt,cell metabolic activity,N,N,N,2.02,2.02,0.0,1,208.98,0,0.0,16.6855,358.62,556.42,6.124056,-6.124,-1.662,25,2089.804,4,3.893,2.231,3.396559615,4.462,184.074941,0.448229494,87.04453,2,0
713,Bi,,20.0,0.05,-33.33,HeLa,H,Human,Epithelial,Cervix,24,MTT,Tetrazolium Salt,cell metabolic activity,N,N,N,2.02,2.02,0.0,1,208.98,0,0.0,16.6855,358.62,556.42,6.124056,-6.124,-1.662,25,2089.804,4,3.893,2.231,3.396559615,4.462,184.074941,0.448229494,54.25101,2,0
714,Bi,,20.0,0.0005,42.28,MG63,H,Human,Fibroblast,Bone,24,MTT,Tetrazolium Salt,cell metabolic activity,N,N,N,2.02,2.02,0.0,1,208.98,0,0.0,16.6855,358.62,556.42,6.124056,-6.124,-1.662,25,2089.804,4,3.893,2.231,3.396559615,4.462,184.074941,0.448229494,96.76113,2,0
715,Bi,,20.0,0.005,42.28,MG63,H,Human,Fibroblast,Bone,24,MTT,Tetrazolium Salt,cell metabolic activity,N,N,N,2.02,2.02,0.0,1,208.98,0,0.0,16.6855,358.62,556.42,6.124056,-6.124,-1.662,25,2089.804,4,3.893,2.231,3.396559615,4.462,184.074941,0.448229494,93.11741,2,0
716,Bi,,20.0,0.05,42.28,MG63,H,Human,Fibroblast,Bone,24,MTT,Tetrazolium Salt,cell metabolic activity,N,N,N,2.02,2.02,0.0,1,208.98,0,0.0,16.6855,358.62,556.42,6.124056,-6.124,-1.662,25,2089.804,4,3.893,2.231,3.396559615,4.462,184.074941,0.448229494,68.0162,2,0
717,Bi,,20.0,0.05,-40.5,HeLa,H,Human,Epithelial,Cervix,12,Live/Dead,Calcein AM,cell membrane integrity,N,N,N,2.02,2.02,0.0,1,208.98,0,0.0,16.6855,358.62,556.42,6.124056,-6.124,-1.662,25,2089.804,4,3.893,2.231,3.396559615,4.462,184.074941,0.448229494,90.95965,2,0
718,Bi,,20.0,0.05,-40.5,HeLa,H,Human,Epithelial,Cervix,24,Live/Dead,Calcein AM,cell membrane integrity,N,N,N,2.02,2.02,0.0,1,208.98,0,0.0,16.6855,358.62,556.42,6.124056,-6.124,-1.662,25,2089.804,4,3.893,2.231,3.396559615,4.462,184.074941,0.448229494,75.72383,2,0
719,Bi,,20.0,0.05,-40.5,HeLa,H,Human,Epithelial,Cervix,48,Live/Dead,Calcein AM,cell membrane integrity,N,N,N,2.02,2.02,0.0,1,208.98,0,0.0,16.6855,358.62,556.42,6.124056,-6.124,-1.662,25,2089.804,4,3.893,2.231,3.396559615,4.462,184.074941,0.448229494,55.578434,2,0
720,Bi,,20.0,0.05,-40.5,HeLa,H,Human,Epithelial,Cervix,72,Live/Dead,Calcein AM,cell membrane integrity,N,N,N,2.02,2.02,0.0,1,208.98,0,0.0,16.6855,358.62,556.42,6.124056,-6.124,-1.662,25,2089.804,4,3.893,2.231,3.396559615,4.462,184.074941,0.448229494,34.6066,1,1
721,Bi,,20.0,0.05,-40.5,HeLa,H,Human,Epithelial,Cervix,96,Live/Dead,Calcein AM,cell membrane integrity,N,N,N,2.02,2.02,0.0,1,208.98,0,0.0,16.6855,358.62,556.42,6.124056,-6.124,-1.662,25,2089.804,4,3.893,2.231,3.396559615,4.462,184.074941,0.448229494,23.141573,1,1
722,Bi,,20.0,0.05,42.28,MG63,H,Human,Fibroblast,Bone,12,MTT,Tetrazolium Salt,cell metabolic activity,N,N,N,2.02,2.02,0.0,1,208.98,0,0.0,16.6855,358.62,556.42,6.124056,-6.124,-1.662,25,2089.804,4,3.893,2.231,3.396559615,4.462,184.074941,0.448229494,93.75,2,0
723,Bi,,20.0,0.05,42.28,MG63,H,Human,Fibroblast,Bone,24,MTT,Tetrazolium Salt,cell metabolic activity,N,N,N,2.02,2.02,0.0,1,208.98,0,0.0,16.6855,358.62,556.42,6.124056,-6.124,-1.662,25,2089.804,4,3.893,2.231,3.396559615,4.462,184.074941,0.448229494,82.5,2,0
724,Bi,,20.0,0.05,42.28,MG63,H,Human,Fibroblast,Bone,48,MTT,Tetrazolium Salt,cell metabolic activity,N,N,N,2.02,2.02,0.0,1,208.98,0,0.0,16.6855,358.62,556.42,6.124056,-6.124,-1.662,25,2089.804,4,3.893,2.231,3.396559615,4.462,184.074941,0.448229494,71.25,2,0
725,Bi,,20.0,0.05,42.28,MG63,H,Human,Fibroblast,Bone,72,MTT,Tetrazolium Salt,cell metabolic activity,N,N,N,2.02,2.02,0.0,1,208.98,0,0.0,16.6855,358.62,556.42,6.124056,-6.124,-1.662,25,2089.804,4,3.893,2.231,3.396559615,4.462,184.074941,0.448229494,54.166668,2,0
726,Bi,,20.0,0.05,42.28,MG63,H,Human,Fibroblast,Bone,96,MTT,Tetrazolium Salt,cell metabolic activity,N,N,N,2.02,2.02,0.0,1,208.98,0,0.0,16.6855,358.62,556.42,6.124056,-6.124,-1.662,25,2089.804,4,3.893,2.231,3.396559615,4.462,184.074941,0.448229494,45.833332,1,1
727,Bi,silica,30.0,0.0005,-40.5,HeLa,H,Human,Epithelial,Cervix,24,Live/Dead,Calcein AM,cell membrane integrity,N,N,N,2.02,2.02,0.0,1,208.98,0,0.0,16.6855,358.62,556.42,6.124056,-6.124,-1.662,25,2089.804,4,3.893,2.231,3.396559615,4.462,184.074941,0.448229494,99.411766,2,0
728,Bi,silica,30.0,0.005,-40.5,HeLa,H,Human,Epithelial,Cervix,24,Live/Dead,Calcein AM,cell membrane integrity,N,N,N,2.02,2.02,0.0,1,208.98,0,0.0,16.6855,358.62,556.42,6.124056,-6.124,-1.662,25,2089.804,4,3.893,2.231,3.396559615,4.462,184.074941,0.448229494,83.52941,2,0
729,Bi,silica,30.0,0.05,-40.5,HeLa,H,Human,Epithelial,Cervix,24,Live/Dead,Calcein AM,cell membrane integrity,N,N,N,2.02,2.02,0.0,1,208.98,0,0.0,16.6855,358.62,556.42,6.124056,-6.124,-1.662,25,2089.804,4,3.893,2.231,3.396559615,4.462,184.074941,0.448229494,59.411766,2,0
730,Bi,silica,30.0,0.0005,-40.5,MG63,H,Human,Fibroblast,Bone,24,Live/Dead,Calcein AM,cell membrane integrity,N,N,N,2.02,2.02,0.0,1,208.98,0,0.0,16.6855,358.62,556.42,6.124056,-6.124,-1.662,25,2089.804,4,3.893,2.231,3.396559615,4.462,184.074941,0.448229494,97.66082,2,0
731,Bi,silica,30.0,0.005,-40.5,MG63,H,Human,Fibroblast,Bone,24,Live/Dead,Calcein AM,cell membrane integrity,N,N,N,2.02,2.02,0.0,1,208.98,0,0.0,16.6855,358.62,556.42,6.124056,-6.124,-1.662,25,2089.804,4,3.893,2.231,3.396559615,4.462,184.074941,0.448229494,93.56725,2,0
732,Bi,silica,30.0,0.05,-40.5,MG63,H,Human,Fibroblast,Bone,24,Live/Dead,Calcein AM,cell membrane integrity,N,N,N,2.02,2.02,0.0,1,208.98,0,0.0,16.6855,358.62,556.42,6.124056,-6.124,-1.662,25,2089.804,4,3.893,2.231,3.396559615,4.462,184.074941,0.448229494,76.608185,2,0
733,Bi,silica,30.0,0.0005,-33.33,HeLa,H,Human,Epithelial,Cervix,24,MTT,Tetrazolium Salt,cell metabolic activity,N,N,N,2.02,2.02,0.0,1,208.98,0,0.0,16.6855,358.62,556.42,6.124056,-6.124,-1.662,25,2089.804,4,3.893,2.231,3.396559615,4.462,184.074941,0.448229494,99.190285,2,0
734,Bi,silica,30.0,0.005,-33.33,HeLa,H,Human,Epithelial,Cervix,24,MTT,Tetrazolium Salt,cell metabolic activity,N,N,N,2.02,2.02,0.0,1,208.98,0,0.0,16.6855,358.62,556.42,6.124056,-6.124,-1.662,25,2089.804,4,3.893,2.231,3.396559615,4.462,184.074941,0.448229494,91.90283,2,0
735,Bi,silica,30.0,0.05,-33.33,HeLa,H,Human,Epithelial,Cervix,24,MTT,Tetrazolium Salt,cell metabolic activity,N,N,N,2.02,2.02,0.0,1,208.98,0,0.0,16.6855,358.62,556.42,6.124056,-6.124,-1.662,25,2089.804,4,3.893,2.231,3.396559615,4.462,184.074941,0.448229494,63.967613,2,0
736,Bi,silica,30.0,0.0005,42.28,MG63,H,Human,Fibroblast,Bone,24,MTT,Tetrazolium Salt,cell metabolic activity,N,N,N,2.02,2.02,0.0,1,208.98,0,0.0,16.6855,358.62,556.42,6.124056,-6.124,-1.662,25,2089.804,4,3.893,2.231,3.396559615,4.462,184.074941,0.448229494,97.97571,2,0
737,Bi,silica,30.0,0.005,42.28,MG63,H,Human,Fibroblast,Bone,24,MTT,Tetrazolium Salt,cell metabolic activity,N,N,N,2.02,2.02,0.0,1,208.98,0,0.0,16.6855,358.62,556.42,6.124056,-6.124,-1.662,25,2089.804,4,3.893,2.231,3.396559615,4.462,184.074941,0.448229494,93.52227,2,0
738,Bi,silica,30.0,0.05,42.28,MG63,H,Human,Fibroblast,Bone,24,MTT,Tetrazolium Salt,cell metabolic activity,N,N,N,2.02,2.02,0.0,1,208.98,0,0.0,16.6855,358.62,556.42,6.124056,-6.124,-1.662,25,2089.804,4,3.893,2.231,3.396559615,4.462,184.074941,0.448229494,75.30364,2,0
739,Bi,silica,30.0,0.05,-40.5,HeLa,H,Human,Epithelial,Cervix,12,Live/Dead,Calcein AM,cell membrane integrity,N,N,N,2.02,2.02,0.0,1,208.98,0,0.0,16.6855,358.62,556.42,6.124056,-6.124,-1.662,25,2089.804,4,3.893,2.231,3.396559615,4.462,184.074941,0.448229494,90.95965,2,0
740,Bi,silica,30.0,0.05,-40.5,HeLa,H,Human,Epithelial,Cervix,24,Live/Dead,Calcein AM,cell membrane integrity,N,N,N,2.02,2.02,0.0,1,208.98,0,0.0,16.6855,358.62,556.42,6.124056,-6.124,-1.662,25,2089.804,4,3.893,2.231,3.396559615,4.462,184.074941,0.448229494,82.33531,2,0
741,Bi,silica,30.0,0.05,-40.5,HeLa,H,Human,Epithelial,Cervix,48,Live/Dead,Calcein AM,cell membrane integrity,N,N,N,2.02,2.02,0.0,1,208.98,0,0.0,16.6855,358.62,556.42,6.124056,-6.124,-1.662,25,2089.804,4,3.893,2.231,3.396559615,4.462,184.074941,0.448229494,58.884174,2,0
742,Bi,silica,30.0,0.05,-40.5,HeLa,H,Human,Epithelial,Cervix,72,Live/Dead,Calcein AM,cell membrane integrity,N,N,N,2.02,2.02,0.0,1,208.98,0,0.0,16.6855,358.62,556.42,6.124056,-6.124,-1.662,25,2089.804,4,3.893,2.231,3.396559615,4.462,184.074941,0.448229494,46.589905,1,1
743,Bi,silica,30.0,0.05,-40.5,HeLa,H,Human,Epithelial,Cervix,96,Live/Dead,Calcein AM,cell membrane integrity,N,N,N,2.02,2.02,0.0,1,208.98,0,0.0,16.6855,358.62,556.42,6.124056,-6.124,-1.662,25,2089.804,4,3.893,2.231,3.396559615,4.462,184.074941,0.448229494,32.644173,1,1
744,Bi,silica,30.0,0.05,42.28,MG63,H,Human,Fibroblast,Bone,12,MTT,Tetrazolium Salt,cell metabolic activity,N,N,N,2.02,2.02,0.0,1,208.98,0,0.0,16.6855,358.62,556.42,6.124056,-6.124,-1.662,25,2089.804,4,3.893,2.231,3.396559615,4.462,184.074941,0.448229494,93.333336,2,0
745,Bi,silica,30.0,0.05,42.28,MG63,H,Human,Fibroblast,Bone,24,MTT,Tetrazolium Salt,cell metabolic activity,N,N,N,2.02,2.02,0.0,1,208.98,0,0.0,16.6855,358.62,556.42,6.124056,-6.124,-1.662,25,2089.804,4,3.893,2.231,3.396559615,4.462,184.074941,0.448229494,92.916664,2,0
746,Bi,silica,30.0,0.05,42.28,MG63,H,Human,Fibroblast,Bone,48,MTT,Tetrazolium Salt,cell metabolic activity,N,N,N,2.02,2.02,0.0,1,208.98,0,0.0,16.6855,358.62,556.42,6.124056,-6.124,-1.662,25,2089.804,4,3.893,2.231,3.396559615,4.462,184.074941,0.448229494,76.666664,2,0
747,Bi,silica,30.0,0.05,42.28,MG63,H,Human,Fibroblast,Bone,72,MTT,Tetrazolium Salt,cell metabolic activity,N,N,N,2.02,2.02,0.0,1,208.98,0,0.0,16.6855,358.62,556.42,6.124056,-6.124,-1.662,25,2089.804,4,3.893,2.231,3.396559615,4.462,184.074941,0.448229494,62.916668,2,0
748,Bi,silica,30.0,0.05,42.28,MG63,H,Human,Fibroblast,Bone,96,MTT,Tetrazolium Salt,cell metabolic activity,N,N,N,2.02,2.02,0.0,1,208.98,0,0.0,16.6855,358.62,556.42,6.124056,-6.124,-1.662,25,2089.804,4,3.893,2.231,3.396559615,4.462,184.074941,0.448229494,57.5,2,0
749,Bi,NH2,20.0,0.0005,-40.5,HeLa,H,Human,Epithelial,Cervix,24,Live/Dead,Calcein AM,cell membrane integrity,N,N,N,2.02,2.02,0.0,1,208.98,0,0.0,16.6855,358.62,556.42,6.124056,-6.124,-1.662,25,2089.804,4,3.893,2.231,3.396559615,4.462,184.074941,0.448229494,99.411766,2,0
750,Bi,NH2,20.0,0.005,-40.5,HeLa,H,Human,Epithelial,Cervix,24,Live/Dead,Calcein AM,cell membrane integrity,N,N,N,2.02,2.02,0.0,1,208.98,0,0.0,16.6855,358.62,556.42,6.124056,-6.124,-1.662,25,2089.804,4,3.893,2.231,3.396559615,4.462,184.074941,0.448229494,70.0,2,0
751,Bi,NH2,20.0,0.05,-40.5,HeLa,H,Human,Epithelial,Cervix,24,Live/Dead,Calcein AM,cell membrane integrity,N,N,N,2.02,2.02,0.0,1,208.98,0,0.0,16.6855,358.62,556.42,6.124056,-6.124,-1.662,25,2089.804,4,3.893,2.231,3.396559615,4.462,184.074941,0.448229494,48.235294,1,1
752,Bi,NH2,20.0,0.0005,-40.5,MG63,H,Human,Fibroblast,Bone,24,Live/Dead,Calcein AM,cell membrane integrity,N,N,N,2.02,2.02,0.0,1,208.98,0,0.0,16.6855,358.62,556.42,6.124056,-6.124,-1.662,25,2089.804,4,3.893,2.231,3.396559615,4.462,184.074941,0.448229494,99.411766,2,0
753,Bi,NH2,20.0,0.005,-40.5,MG63,H,Human,Fibroblast,Bone,24,Live/Dead,Calcein AM,cell membrane integrity,N,N,N,2.02,2.02,0.0,1,208.98,0,0.0,16.6855,358.62,556.42,6.124056,-6.124,-1.662,25,2089.804,4,3.893,2.231,3.396559615,4.462,184.074941,0.448229494,82.35294,2,0
754,Bi,NH2,20.0,0.05,-40.5,MG63,H,Human,Fibroblast,Bone,24,Live/Dead,Calcein AM,cell membrane integrity,N,N,N,2.02,2.02,0.0,1,208.98,0,0.0,16.6855,358.62,556.42,6.124056,-6.124,-1.662,25,2089.804,4,3.893,2.231,3.396559615,4.462,184.074941,0.448229494,77.64706,2,0
755,Bi,NH2,20.0,0.0005,-33.33,HeLa,H,Human,Epithelial,Cervix,24,MTT,Tetrazolium Salt,cell metabolic activity,N,N,N,2.02,2.02,0.0,1,208.98,0,0.0,16.6855,358.62,556.42,6.124056,-6.124,-1.662,25,2089.804,4,3.893,2.231,3.396559615,4.462,184.074941,0.448229494,92.72727,2,0
756,Bi,NH2,20.0,0.005,-33.33,HeLa,H,Human,Epithelial,Cervix,24,MTT,Tetrazolium Salt,cell metabolic activity,N,N,N,2.02,2.02,0.0,1,208.98,0,0.0,16.6855,358.62,556.42,6.124056,-6.124,-1.662,25,2089.804,4,3.893,2.231,3.396559615,4.462,184.074941,0.448229494,77.57576,2,0
757,Bi,NH2,20.0,0.05,-33.33,HeLa,H,Human,Epithelial,Cervix,24,MTT,Tetrazolium Salt,cell metabolic activity,N,N,N,2.02,2.02,0.0,1,208.98,0,0.0,16.6855,358.62,556.42,6.124056,-6.124,-1.662,25,2089.804,4,3.893,2.231,3.396559615,4.462,184.074941,0.448229494,47.878788,1,1
758,Bi,NH2,20.0,0.0005,42.28,MG63,H,Human,Fibroblast,Bone,24,MTT,Tetrazolium Salt,cell metabolic activity,N,N,N,2.02,2.02,0.0,1,208.98,0,0.0,16.6855,358.62,556.42,6.124056,-6.124,-1.662,25,2089.804,4,3.893,2.231,3.396559615,4.462,184.074941,0.448229494,93.333336,2,0
759,Bi,NH2,20.0,0.005,42.28,MG63,H,Human,Fibroblast,Bone,24,MTT,Tetrazolium Salt,cell metabolic activity,N,N,N,2.02,2.02,0.0,1,208.98,0,0.0,16.6855,358.62,556.42,6.124056,-6.124,-1.662,25,2089.804,4,3.893,2.231,3.396559615,4.462,184.074941,0.448229494,83.63636,2,0
760,Bi,NH2,20.0,0.05,42.28,MG63,H,Human,Fibroblast,Bone,24,MTT,Tetrazolium Salt,cell metabolic activity,N,N,N,2.02,2.02,0.0,1,208.98,0,0.0,16.6855,358.62,556.42,6.124056,-6.124,-1.662,25,2089.804,4,3.893,2.231,3.396559615,4.462,184.074941,0.448229494,71.51515,2,0
761,Bi,NH2,20.0,0.05,-40.5,HeLa,H,Human,Epithelial,Cervix,12,Live/Dead,Calcein AM,cell membrane integrity,N,N,N,2.02,2.02,0.0,1,208.98,0,0.0,16.6855,358.62,556.42,6.124056,-6.124,-1.662,25,2089.804,4,3.893,2.231,3.396559615,4.462,184.074941,0.448229494,91.49671,2,0
762,Bi,NH2,20.0,0.05,-40.5,HeLa,H,Human,Epithelial,Cervix,24,Live/Dead,Calcein AM,cell membrane integrity,N,N,N,2.02,2.02,0.0,1,208.98,0,0.0,16.6855,358.62,556.42,6.124056,-6.124,-1.662,25,2089.804,4,3.893,2.231,3.396559615,4.462,184.074941,0.448229494,69.99874,2,0
763,Bi,NH2,20.0,0.05,-40.5,HeLa,H,Human,Epithelial,Cervix,48,Live/Dead,Calcein AM,cell membrane integrity,N,N,N,2.02,2.02,0.0,1,208.98,0,0.0,16.6855,358.62,556.42,6.124056,-6.124,-1.662,25,2089.804,4,3.893,2.231,3.396559615,4.462,184.074941,0.448229494,48.040874,1,1
764,Bi,NH2,20.0,0.05,-40.5,HeLa,H,Human,Epithelial,Cervix,72,Live/Dead,Calcein AM,cell membrane integrity,N,N,N,2.02,2.02,0.0,1,208.98,0,0.0,16.6855,358.62,556.42,6.124056,-6.124,-1.662,25,2089.804,4,3.893,2.231,3.396559615,4.462,184.074941,0.448229494,22.370241,1,1
765,Bi,NH2,20.0,0.05,-40.5,HeLa,H,Human,Epithelial,Cervix,96,Live/Dead,Calcein AM,cell membrane integrity,N,N,N,2.02,2.02,0.0,1,208.98,0,0.0,16.6855,358.62,556.42,6.124056,-6.124,-1.662,25,2089.804,4,3.893,2.231,3.396559615,4.462,184.074941,0.448229494,5.3608623,1,1
766,Bi,NH2,20.0,0.05,42.28,MG63,H,Human,Fibroblast,Bone,12,MTT,Tetrazolium Salt,cell metabolic activity,N,N,N,2.02,2.02,0.0,1,208.98,0,0.0,16.6855,358.62,556.42,6.124056,-6.124,-1.662,25,2089.804,4,3.893,2.231,3.396559615,4.462,184.074941,0.448229494,92.8719,2,0
767,Bi,NH2,20.0,0.05,42.28,MG63,H,Human,Fibroblast,Bone,24,MTT,Tetrazolium Salt,cell metabolic activity,N,N,N,2.02,2.02,0.0,1,208.98,0,0.0,16.6855,358.62,556.42,6.124056,-6.124,-1.662,25,2089.804,4,3.893,2.231,3.396559615,4.462,184.074941,0.448229494,82.024796,2,0
768,Bi,NH2,20.0,0.05,42.28,MG63,H,Human,Fibroblast,Bone,48,MTT,Tetrazolium Salt,cell metabolic activity,N,N,N,2.02,2.02,0.0,1,208.98,0,0.0,16.6855,358.62,556.42,6.124056,-6.124,-1.662,25,2089.804,4,3.893,2.231,3.396559615,4.462,184.074941,0.448229494,69.93802,2,0
769,Bi,NH2,20.0,0.05,42.28,MG63,H,Human,Fibroblast,Bone,72,MTT,Tetrazolium Salt,cell metabolic activity,N,N,N,2.02,2.02,0.0,1,208.98,0,0.0,16.6855,358.62,556.42,6.124056,-6.124,-1.662,25,2089.804,4,3.893,2.231,3.396559615,4.462,184.074941,0.448229494,58.161156,2,0
770,Bi,NH2,20.0,0.05,42.28,MG63,H,Human,Fibroblast,Bone,96,MTT,Tetrazolium Salt,cell metabolic activity,N,N,N,2.02,2.02,0.0,1,208.98,0,0.0,16.6855,358.62,556.42,6.124056,-6.124,-1.662,25,2089.804,4,3.893,2.231,3.396559615,4.462,184.074941,0.448229494,34.607437,1,1
771,Bi,PEG,20.0,0.0005,-40.5,HeLa,H,Human,Epithelial,Cervix,24,Live/Dead,Calcein AM,cell membrane integrity,N,N,N,2.02,2.02,0.0,1,208.98,0,0.0,16.6855,358.62,556.42,6.124056,-6.124,-1.662,25,2089.804,4,3.893,2.231,3.396559615,4.462,184.074941,0.448229494,98.23529,2,0
772,Bi,PEG,20.0,0.005,-40.5,HeLa,H,Human,Epithelial,Cervix,24,Live/Dead,Calcein AM,cell membrane integrity,N,N,N,2.02,2.02,0.0,1,208.98,0,0.0,16.6855,358.62,556.42,6.124056,-6.124,-1.662,25,2089.804,4,3.893,2.231,3.396559615,4.462,184.074941,0.448229494,87.05882,2,0
773,Bi,PEG,20.0,0.05,-40.5,HeLa,H,Human,Epithelial,Cervix,24,Live/Dead,Calcein AM,cell membrane integrity,N,N,N,2.02,2.02,0.0,1,208.98,0,0.0,16.6855,358.62,556.42,6.124056,-6.124,-1.662,25,2089.804,4,3.893,2.231,3.396559615,4.462,184.074941,0.448229494,66.47059,2,0
774,Bi,PEG,20.0,0.0005,-40.5,MG63,H,Human,Fibroblast,Bone,24,Live/Dead,Calcein AM,cell membrane integrity,N,N,N,2.02,2.02,0.0,1,208.98,0,0.0,16.6855,358.62,556.42,6.124056,-6.124,-1.662,25,2089.804,4,3.893,2.231,3.396559615,4.462,184.074941,0.448229494,98.23529,2,0
775,Bi,PEG,20.0,0.005,-40.5,MG63,H,Human,Fibroblast,Bone,24,Live/Dead,Calcein AM,cell membrane integrity,N,N,N,2.02,2.02,0.0,1,208.98,0,0.0,16.6855,358.62,556.42,6.124056,-6.124,-1.662,25,2089.804,4,3.893,2.231,3.396559615,4.462,184.074941,0.448229494,91.76471,2,0
776,Bi,PEG,20.0,0.05,-40.5,MG63,H,Human,Fibroblast,Bone,24,Live/Dead,Calcein AM,cell membrane integrity,N,N,N,2.02,2.02,0.0,1,208.98,0,0.0,16.6855,358.62,556.42,6.124056,-6.124,-1.662,25,2089.804,4,3.893,2.231,3.396559615,4.462,184.074941,0.448229494,78.23529,2,0
777,Bi,PEG,20.0,0.0005,-33.33,HeLa,H,Human,Epithelial,Cervix,24,MTT,Tetrazolium Salt,cell metabolic activity,N,N,N,2.02,2.02,0.0,1,208.98,0,0.0,16.6855,358.62,556.42,6.124056,-6.124,-1.662,25,2089.804,4,3.893,2.231,3.396559615,4.462,184.074941,0.448229494,98.78788,2,0
778,Bi,PEG,20.0,0.005,-33.33,HeLa,H,Human,Epithelial,Cervix,24,MTT,Tetrazolium Salt,cell metabolic activity,N,N,N,2.02,2.02,0.0,1,208.98,0,0.0,16.6855,358.62,556.42,6.124056,-6.124,-1.662,25,2089.804,4,3.893,2.231,3.396559615,4.462,184.074941,0.448229494,91.51515,2,0
779,Bi,PEG,20.0,0.05,-33.33,HeLa,H,Human,Epithelial,Cervix,24,MTT,Tetrazolium Salt,cell metabolic activity,N,N,N,2.02,2.02,0.0,1,208.98,0,0.0,16.6855,358.62,556.42,6.124056,-6.124,-1.662,25,2089.804,4,3.893,2.231,3.396559615,4.462,184.074941,0.448229494,63.636364,2,0
780,Bi,PEG,20.0,0.0005,42.28,MG63,H,Human,Fibroblast,Bone,24,MTT,Tetrazolium Salt,cell metabolic activity,N,N,N,2.02,2.02,0.0,1,208.98,0,0.0,16.6855,358.62,556.42,6.124056,-6.124,-1.662,25,2089.804,4,3.893,2.231,3.396559615,4.462,184.074941,0.448229494,96.969696,2,0
781,Bi,PEG,20.0,0.005,42.28,MG63,H,Human,Fibroblast,Bone,24,MTT,Tetrazolium Salt,cell metabolic activity,N,N,N,2.02,2.02,0.0,1,208.98,0,0.0,16.6855,358.62,556.42,6.124056,-6.124,-1.662,25,2089.804,4,3.893,2.231,3.396559615,4.462,184.074941,0.448229494,91.51515,2,0
782,Bi,PEG,20.0,0.05,42.28,MG63,H,Human,Fibroblast,Bone,24,MTT,Tetrazolium Salt,cell metabolic activity,N,N,N,2.02,2.02,0.0,1,208.98,0,0.0,16.6855,358.62,556.42,6.124056,-6.124,-1.662,25,2089.804,4,3.893,2.231,3.396559615,4.462,184.074941,0.448229494,78.181816,2,0
783,Bi,PEG,20.0,0.05,-40.5,HeLa,H,Human,Epithelial,Cervix,12,Live/Dead,Calcein AM,cell membrane integrity,N,N,N,2.02,2.02,0.0,1,208.98,0,0.0,16.6855,358.62,556.42,6.124056,-6.124,-1.662,25,2089.804,4,3.893,2.231,3.396559615,4.462,184.074941,0.448229494,90.67196,2,0
784,Bi,PEG,20.0,0.05,-40.5,HeLa,H,Human,Epithelial,Cervix,24,Live/Dead,Calcein AM,cell membrane integrity,N,N,N,2.02,2.02,0.0,1,208.98,0,0.0,16.6855,358.62,556.42,6.124056,-6.124,-1.662,25,2089.804,4,3.893,2.231,3.396559615,4.462,184.074941,0.448229494,84.43183,2,0
785,Bi,PEG,20.0,0.05,-40.5,HeLa,H,Human,Epithelial,Cervix,48,Live/Dead,Calcein AM,cell membrane integrity,N,N,N,2.02,2.02,0.0,1,208.98,0,0.0,16.6855,358.62,556.42,6.124056,-6.124,-1.662,25,2089.804,4,3.893,2.231,3.396559615,4.462,184.074941,0.448229494,66.18533,2,0
786,Bi,PEG,20.0,0.05,-40.5,HeLa,H,Human,Epithelial,Cervix,72,Live/Dead,Calcein AM,cell membrane integrity,N,N,N,2.02,2.02,0.0,1,208.98,0,0.0,16.6855,358.62,556.42,6.124056,-6.124,-1.662,25,2089.804,4,3.893,2.231,3.396559615,4.462,184.074941,0.448229494,54.94919,2,0
787,Bi,PEG,20.0,0.05,-40.5,HeLa,H,Human,Epithelial,Cervix,96,Live/Dead,Calcein AM,cell membrane integrity,N,N,N,2.02,2.02,0.0,1,208.98,0,0.0,16.6855,358.62,556.42,6.124056,-6.124,-1.662,25,2089.804,4,3.893,2.231,3.396559615,4.462,184.074941,0.448229494,45.772118,1,1
788,Bi,PEG,20.0,0.05,42.28,MG63,H,Human,Fibroblast,Bone,12,MTT,Tetrazolium Salt,cell metabolic activity,N,N,N,2.02,2.02,0.0,1,208.98,0,0.0,16.6855,358.62,556.42,6.124056,-6.124,-1.662,25,2089.804,4,3.893,2.231,3.396559615,4.462,184.074941,0.448229494,95.97108,2,0
789,Bi,PEG,20.0,0.05,42.28,MG63,H,Human,Fibroblast,Bone,24,MTT,Tetrazolium Salt,cell metabolic activity,N,N,N,2.02,2.02,0.0,1,208.98,0,0.0,16.6855,358.62,556.42,6.124056,-6.124,-1.662,25,2089.804,4,3.893,2.231,3.396559615,4.462,184.074941,0.448229494,91.0124,2,0
790,Bi,PEG,20.0,0.05,42.28,MG63,H,Human,Fibroblast,Bone,48,MTT,Tetrazolium Salt,cell metabolic activity,N,N,N,2.02,2.02,0.0,1,208.98,0,0.0,16.6855,358.62,556.42,6.124056,-6.124,-1.662,25,2089.804,4,3.893,2.231,3.396559615,4.462,184.074941,0.448229494,77.68595,2,0
791,Bi,PEG,20.0,0.05,42.28,MG63,H,Human,Fibroblast,Bone,72,MTT,Tetrazolium Salt,cell metabolic activity,N,N,N,2.02,2.02,0.0,1,208.98,0,0.0,16.6855,358.62,556.42,6.124056,-6.124,-1.662,25,2089.804,4,3.893,2.231,3.396559615,4.462,184.074941,0.448229494,66.838844,2,0
792,Bi,PEG,20.0,0.05,42.28,MG63,H,Human,Fibroblast,Bone,96,MTT,Tetrazolium Salt,cell metabolic activity,N,N,N,2.02,2.02,0.0,1,208.98,0,0.0,16.6855,358.62,556.42,6.124056,-6.124,-1.662,25,2089.804,4,3.893,2.231,3.396559615,4.462,184.074941,0.448229494,54.132233,2,0
793,Bi,,20.0,0.0005,-40.5,HeLa,H,Human,Epithelial,Cervix,24,Live/Dead,Calcein AM,cell membrane integrity,N,N,N,2.02,2.02,0.0,1,208.98,0,0.0,16.6855,358.62,556.42,6.124056,-6.124,-1.662,25,2089.804,4,3.893,2.231,3.396559615,4.462,184.074941,0.448229494,97.16,2,0
794,Bi,,20.0,0.005,-40.5,HeLa,H,Human,Epithelial,Cervix,24,Live/Dead,Calcein AM,cell membrane integrity,N,N,N,2.02,2.02,0.0,1,208.98,0,0.0,16.6855,358.62,556.42,6.124056,-6.124,-1.662,25,2089.804,4,3.893,2.231,3.396559615,4.462,184.074941,0.448229494,86.296,2,0
795,Bi,,20.0,0.05,-40.5,HeLa,H,Human,Epithelial,Cervix,24,Live/Dead,Calcein AM,cell membrane integrity,N,N,N,2.02,2.02,0.0,1,208.98,0,0.0,16.6855,358.62,556.42,6.124056,-6.124,-1.662,25,2089.804,4,3.893,2.231,3.396559615,4.462,184.074941,0.448229494,55.802,2,0
796,Bi,,20.0,0.0005,-40.5,MG63,H,Human,Fibroblast,Bone,24,Live/Dead,Calcein AM,cell membrane integrity,N,N,N,2.02,2.02,0.0,1,208.98,0,0.0,16.6855,358.62,556.42,6.124056,-6.124,-1.662,25,2089.804,4,3.893,2.231,3.396559615,4.462,184.074941,0.448229494,99.256,2,0
797,Bi,,20.0,0.005,-40.5,MG63,H,Human,Fibroblast,Bone,24,Live/Dead,Calcein AM,cell membrane integrity,N,N,N,2.02,2.02,0.0,1,208.98,0,0.0,16.6855,358.62,556.42,6.124056,-6.124,-1.662,25,2089.804,4,3.893,2.231,3.396559615,4.462,184.074941,0.448229494,87.593,2,0
798,Bi,,20.0,0.05,-40.5,MG63,H,Human,Fibroblast,Bone,24,Live/Dead,Calcein AM,cell membrane integrity,N,N,N,2.02,2.02,0.0,1,208.98,0,0.0,16.6855,358.62,556.42,6.124056,-6.124,-1.662,25,2089.804,4,3.893,2.231,3.396559615,4.462,184.074941,0.448229494,71.712,2,0
799,Bi,,20.0,0.0005,-33.33,HeLa,H,Human,Epithelial,Cervix,24,MTT,Tetrazolium Salt,cell metabolic activity,N,N,N,2.02,2.02,0.0,1,208.98,0,0.0,16.6855,358.62,556.42,6.124056,-6.124,-1.662,25,2089.804,4,3.893,2.231,3.396559615,4.462,184.074941,0.448229494,95.11,2,0
800,Bi,,20.0,0.005,-33.33,HeLa,H,Human,Epithelial,Cervix,24,MTT,Tetrazolium Salt,cell metabolic activity,N,N,N,2.02,2.02,0.0,1,208.98,0,0.0,16.6855,358.62,556.42,6.124056,-6.124,-1.662,25,2089.804,4,3.893,2.231,3.396559615,4.462,184.074941,0.448229494,87.164,2,0
801,Bi,,20.0,0.05,-33.33,HeLa,H,Human,Epithelial,Cervix,24,MTT,Tetrazolium Salt,cell metabolic activity,N,N,N,2.02,2.02,0.0,1,208.98,0,0.0,16.6855,358.62,556.42,6.124056,-6.124,-1.662,25,2089.804,4,3.893,2.231,3.396559615,4.462,184.074941,0.448229494,54.156,2,0
802,Bi,,20.0,0.0005,42.28,MG63,H,Human,Fibroblast,Bone,24,MTT,Tetrazolium Salt,cell metabolic activity,N,N,N,2.02,2.02,0.0,1,208.98,0,0.0,16.6855,358.62,556.42,6.124056,-6.124,-1.662,25,2089.804,4,3.893,2.231,3.396559615,4.462,184.074941,0.448229494,96.429,2,0
803,Bi,,20.0,0.005,42.28,MG63,H,Human,Fibroblast,Bone,24,MTT,Tetrazolium Salt,cell metabolic activity,N,N,N,2.02,2.02,0.0,1,208.98,0,0.0,16.6855,358.62,556.42,6.124056,-6.124,-1.662,25,2089.804,4,3.893,2.231,3.396559615,4.462,184.074941,0.448229494,92.989,2,0
804,Bi,,20.0,0.05,42.28,MG63,H,Human,Fibroblast,Bone,24,MTT,Tetrazolium Salt,cell metabolic activity,N,N,N,2.02,2.02,0.0,1,208.98,0,0.0,16.6855,358.62,556.42,6.124056,-6.124,-1.662,25,2089.804,4,3.893,2.231,3.396559615,4.462,184.074941,0.448229494,67.857,2,0
805,Bi,NH2,20.0,0.0005,-40.5,HeLa,H,Human,Epithelial,Cervix,24,Live/Dead,Calcein AM,cell membrane integrity,N,N,N,2.02,2.02,0.0,1,208.98,0,0.0,16.6855,358.62,556.42,6.124056,-6.124,-1.662,25,2089.804,4,3.893,2.231,3.396559615,4.462,184.074941,0.448229494,99.383,2,0
806,Bi,NH2,20.0,0.005,-40.5,HeLa,H,Human,Epithelial,Cervix,24,Live/Dead,Calcein AM,cell membrane integrity,N,N,N,2.02,2.02,0.0,1,208.98,0,0.0,16.6855,358.62,556.42,6.124056,-6.124,-1.662,25,2089.804,4,3.893,2.231,3.396559615,4.462,184.074941,0.448229494,70.0,2,0
807,Bi,NH2,20.0,0.05,-40.5,HeLa,H,Human,Epithelial,Cervix,24,Live/Dead,Calcein AM,cell membrane integrity,N,N,N,2.02,2.02,0.0,1,208.98,0,0.0,16.6855,358.62,556.42,6.124056,-6.124,-1.662,25,2089.804,4,3.893,2.231,3.396559615,4.462,184.074941,0.448229494,48.642,1,1
808,Bi,NH2,20.0,0.0005,-40.5,MG63,H,Human,Fibroblast,Bone,24,Live/Dead,Calcein AM,cell membrane integrity,N,N,N,2.02,2.02,0.0,1,208.98,0,0.0,16.6855,358.62,556.42,6.124056,-6.124,-1.662,25,2089.804,4,3.893,2.231,3.396559615,4.462,184.074941,0.448229494,99.256,2,0
809,Bi,NH2,20.0,0.005,-40.5,MG63,H,Human,Fibroblast,Bone,24,Live/Dead,Calcein AM,cell membrane integrity,N,N,N,2.02,2.02,0.0,1,208.98,0,0.0,16.6855,358.62,556.42,6.124056,-6.124,-1.662,25,2089.804,4,3.893,2.231,3.396559615,4.462,184.074941,0.448229494,82.878,2,0
810,Bi,NH2,20.0,0.05,-40.5,MG63,H,Human,Fibroblast,Bone,24,Live/Dead,Calcein AM,cell membrane integrity,N,N,N,2.02,2.02,0.0,1,208.98,0,0.0,16.6855,358.62,556.42,6.124056,-6.124,-1.662,25,2089.804,4,3.893,2.231,3.396559615,4.462,184.074941,0.448229494,77.916,2,0
811,Bi,NH2,20.0,0.0005,-33.33,HeLa,H,Human,Epithelial,Cervix,24,MTT,Tetrazolium Salt,cell metabolic activity,N,N,N,2.02,2.02,0.0,1,208.98,0,0.0,16.6855,358.62,556.42,6.124056,-6.124,-1.662,25,2089.804,4,3.893,2.231,3.396559615,4.462,184.074941,0.448229494,93.521,2,0
812,Bi,NH2,20.0,0.005,-33.33,HeLa,H,Human,Epithelial,Cervix,24,MTT,Tetrazolium Salt,cell metabolic activity,N,N,N,2.02,2.02,0.0,1,208.98,0,0.0,16.6855,358.62,556.42,6.124056,-6.124,-1.662,25,2089.804,4,3.893,2.231,3.396559615,4.462,184.074941,0.448229494,78.24,2,0
813,Bi,NH2,20.0,0.05,-33.33,HeLa,H,Human,Epithelial,Cervix,24,MTT,Tetrazolium Salt,cell metabolic activity,N,N,N,2.02,2.02,0.0,1,208.98,0,0.0,16.6855,358.62,556.42,6.124056,-6.124,-1.662,25,2089.804,4,3.893,2.231,3.396559615,4.462,184.074941,0.448229494,48.533,1,1
814,Bi,NH2,20.0,0.0005,42.28,MG63,H,Human,Fibroblast,Bone,24,MTT,Tetrazolium Salt,cell metabolic activity,N,N,N,2.02,2.02,0.0,1,208.98,0,0.0,16.6855,358.62,556.42,6.124056,-6.124,-1.662,25,2089.804,4,3.893,2.231,3.396559615,4.462,184.074941,0.448229494,93.651,2,0
815,Bi,NH2,20.0,0.005,42.28,MG63,H,Human,Fibroblast,Bone,24,MTT,Tetrazolium Salt,cell metabolic activity,N,N,N,2.02,2.02,0.0,1,208.98,0,0.0,16.6855,358.62,556.42,6.124056,-6.124,-1.662,25,2089.804,4,3.893,2.231,3.396559615,4.462,184.074941,0.448229494,83.73,2,0
816,Bi,NH2,20.0,0.05,42.28,MG63,H,Human,Fibroblast,Bone,24,MTT,Tetrazolium Salt,cell metabolic activity,N,N,N,2.02,2.02,0.0,1,208.98,0,0.0,16.6855,358.62,556.42,6.124056,-6.124,-1.662,25,2089.804,4,3.893,2.231,3.396559615,4.462,184.074941,0.448229494,71.825,2,0
817,Bi,Silica,20.0,0.0005,-40.5,HeLa,H,Human,Epithelial,Cervix,24,Live/Dead,Calcein AM,cell membrane integrity,N,N,N,2.02,2.02,0.0,1,208.98,0,0.0,16.6855,358.62,556.42,6.124056,-6.124,-1.662,25,2089.804,4,3.893,2.231,3.396559615,4.462,184.074941,0.448229494,99.383,2,0
818,Bi,Silica,20.0,0.005,-40.5,HeLa,H,Human,Epithelial,Cervix,24,Live/Dead,Calcein AM,cell membrane integrity,N,N,N,2.02,2.02,0.0,1,208.98,0,0.0,16.6855,358.62,556.42,6.124056,-6.124,-1.662,25,2089.804,4,3.893,2.231,3.396559615,4.462,184.074941,0.448229494,83.951,2,0
819,Bi,Silica,20.0,0.05,-40.5,HeLa,H,Human,Epithelial,Cervix,24,Live/Dead,Calcein AM,cell membrane integrity,N,N,N,2.02,2.02,0.0,1,208.98,0,0.0,16.6855,358.62,556.42,6.124056,-6.124,-1.662,25,2089.804,4,3.893,2.231,3.396559615,4.462,184.074941,0.448229494,59.506,2,0
820,Bi,Silica,20.0,0.0005,-40.5,MG63,H,Human,Fibroblast,Bone,24,Live/Dead,Calcein AM,cell membrane integrity,N,N,N,2.02,2.02,0.0,1,208.98,0,0.0,16.6855,358.62,556.42,6.124056,-6.124,-1.662,25,2089.804,4,3.893,2.231,3.396559615,4.462,184.074941,0.448229494,98.511,2,0
821,Bi,Silica,20.0,0.005,-40.5,MG63,H,Human,Fibroblast,Bone,24,Live/Dead,Calcein AM,cell membrane integrity,N,N,N,2.02,2.02,0.0,1,208.98,0,0.0,16.6855,358.62,556.42,6.124056,-6.124,-1.662,25,2089.804,4,3.893,2.231,3.396559615,4.462,184.074941,0.448229494,94.169,2,0
822,Bi,Silica,20.0,0.05,-40.5,MG63,H,Human,Fibroblast,Bone,24,Live/Dead,Calcein AM,cell membrane integrity,N,N,N,2.02,2.02,0.0,1,208.98,0,0.0,16.6855,358.62,556.42,6.124056,-6.124,-1.662,25,2089.804,4,3.893,2.231,3.396559615,4.462,184.074941,0.448229494,77.171,2,0
823,Bi,Silica,20.0,0.0005,-33.33,HeLa,H,Human,Epithelial,Cervix,24,MTT,Tetrazolium Salt,cell metabolic activity,N,N,N,2.02,2.02,0.0,1,208.98,0,0.0,16.6855,358.62,556.42,6.124056,-6.124,-1.662,25,2089.804,4,3.893,2.231,3.396559615,4.462,184.074941,0.448229494,99.389,2,0
824,Bi,Silica,20.0,0.005,-33.33,HeLa,H,Human,Epithelial,Cervix,24,MTT,Tetrazolium Salt,cell metabolic activity,N,N,N,2.02,2.02,0.0,1,208.98,0,0.0,16.6855,358.62,556.42,6.124056,-6.124,-1.662,25,2089.804,4,3.893,2.231,3.396559615,4.462,184.074941,0.448229494,92.176,2,0
825,Bi,Silica,20.0,0.05,-33.33,HeLa,H,Human,Epithelial,Cervix,24,MTT,Tetrazolium Salt,cell metabolic activity,N,N,N,2.02,2.02,0.0,1,208.98,0,0.0,16.6855,358.62,556.42,6.124056,-6.124,-1.662,25,2089.804,4,3.893,2.231,3.396559615,4.462,184.074941,0.448229494,63.692,2,0
826,Bi,Silica,20.0,0.0005,42.28,MG63,H,Human,Fibroblast,Bone,24,MTT,Tetrazolium Salt,cell metabolic activity,N,N,N,2.02,2.02,0.0,1,208.98,0,0.0,16.6855,358.62,556.42,6.124056,-6.124,-1.662,25,2089.804,4,3.893,2.231,3.396559615,4.462,184.074941,0.448229494,98.28,2,0
827,Bi,Silica,20.0,0.005,42.28,MG63,H,Human,Fibroblast,Bone,24,MTT,Tetrazolium Salt,cell metabolic activity,N,N,N,2.02,2.02,0.0,1,208.98,0,0.0,16.6855,358.62,556.42,6.124056,-6.124,-1.662,25,2089.804,4,3.893,2.231,3.396559615,4.462,184.074941,0.448229494,93.519,2,0
828,Bi,Silica,20.0,0.05,42.28,MG63,H,Human,Fibroblast,Bone,24,MTT,Tetrazolium Salt,cell metabolic activity,N,N,N,2.02,2.02,0.0,1,208.98,0,0.0,16.6855,358.62,556.42,6.124056,-6.124,-1.662,25,2089.804,4,3.893,2.231,3.396559615,4.462,184.074941,0.448229494,75.529,2,0
829,Bi,PEG,20.0,0.0005,-40.5,HeLa,H,Human,Epithelial,Cervix,24,Live/Dead,Calcein AM,cell membrane integrity,N,N,N,2.02,2.02,0.0,1,208.98,0,0.0,-855.36225,348.9,495.89,7.043021,-7.043,-2.143,56,472.8478,3,4.593,2.45,4.30523449,4.9,412.02254,0.408163265,98.395,2,0
830,Bi,PEG,20.0,0.005,-40.5,HeLa,H,Human,Epithelial,Cervix,24,Live/Dead,Calcein AM,cell membrane integrity,N,N,N,2.02,2.02,0.0,1,208.98,0,0.0,-855.36225,348.9,495.89,7.043021,-7.043,-2.143,56,472.8478,3,4.593,2.45,4.30523449,4.9,412.02254,0.408163265,87.778,2,0
831,Bi,PEG,20.0,0.05,-40.5,HeLa,H,Human,Epithelial,Cervix,24,Live/Dead,Calcein AM,cell membrane integrity,N,N,N,2.02,2.02,0.0,1,208.98,0,0.0,-855.36225,348.9,495.89,7.043021,-7.043,-2.143,56,472.8478,3,4.593,2.45,4.30523449,4.9,412.02254,0.408163265,66.667,2,0
832,Bi,PEG,20.0,0.0005,-40.5,MG63,H,Human,Fibroblast,Bone,24,Live/Dead,Calcein AM,cell membrane integrity,N,N,N,2.02,2.02,0.0,1,208.98,0,0.0,-855.36225,348.9,495.89,7.043021,-7.043,-2.143,56,472.8478,3,4.593,2.45,4.30523449,4.9,412.02254,0.408163265,98.387,2,0
833,Bi,PEG,20.0,0.005,-40.5,MG63,H,Human,Fibroblast,Bone,24,Live/Dead,Calcein AM,cell membrane integrity,N,N,N,2.02,2.02,0.0,1,208.98,0,0.0,-855.36225,348.9,495.89,7.043021,-7.043,-2.143,56,472.8478,3,4.593,2.45,4.30523449,4.9,412.02254,0.408163265,91.935,2,0
834,Bi,PEG,20.0,0.05,-40.5,MG63,H,Human,Fibroblast,Bone,24,Live/Dead,Calcein AM,cell membrane integrity,N,N,N,2.02,2.02,0.0,1,208.98,0,0.0,-855.36225,348.9,495.89,7.043021,-7.043,-2.143,56,472.8478,3,4.593,2.45,4.30523449,4.9,412.02254,0.408163265,78.164,2,0
835,Bi,PEG,20.0,0.0005,-33.33,HeLa,H,Human,Epithelial,Cervix,24,MTT,Tetrazolium Salt,cell metabolic activity,N,N,N,2.02,2.02,0.0,1,208.98,0,0.0,16.6855,358.62,556.42,6.124056,-6.124,-1.662,25,2089.804,4,3.893,2.231,3.396559615,4.462,184.074941,0.448229494,96.21,2,0
836,Bi,PEG,20.0,0.005,-33.33,HeLa,H,Human,Epithelial,Cervix,24,MTT,Tetrazolium Salt,cell metabolic activity,N,N,N,2.02,2.02,0.0,1,208.98,0,0.0,16.6855,358.62,556.42,6.124056,-6.124,-1.662,25,2089.804,4,3.893,2.231,3.396559615,4.462,184.074941,0.448229494,88.875,2,0
837,Bi,PEG,20.0,0.05,-33.33,HeLa,H,Human,Epithelial,Cervix,24,MTT,Tetrazolium Salt,cell metabolic activity,N,N,N,2.02,2.02,0.0,1,208.98,0,0.0,16.6855,358.62,556.42,6.124056,-6.124,-1.662,25,2089.804,4,3.893,2.231,3.396559615,4.462,184.074941,0.448229494,72.983,2,0
838,Bi,PEG,20.0,0.0005,42.28,MG63,H,Human,Fibroblast,Bone,24,MTT,Tetrazolium Salt,cell metabolic activity,N,N,N,2.02,2.02,0.0,1,208.98,0,0.0,16.6855,358.62,556.42,6.124056,-6.124,-1.662,25,2089.804,4,3.893,2.231,3.396559615,4.462,184.074941,0.448229494,97.354,2,0
839,Bi,PEG,20.0,0.005,42.28,MG63,H,Human,Fibroblast,Bone,24,MTT,Tetrazolium Salt,cell metabolic activity,N,N,N,2.02,2.02,0.0,1,208.98,0,0.0,16.6855,358.62,556.42,6.124056,-6.124,-1.662,25,2089.804,4,3.893,2.231,3.396559615,4.462,184.074941,0.448229494,92.063,2,0
840,Bi,PEG,20.0,0.05,42.28,MG63,H,Human,Fibroblast,Bone,24,MTT,Tetrazolium Salt,cell metabolic activity,N,N,N,2.02,2.02,0.0,1,208.98,0,0.0,16.6855,358.62,556.42,6.124056,-6.124,-1.662,25,2089.804,4,3.893,2.231,3.396559615,4.462,184.074941,0.448229494,78.175,2,0
841,Bi,,20.0,0.05,-40.5,HeLa,H,Human,Epithelial,Cervix,12,Live/Dead,Calcein AM,cell membrane integrity,N,N,N,2.02,2.02,0.0,1,208.98,0,0.0,-855.36225,348.9,495.89,7.043021,-7.043,-2.143,56,472.8478,3,4.593,2.45,4.30523449,4.9,412.02254,0.408163265,90.617,2,0
842,Bi,,20.0,0.05,-40.5,HeLa,H,Human,Epithelial,Cervix,24,Live/Dead,Calcein AM,cell membrane integrity,N,N,N,2.02,2.02,0.0,1,208.98,0,0.0,-855.36225,348.9,495.89,7.043021,-7.043,-2.143,56,472.8478,3,4.593,2.45,4.30523449,4.9,412.02254,0.408163265,75.802,2,0
843,Bi,,20.0,0.05,-40.5,HeLa,H,Human,Epithelial,Cervix,48,Live/Dead,Calcein AM,cell membrane integrity,N,N,N,2.02,2.02,0.0,1,208.98,0,0.0,-855.36225,348.9,495.89,7.043021,-7.043,-2.143,56,472.8478,3,4.593,2.45,4.30523449,4.9,412.02254,0.408163265,55.556,2,0
844,Bi,,20.0,0.05,-40.5,HeLa,H,Human,Epithelial,Cervix,72,Live/Dead,Calcein AM,cell membrane integrity,N,N,N,2.02,2.02,0.0,1,208.98,0,0.0,-855.36225,348.9,495.89,7.043021,-7.043,-2.143,56,472.8478,3,4.593,2.45,4.30523449,4.9,412.02254,0.408163265,34.568,1,1
845,Bi,,20.0,0.05,-40.5,HeLa,H,Human,Epithelial,Cervix,96,Live/Dead,Calcein AM,cell membrane integrity,N,N,N,2.02,2.02,0.0,1,208.98,0,0.0,-855.36225,348.9,495.89,7.043021,-7.043,-2.143,56,472.8478,3,4.593,2.45,4.30523449,4.9,412.02254,0.408163265,22.963,1,1
846,Bi,,20.0,0.05,-40.5,MG63,H,Human,Fibroblast,Bone,12,Live/Dead,Calcein AM,cell membrane integrity,N,N,N,2.02,2.02,0.0,1,208.98,0,0.0,-855.36225,348.9,495.89,7.043021,-7.043,-2.143,56,472.8478,3,4.593,2.45,4.30523449,4.9,412.02254,0.408163265,93.223,2,0
847,Bi,,20.0,0.05,-40.5,MG63,H,Human,Fibroblast,Bone,24,Live/Dead,Calcein AM,cell membrane integrity,N,N,N,2.02,2.02,0.0,1,208.98,0,0.0,-855.36225,348.9,495.89,7.043021,-7.043,-2.143,56,472.8478,3,4.593,2.45,4.30523449,4.9,412.02254,0.408163265,87.414,2,0
848,Bi,,20.0,0.05,-40.5,MG63,H,Human,Fibroblast,Bone,48,Live/Dead,Calcein AM,cell membrane integrity,N,N,N,2.02,2.02,0.0,1,208.98,0,0.0,-855.36225,348.9,495.89,7.043021,-7.043,-2.143,56,472.8478,3,4.593,2.45,4.30523449,4.9,412.02254,0.408163265,71.369,2,0
849,Bi,,20.0,0.05,-40.5,MG63,H,Human,Fibroblast,Bone,72,Live/Dead,Calcein AM,cell membrane integrity,N,N,N,2.02,2.02,0.0,1,208.98,0,0.0,-855.36225,348.9,495.89,7.043021,-7.043,-2.143,56,472.8478,3,4.593,2.45,4.30523449,4.9,412.02254,0.408163265,54.633,2,0
850,Bi,,20.0,0.05,-40.5,MG63,H,Human,Fibroblast,Bone,96,Live/Dead,Calcein AM,cell membrane integrity,N,N,N,2.02,2.02,0.0,1,208.98,0,0.0,-855.36225,348.9,495.89,7.043021,-7.043,-2.143,56,472.8478,3,4.593,2.45,4.30523449,4.9,412.02254,0.408163265,45.92,1,1
851,Bi,NH2,20.0,0.05,-40.5,HeLa,H,Human,Epithelial,Cervix,12,Live/Dead,Calcein AM  Ethidium homodimer-1,cell membrane integrity,N,N,N,2.02,2.02,0.0,1,208.98,0,0.0,16.6855,358.62,556.42,6.124056,-6.124,-1.662,25,2089.804,4,3.893,2.231,3.396559615,4.462,184.074941,0.448229494,91.111,2,0
852,Bi,NH2,20.0,0.05,-40.5,HeLa,H,Human,Epithelial,Cervix,24,Live/Dead,Calcein AM  Ethidium homodimer-1,cell membrane integrity,N,N,N,2.02,2.02,0.0,1,208.98,0,0.0,16.6855,358.62,556.42,6.124056,-6.124,-1.662,25,2089.804,4,3.893,2.231,3.396559615,4.462,184.074941,0.448229494,69.63,2,0
853,Bi,NH2,20.0,0.05,-40.5,HeLa,H,Human,Epithelial,Cervix,48,Live/Dead,Calcein AM  Ethidium homodimer-1,cell membrane integrity,N,N,N,2.02,2.02,0.0,1,208.98,0,0.0,16.6855,358.62,556.42,6.124056,-6.124,-1.662,25,2089.804,4,3.893,2.231,3.396559615,4.462,184.074941,0.448229494,48.519,1,1
854,Bi,NH2,20.0,0.05,-40.5,HeLa,H,Human,Epithelial,Cervix,72,Live/Dead,Calcein AM  Ethidium homodimer-1,cell membrane integrity,N,N,N,2.02,2.02,0.0,1,208.98,0,0.0,16.6855,358.62,556.42,6.124056,-6.124,-1.662,25,2089.804,4,3.893,2.231,3.396559615,4.462,184.074941,0.448229494,22.346,1,1
855,Bi,NH2,20.0,0.05,-40.5,HeLa,H,Human,Epithelial,Cervix,96,Live/Dead,Calcein AM  Ethidium homodimer-1,cell membrane integrity,N,N,N,2.02,2.02,0.0,1,208.98,0,0.0,16.6855,358.62,556.42,6.124056,-6.124,-1.662,25,2089.804,4,3.893,2.231,3.396559615,4.462,184.074941,0.448229494,5.8025,1,1
856,Bi,NH2,20.0,0.05,-40.5,MG63,H,Human,Fibroblast,Bone,12,Live/Dead,Calcein AM  Ethidium homodimer-1,cell membrane integrity,N,N,N,2.02,2.02,0.0,1,208.98,0,0.0,16.6855,358.62,556.42,6.124056,-6.124,-1.662,25,2089.804,4,3.893,2.231,3.396559615,4.462,184.074941,0.448229494,92.531,2,0
857,Bi,NH2,20.0,0.05,-40.5,MG63,H,Human,Fibroblast,Bone,24,Live/Dead,Calcein AM  Ethidium homodimer-1,cell membrane integrity,N,N,N,2.02,2.02,0.0,1,208.98,0,0.0,16.6855,358.62,556.42,6.124056,-6.124,-1.662,25,2089.804,4,3.893,2.231,3.396559615,4.462,184.074941,0.448229494,82.434,2,0
858,Bi,NH2,20.0,0.05,-40.5,MG63,H,Human,Fibroblast,Bone,48,Live/Dead,Calcein AM  Ethidium homodimer-1,cell membrane integrity,N,N,N,2.02,2.02,0.0,1,208.98,0,0.0,16.6855,358.62,556.42,6.124056,-6.124,-1.662,25,2089.804,4,3.893,2.231,3.396559615,4.462,184.074941,0.448229494,69.848,2,0
859,Bi,NH2,20.0,0.05,-40.5,MG63,H,Human,Fibroblast,Bone,72,Live/Dead,Calcein AM  Ethidium homodimer-1,cell membrane integrity,N,N,N,2.02,2.02,0.0,1,208.98,0,0.0,16.6855,358.62,556.42,6.124056,-6.124,-1.662,25,2089.804,4,3.893,2.231,3.396559615,4.462,184.074941,0.448229494,58.091,2,0
860,Bi,NH2,20.0,0.05,-40.5,MG63,H,Human,Fibroblast,Bone,96,Live/Dead,Calcein AM  Ethidium homodimer-1,cell membrane integrity,N,N,N,2.02,2.02,0.0,1,208.98,0,0.0,16.6855,358.62,556.42,6.124056,-6.124,-1.662,25,2089.804,4,3.893,2.231,3.396559615,4.462,184.074941,0.448229494,34.44,1,1
861,Bi,Silica,20.0,0.05,-40.5,HeLa,H,Human,Epithelial,Cervix,12,Live/Dead,Calcein AM  Ethidium homodimer-1,cell membrane integrity,N,N,N,2.02,2.02,0.0,1,208.98,0,0.0,16.6855,358.62,556.42,6.124056,-6.124,-1.662,25,2089.804,4,3.893,2.231,3.396559615,4.462,184.074941,0.448229494,92.593,2,0
862,Bi,Silica,20.0,0.05,-40.5,HeLa,H,Human,Epithelial,Cervix,24,Live/Dead,Calcein AM  Ethidium homodimer-1,cell membrane integrity,N,N,N,2.02,2.02,0.0,1,208.98,0,0.0,16.6855,358.62,556.42,6.124056,-6.124,-1.662,25,2089.804,4,3.893,2.231,3.396559615,4.462,184.074941,0.448229494,83.951,2,0
863,Bi,Silica,20.0,0.05,-40.5,HeLa,H,Human,Epithelial,Cervix,48,Live/Dead,Calcein AM  Ethidium homodimer-1,cell membrane integrity,N,N,N,2.02,2.02,0.0,1,208.98,0,0.0,16.6855,358.62,556.42,6.124056,-6.124,-1.662,25,2089.804,4,3.893,2.231,3.396559615,4.462,184.074941,0.448229494,59.259,2,0
864,Bi,Silica,20.0,0.05,-40.5,HeLa,H,Human,Epithelial,Cervix,72,Live/Dead,Calcein AM  Ethidium homodimer-1,cell membrane integrity,N,N,N,2.02,2.02,0.0,1,208.98,0,0.0,16.6855,358.62,556.42,6.124056,-6.124,-1.662,25,2089.804,4,3.893,2.231,3.396559615,4.462,184.074941,0.448229494,46.914,1,1
865,Bi,Silica,20.0,0.05,-40.5,HeLa,H,Human,Epithelial,Cervix,96,Live/Dead,Calcein AM  Ethidium homodimer-1,cell membrane integrity,N,N,N,2.02,2.02,0.0,1,208.98,0,0.0,16.6855,358.62,556.42,6.124056,-6.124,-1.662,25,2089.804,4,3.893,2.231,3.396559615,4.462,184.074941,0.448229494,32.593,1,1
866,Bi,Silica,20.0,0.05,-40.5,MG63,H,Human,Fibroblast,Bone,12,Live/Dead,Calcein AM  Ethidium homodimer-1,cell membrane integrity,N,N,N,2.02,2.02,0.0,1,208.98,0,0.0,16.6855,358.62,556.42,6.124056,-6.124,-1.662,25,2089.804,4,3.893,2.231,3.396559615,4.462,184.074941,0.448229494,94.053,2,0
867,Bi,Silica,20.0,0.05,-40.5,MG63,H,Human,Fibroblast,Bone,24,Live/Dead,Calcein AM  Ethidium homodimer-1,cell membrane integrity,N,N,N,2.02,2.02,0.0,1,208.98,0,0.0,16.6855,358.62,556.42,6.124056,-6.124,-1.662,25,2089.804,4,3.893,2.231,3.396559615,4.462,184.074941,0.448229494,93.776,2,0
868,Bi,Silica,20.0,0.05,-40.5,MG63,H,Human,Fibroblast,Bone,48,Live/Dead,Calcein AM  Ethidium homodimer-1,cell membrane integrity,N,N,N,2.02,2.02,0.0,1,208.98,0,0.0,16.6855,358.62,556.42,6.124056,-6.124,-1.662,25,2089.804,4,3.893,2.231,3.396559615,4.462,184.074941,0.448229494,77.04,2,0
869,Bi,Silica,20.0,0.05,-40.5,MG63,H,Human,Fibroblast,Bone,72,Live/Dead,Calcein AM  Ethidium homodimer-1,cell membrane integrity,N,N,N,2.02,2.02,0.0,1,208.98,0,0.0,16.6855,358.62,556.42,6.124056,-6.124,-1.662,25,2089.804,4,3.893,2.231,3.396559615,4.462,184.074941,0.448229494,63.209,2,0
870,Bi,Silica,20.0,0.05,-40.5,MG63,H,Human,Fibroblast,Bone,96,Live/Dead,Calcein AM  Ethidium homodimer-1,cell membrane integrity,N,N,N,2.02,2.02,0.0,1,208.98,0,0.0,16.6855,358.62,556.42,6.124056,-6.124,-1.662,25,2089.804,4,3.893,2.231,3.396559615,4.462,184.074941,0.448229494,56.708,2,0
871,Bi,PEG,20.0,0.05,-40.5,HeLa,H,Human,Epithelial,Cervix,12,Live/Dead,Calcein AM  Ethidium homodimer-1,cell membrane integrity,N,N,N,2.02,2.02,0.0,1,208.98,0,0.0,16.6855,358.62,556.42,6.124056,-6.124,-1.662,25,2089.804,4,3.893,2.231,3.396559615,4.462,184.074941,0.448229494,90.617,2,0
872,Bi,PEG,20.0,0.05,-40.5,HeLa,H,Human,Epithelial,Cervix,24,Live/Dead,Calcein AM  Ethidium homodimer-1,cell membrane integrity,N,N,N,2.02,2.02,0.0,1,208.98,0,0.0,16.6855,358.62,556.42,6.124056,-6.124,-1.662,25,2089.804,4,3.893,2.231,3.396559615,4.462,184.074941,0.448229494,85.185,2,0
873,Bi,PEG,20.0,0.05,-40.5,HeLa,H,Human,Epithelial,Cervix,48,Live/Dead,Calcein AM  Ethidium homodimer-1,cell membrane integrity,N,N,N,2.02,2.02,0.0,1,208.98,0,0.0,16.6855,358.62,556.42,6.124056,-6.124,-1.662,25,2089.804,4,3.893,2.231,3.396559615,4.462,184.074941,0.448229494,66.173,2,0
874,Bi,PEG,20.0,0.05,-40.5,HeLa,H,Human,Epithelial,Cervix,72,Live/Dead,Calcein AM  Ethidium homodimer-1,cell membrane integrity,N,N,N,2.02,2.02,0.0,1,208.98,0,0.0,16.6855,358.62,556.42,6.124056,-6.124,-1.662,25,2089.804,4,3.893,2.231,3.396559615,4.462,184.074941,0.448229494,54.815,2,0
875,Bi,PEG,20.0,0.05,-40.5,HeLa,H,Human,Epithelial,Cervix,96,Live/Dead,Calcein AM  Ethidium homodimer-1,cell membrane integrity,N,N,N,2.02,2.02,0.0,1,208.98,0,0.0,16.6855,358.62,556.42,6.124056,-6.124,-1.662,25,2089.804,4,3.893,2.231,3.396559615,4.462,184.074941,0.448229494,46.173,1,1
876,Bi,PEG,20.0,0.05,-40.5,MG63,H,Human,Fibroblast,Bone,12,Live/Dead,Calcein AM  Ethidium homodimer-1,cell membrane integrity,N,N,N,2.02,2.02,0.0,1,208.98,0,0.0,16.6855,358.62,556.42,6.124056,-6.124,-1.662,25,2089.804,4,3.893,2.231,3.396559615,4.462,184.074941,0.448229494,95.021,2,0
877,Bi,PEG,20.0,0.05,-40.5,MG63,H,Human,Fibroblast,Bone,24,Live/Dead,Calcein AM  Ethidium homodimer-1,cell membrane integrity,N,N,N,2.02,2.02,0.0,1,208.98,0,0.0,16.6855,358.62,556.42,6.124056,-6.124,-1.662,25,2089.804,4,3.893,2.231,3.396559615,4.462,184.074941,0.448229494,91.425,2,0
878,Bi,PEG,20.0,0.05,-40.5,MG63,H,Human,Fibroblast,Bone,48,Live/Dead,Calcein AM  Ethidium homodimer-1,cell membrane integrity,N,N,N,2.02,2.02,0.0,1,208.98,0,0.0,16.6855,358.62,556.42,6.124056,-6.124,-1.662,25,2089.804,4,3.893,2.231,3.396559615,4.462,184.074941,0.448229494,77.87,2,0
879,Bi,PEG,20.0,0.05,-40.5,MG63,H,Human,Fibroblast,Bone,72,Live/Dead,Calcein AM  Ethidium homodimer-1,cell membrane integrity,N,N,N,2.02,2.02,0.0,1,208.98,0,0.0,16.6855,358.62,556.42,6.124056,-6.124,-1.662,25,2089.804,4,3.893,2.231,3.396559615,4.462,184.074941,0.448229494,66.667,2,0
880,Bi,PEG,20.0,0.05,-40.5,MG63,H,Human,Fibroblast,Bone,96,Live/Dead,Calcein AM  Ethidium homodimer-1,cell membrane integrity,N,N,N,2.02,2.02,0.0,1,208.98,0,0.0,16.6855,358.62,556.42,6.124056,-6.124,-1.662,25,2089.804,4,3.893,2.231,3.396559615,4.462,184.074941,0.448229494,54.08,2,0
881,Bi2O3,,149.1,2.146111752,-31.7,HepG2,H,Human,Epithelial,Liver,24,MTT,Tetrazolium Salt,cell metabolic activity,N,N,N,2.02,4.04,0.247524752,2,465.95896,3,3.0,-25.29129,341.97,522.67,7.000234,-7.0,-2.196,74,1959.8324,5,4.598,2.402,4.400833472,4.804,250.666354,0.416319734,81.774,2,0
882,Bi2O3,,149.1,13.41319845,-31.7,HepG2,H,Human,Epithelial,Liver,24,MTT,Tetrazolium Salt,cell metabolic activity,N,N,N,2.02,4.04,0.247524752,2,465.95896,3,3.0,-25.29129,341.97,522.67,7.000234,-7.0,-2.196,74,1959.8324,5,4.598,2.402,4.400833472,4.804,250.666354,0.416319734,67.672,2,0
883,Bi2O3,,149.1,21.46111752,-31.7,HepG2,H,Human,Epithelial,Liver,24,MTT,Tetrazolium Salt,cell metabolic activity,N,N,N,2.02,4.04,0.247524752,2,465.95896,3,3.0,-25.29129,341.97,522.67,7.000234,-7.0,-2.196,74,1959.8324,5,4.598,2.402,4.400833472,4.804,250.666354,0.416319734,57.295,2,0
884,Bi2O3,,149.1,53.6527938,-31.7,HepG2,H,Human,Epithelial,Liver,24,MTT,Tetrazolium Salt,cell metabolic activity,N,N,N,2.02,4.04,0.247524752,2,465.95896,3,3.0,-25.29129,341.97,522.67,7.000234,-7.0,-2.196,74,1959.8324,5,4.598,2.402,4.400833472,4.804,250.666354,0.416319734,52.639,2,0
885,Bi2O3,,149.1,107.3055876,-31.7,HepG2,H,Human,Epithelial,Liver,24,MTT,Tetrazolium Salt,cell metabolic activity,N,N,N,2.02,4.04,0.247524752,2,465.95896,3,3.0,-25.29129,341.97,522.67,7.000234,-7.0,-2.196,74,1959.8324,5,4.598,2.402,4.400833472,4.804,250.666354,0.416319734,48.248,1,1
886,Bi2O3,,149.1,160.9583814,-31.7,HepG2,H,Human,Epithelial,Liver,24,MTT,Tetrazolium Salt,cell metabolic activity,N,N,N,2.02,4.04,0.247524752,2,465.95896,3,3.0,-25.29129,341.97,522.67,7.000234,-7.0,-2.196,74,1959.8324,5,4.598,2.402,4.400833472,4.804,250.666354,0.416319734,37.206,1,1
887,Bi2O3,,149.1,214.6111752,-31.7,HepG2,H,Human,Epithelial,Liver,24,MTT,Tetrazolium Salt,cell metabolic activity,N,N,N,2.02,4.04,0.247524752,2,465.95896,3,3.0,-25.29129,341.97,522.67,7.000234,-7.0,-2.196,74,1959.8324,5,4.598,2.402,4.400833472,4.804,250.666354,0.416319734,29.357,1,1
888,Bi2O3,,149.1,2.146111752,-11.0,Caco2,H,Human,Epithelial,Colon,24,MTT,Tetrazolium Salt,cell metabolic activity,N,N,N,2.02,4.04,0.247524752,2,465.95896,3,3.0,-25.29129,341.97,522.67,7.000234,-7.0,-2.196,74,1959.8324,5,4.598,2.402,4.400833472,4.804,250.666354,0.416319734,75.122,2,0
889,Bi2O3,,149.1,13.41319845,-11.0,Caco2,H,Human,Epithelial,Colon,24,MTT,Tetrazolium Salt,cell metabolic activity,N,N,N,2.02,4.04,0.247524752,2,465.95896,3,3.0,-25.29129,341.97,522.67,7.000234,-7.0,-2.196,74,1959.8324,5,4.598,2.402,4.400833472,4.804,250.666354,0.416319734,73.126,2,0
890,Bi2O3,,149.1,21.46111752,-11.0,Caco2,H,Human,Epithelial,Colon,24,MTT,Tetrazolium Salt,cell metabolic activity,N,N,N,2.02,4.04,0.247524752,2,465.95896,3,3.0,-25.29129,341.97,522.67,7.000234,-7.0,-2.196,74,1959.8324,5,4.598,2.402,4.400833472,4.804,250.666354,0.416319734,70.2,2,0
891,Bi2O3,,149.1,53.6527938,-11.0,Caco2,H,Human,Epithelial,Colon,24,MTT,Tetrazolium Salt,cell metabolic activity,N,N,N,2.02,4.04,0.247524752,2,465.95896,3,3.0,-25.29129,341.97,522.67,7.000234,-7.0,-2.196,74,1959.8324,5,4.598,2.402,4.400833472,4.804,250.666354,0.416319734,69.8,2,0
892,Bi2O3,,149.1,107.3055876,-11.0,Caco2,H,Human,Epithelial,Colon,24,MTT,Tetrazolium Salt,cell metabolic activity,N,N,N,2.02,4.04,0.247524752,2,465.95896,3,3.0,-25.29129,341.97,522.67,7.000234,-7.0,-2.196,74,1959.8324,5,4.598,2.402,4.400833472,4.804,250.666354,0.416319734,61.286,2,0
893,Bi2O3,,149.1,160.9583814,-11.0,Caco2,H,Human,Epithelial,Colon,24,MTT,Tetrazolium Salt,cell metabolic activity,N,N,N,2.02,4.04,0.247524752,2,465.95896,3,3.0,-25.29129,341.97,522.67,7.000234,-7.0,-2.196,74,1959.8324,5,4.598,2.402,4.400833472,4.804,250.666354,0.416319734,63.016,2,0
894,Bi2O3,,149.1,214.6111752,-11.0,Caco2,H,Human,Epithelial,Colon,24,MTT,Tetrazolium Salt,cell metabolic activity,N,N,N,2.02,4.04,0.247524752,2,465.95896,3,3.0,-25.29129,341.97,522.67,7.000234,-7.0,-2.196,74,1959.8324,5,4.598,2.402,4.400833472,4.804,250.666354,0.416319734,48.381,1,1
895,Bi2O3,,149.1,2.146111752,-36.3,A549,H,Human,Epithelial,Lung,24,MTT,Tetrazolium Salt,cell metabolic activity,N,N,N,2.02,4.04,0.247524752,2,465.95896,3,3.0,-25.29129,341.97,522.67,7.000234,-7.0,-2.196,74,1959.8324,5,4.598,2.402,4.400833472,4.804,250.666354,0.416319734,74.989,2,0
896,Bi2O3,,149.1,13.41319845,-36.3,A549,H,Human,Epithelial,Lung,24,MTT,Tetrazolium Salt,cell metabolic activity,N,N,N,2.02,4.04,0.247524752,2,465.95896,3,3.0,-25.29129,341.97,522.67,7.000234,-7.0,-2.196,74,1959.8324,5,4.598,2.402,4.400833472,4.804,250.666354,0.416319734,70.2,2,0
897,Bi2O3,,149.1,21.46111752,-36.3,A549,H,Human,Epithelial,Lung,24,MTT,Tetrazolium Salt,cell metabolic activity,N,N,N,2.02,4.04,0.247524752,2,465.95896,3,3.0,-25.29129,341.97,522.67,7.000234,-7.0,-2.196,74,1959.8324,5,4.598,2.402,4.400833472,4.804,250.666354,0.416319734,63.282,2,0
898,Bi2O3,,149.1,53.6527938,-36.3,A549,H,Human,Epithelial,Lung,24,MTT,Tetrazolium Salt,cell metabolic activity,N,N,N,2.02,4.04,0.247524752,2,465.95896,3,3.0,-25.29129,341.97,522.67,7.000234,-7.0,-2.196,74,1959.8324,5,4.598,2.402,4.400833472,4.804,250.666354,0.416319734,52.106,2,0
899,Bi2O3,,149.1,107.3055876,-36.3,A549,H,Human,Epithelial,Lung,24,MTT,Tetrazolium Salt,cell metabolic activity,N,N,N,2.02,4.04,0.247524752,2,465.95896,3,3.0,-25.29129,341.97,522.67,7.000234,-7.0,-2.196,74,1959.8324,5,4.598,2.402,4.400833472,4.804,250.666354,0.416319734,49.978,1,1
900,Bi2O3,,149.1,160.9583814,-36.3,A549,H,Human,Epithelial,Lung,24,MTT,Tetrazolium Salt,cell metabolic activity,N,N,N,2.02,4.04,0.247524752,2,465.95896,3,3.0,-25.29129,341.97,522.67,7.000234,-7.0,-2.196,74,1959.8324,5,4.598,2.402,4.400833472,4.804,250.666354,0.416319734,49.712,1,1
901,Bi2O3,,149.1,214.6111752,-36.3,A549,H,Human,Epithelial,Lung,24,MTT,Tetrazolium Salt,cell metabolic activity,N,N,N,2.02,4.04,0.247524752,2,465.95896,3,3.0,-25.29129,341.97,522.67,7.000234,-7.0,-2.196,74,1959.8324,5,4.598,2.402,4.400833472,4.804,250.666354,0.416319734,49.18,1,1
902,Bi2O3,,149.1,2.146111752,-31.7,HepG2,H,Human,Epithelial,Liver,24,NRU,NeutralRed,cell metabolic activity,N,N,N,2.02,4.04,0.247524752,2,465.95896,3,3.0,-25.29129,341.97,522.67,7.000234,-7.0,-2.196,74,1959.8324,5,4.598,2.402,4.400833472,4.804,250.666354,0.416319734,87.835,2,0
903,Bi2O3,,149.1,13.41319845,-31.7,HepG2,H,Human,Epithelial,Liver,24,NRU,NeutralRed,cell metabolic activity,N,N,N,2.02,4.04,0.247524752,2,465.95896,3,3.0,-25.29129,341.97,522.67,7.000234,-7.0,-2.196,74,1959.8324,5,4.598,2.402,4.400833472,4.804,250.666354,0.416319734,84.433,2,0
904,Bi2O3,,149.1,21.46111752,-31.7,HepG2,H,Human,Epithelial,Liver,24,NRU,NeutralRed,cell metabolic activity,N,N,N,2.02,4.04,0.247524752,2,465.95896,3,3.0,-25.29129,341.97,522.67,7.000234,-7.0,-2.196,74,1959.8324,5,4.598,2.402,4.400833472,4.804,250.666354,0.416319734,82.474,2,0
905,Bi2O3,,149.1,26.8263969,-31.7,HepG2,H,Human,Epithelial,Liver,24,NRU,NeutralRed,cell metabolic activity,N,N,N,2.02,4.04,0.247524752,2,465.95896,3,3.0,-25.29129,341.97,522.67,7.000234,-7.0,-2.196,74,1959.8324,5,4.598,2.402,4.400833472,4.804,250.666354,0.416319734,80.103,2,0
906,Bi2O3,,149.1,53.6527938,-31.7,HepG2,H,Human,Epithelial,Liver,24,NRU,NeutralRed,cell metabolic activity,N,N,N,2.02,4.04,0.247524752,2,465.95896,3,3.0,-25.29129,341.97,522.67,7.000234,-7.0,-2.196,74,1959.8324,5,4.598,2.402,4.400833472,4.804,250.666354,0.416319734,76.289,2,0
907,Bi2O3,,149.1,107.3055876,-31.7,HepG2,H,Human,Epithelial,Liver,24,NRU,NeutralRed,cell metabolic activity,N,N,N,2.02,4.04,0.247524752,2,465.95896,3,3.0,-25.29129,341.97,522.67,7.000234,-7.0,-2.196,74,1959.8324,5,4.598,2.402,4.400833472,4.804,250.666354,0.416319734,65.258,2,0
908,Bi2O3,,149.1,160.9583814,-31.7,HepG2,H,Human,Epithelial,Liver,24,NRU,NeutralRed,cell metabolic activity,N,N,N,2.02,4.04,0.247524752,2,465.95896,3,3.0,-25.29129,341.97,522.67,7.000234,-7.0,-2.196,74,1959.8324,5,4.598,2.402,4.400833472,4.804,250.666354,0.416319734,59.691,2,0
909,Bi2O3,,149.1,214.6111752,-31.7,HepG2,H,Human,Epithelial,Liver,24,NRU,NeutralRed,cell metabolic activity,N,N,N,2.02,4.04,0.247524752,2,465.95896,3,3.0,-25.29129,341.97,522.67,7.000234,-7.0,-2.196,74,1959.8324,5,4.598,2.402,4.400833472,4.804,250.666354,0.416319734,45.567,1,1
910,Bi2O3,,149.1,2.146111752,-11.0,Caco2,H,Human,Epithelial,Colon,24,NRU,NeutralRed,cell metabolic activity,N,N,N,2.02,4.04,0.247524752,2,465.95896,3,3.0,-25.29129,341.97,522.67,7.000234,-7.0,-2.196,74,1959.8324,5,4.598,2.402,4.400833472,4.804,250.666354,0.416319734,78.866,2,0
911,Bi2O3,,149.1,13.41319845,-11.0,Caco2,H,Human,Epithelial,Colon,24,NRU,NeutralRed,cell metabolic activity,N,N,N,2.02,4.04,0.247524752,2,465.95896,3,3.0,-25.29129,341.97,522.67,7.000234,-7.0,-2.196,74,1959.8324,5,4.598,2.402,4.400833472,4.804,250.666354,0.416319734,70.412,2,0
912,Bi2O3,,149.1,21.46111752,-11.0,Caco2,H,Human,Epithelial,Colon,24,NRU,NeutralRed,cell metabolic activity,N,N,N,2.02,4.04,0.247524752,2,465.95896,3,3.0,-25.29129,341.97,522.67,7.000234,-7.0,-2.196,74,1959.8324,5,4.598,2.402,4.400833472,4.804,250.666354,0.416319734,68.144,2,0
913,Bi2O3,,149.1,26.8263969,-11.0,Caco2,H,Human,Epithelial,Colon,24,NRU,NeutralRed,cell metabolic activity,N,N,N,2.02,4.04,0.247524752,2,465.95896,3,3.0,-25.29129,341.97,522.67,7.000234,-7.0,-2.196,74,1959.8324,5,4.598,2.402,4.400833472,4.804,250.666354,0.416319734,68.041,2,0
914,Bi2O3,,149.1,53.6527938,-11.0,Caco2,H,Human,Epithelial,Colon,24,NRU,NeutralRed,cell metabolic activity,N,N,N,2.02,4.04,0.247524752,2,465.95896,3,3.0,-25.29129,341.97,522.67,7.000234,-7.0,-2.196,74,1959.8324,5,4.598,2.402,4.400833472,4.804,250.666354,0.416319734,68.041,2,0
915,Bi2O3,,149.1,107.3055876,-11.0,Caco2,H,Human,Epithelial,Colon,24,NRU,NeutralRed,cell metabolic activity,N,N,N,2.02,4.04,0.247524752,2,465.95896,3,3.0,-25.29129,341.97,522.67,7.000234,-7.0,-2.196,74,1959.8324,5,4.598,2.402,4.400833472,4.804,250.666354,0.416319734,55.464,2,0
916,Bi2O3,,149.1,160.9583814,-11.0,Caco2,H,Human,Epithelial,Colon,24,NRU,NeutralRed,cell metabolic activity,N,N,N,2.02,4.04,0.247524752,2,465.95896,3,3.0,-25.29129,341.97,522.67,7.000234,-7.0,-2.196,74,1959.8324,5,4.598,2.402,4.400833472,4.804,250.666354,0.416319734,52.062,2,0
917,Bi2O3,,149.1,214.6111752,-11.0,Caco2,H,Human,Epithelial,Colon,24,NRU,NeutralRed,cell metabolic activity,N,N,N,2.02,4.04,0.247524752,2,465.95896,3,3.0,-25.29129,341.97,522.67,7.000234,-7.0,-2.196,74,1959.8324,5,4.598,2.402,4.400833472,4.804,250.666354,0.416319734,45.567,1,1
918,Bi2O3,,149.1,2.146111752,-31.7,A549,H,Human,Epithelial,Lung,24,NRU,NeutralRed,cell metabolic activity,N,N,N,2.02,4.04,0.247524752,2,465.95896,3,3.0,-25.29129,341.97,522.67,7.000234,-7.0,-2.196,74,1959.8324,5,4.598,2.402,4.400833472,4.804,250.666354,0.416319734,83.402,2,0
919,Bi2O3,,149.1,13.41319845,-31.7,A549,H,Human,Epithelial,Lung,24,NRU,NeutralRed,cell metabolic activity,N,N,N,2.02,4.04,0.247524752,2,465.95896,3,3.0,-25.29129,341.97,522.67,7.000234,-7.0,-2.196,74,1959.8324,5,4.598,2.402,4.400833472,4.804,250.666354,0.416319734,80.0,2,0
920,Bi2O3,,149.1,21.46111752,-31.7,A549,H,Human,Epithelial,Lung,24,NRU,NeutralRed,cell metabolic activity,N,N,N,2.02,4.04,0.247524752,2,465.95896,3,3.0,-25.29129,341.97,522.67,7.000234,-7.0,-2.196,74,1959.8324,5,4.598,2.402,4.400833472,4.804,250.666354,0.416319734,78.454,2,0
921,Bi2O3,,149.1,26.8263969,-31.7,A549,H,Human,Epithelial,Lung,24,NRU,NeutralRed,cell metabolic activity,N,N,N,2.02,4.04,0.247524752,2,465.95896,3,3.0,-25.29129,341.97,522.67,7.000234,-7.0,-2.196,74,1959.8324,5,4.598,2.402,4.400833472,4.804,250.666354,0.416319734,77.216,2,0
922,Bi2O3,,149.1,53.6527938,-31.7,A549,H,Human,Epithelial,Lung,24,NRU,NeutralRed,cell metabolic activity,N,N,N,2.02,4.04,0.247524752,2,465.95896,3,3.0,-25.29129,341.97,522.67,7.000234,-7.0,-2.196,74,1959.8324,5,4.598,2.402,4.400833472,4.804,250.666354,0.416319734,75.052,2,0
923,Bi2O3,,149.1,107.3055876,-31.7,A549,H,Human,Epithelial,Lung,24,NRU,NeutralRed,cell metabolic activity,N,N,N,2.02,4.04,0.247524752,2,465.95896,3,3.0,-25.29129,341.97,522.67,7.000234,-7.0,-2.196,74,1959.8324,5,4.598,2.402,4.400833472,4.804,250.666354,0.416319734,61.134,2,0
924,Bi2O3,,149.1,160.9583814,-31.7,A549,H,Human,Epithelial,Lung,24,NRU,NeutralRed,cell metabolic activity,N,N,N,2.02,4.04,0.247524752,2,465.95896,3,3.0,-25.29129,341.97,522.67,7.000234,-7.0,-2.196,74,1959.8324,5,4.598,2.402,4.400833472,4.804,250.666354,0.416319734,44.124,1,1
925,Bi2O3,,149.1,214.6111752,-31.7,A549,H,Human,Epithelial,Lung,24,NRU,NeutralRed,cell metabolic activity,N,N,N,2.02,4.04,0.247524752,2,465.95896,3,3.0,-25.29129,341.97,522.67,7.000234,-7.0,-2.196,74,1959.8324,5,4.598,2.402,4.400833472,4.804,250.666354,0.416319734,40.722,1,1
926,CdO,,179.3,3.38e-07,33.23,Neuro2a,A,Mouse,Neuronal,Brain,24,MTT,Tetrazolium Salt,cell metabolic activity,Y,Y,Y,1.96,1.96,0.510204082,1,128.409,1,2.0,-126.07587,308.04,443.77,8.00276,-8.003,-3.921,55,1685.3216,6,5.962,2.041,8.707850073,4.082,297.4238,0.489955904,14.606205,1,1
927,CdO,,179.3,6.75e-07,33.23,Neuro2a,A,Mouse,Neuronal,Brain,24,MTT,Tetrazolium Salt,cell metabolic activity,Y,Y,Y,1.96,1.96,0.510204082,1,128.409,1,2.0,-126.07587,308.04,443.77,8.00276,-8.003,-3.921,55,1685.3216,6,5.962,2.041,8.707850073,4.082,297.4238,0.489955904,13.747017,1,1
928,CdO,,179.3,1.69e-06,33.23,Neuro2a,A,Mouse,Neuronal,Brain,24,MTT,Tetrazolium Salt,cell metabolic activity,Y,Y,Y,1.96,1.96,0.510204082,1,128.409,1,2.0,-126.07587,308.04,443.77,8.00276,-8.003,-3.921,55,1685.3216,6,5.962,2.041,8.707850073,4.082,297.4238,0.489955904,2.5775657,1,1
929,CdO,,179.3,3.38e-06,33.23,Neuro2a,A,Mouse,Neuronal,Brain,24,MTT,Tetrazolium Salt,cell metabolic activity,Y,Y,Y,1.96,1.96,0.510204082,1,128.409,1,2.0,-126.07587,308.04,443.77,8.00276,-8.003,-3.921,55,1685.3216,6,5.962,2.041,8.707850073,4.082,297.4238,0.489955904,2.5775657,1,1
930,CdO,,179.3,6.75e-06,33.23,Neuro2a,A,Mouse,Neuronal,Brain,24,MTT,Tetrazolium Salt,cell metabolic activity,Y,Y,Y,1.96,1.96,0.510204082,1,128.409,1,2.0,-126.07587,308.04,443.77,8.00276,-8.003,-3.921,55,1685.3216,6,5.962,2.041,8.707850073,4.082,297.4238,0.489955904,1.1455847,1,1
963,Co,,30.0,1.66e-15,-36.74,RAW264.7,A,Mouse,Monocyte/Macrophage,Blood,24,Alamar blue,Alamar Blue,cell metabolic activity,N,N,N,1.88,1.88,0.0,1,58.9332,0,0.0,1037.06893,514.48,983.11,7.932465,-7.932,-3.596,194,2534.1276,2,5.764,2.168,7.662291513,4.336,497.340701,0.461254613,25.239521,1,1
964,Co,,30.0,1.66e-15,-36.74,RAW264.7,A,Mouse,Monocyte/Macrophage,Blood,96,Alamar blue,Alamar Blue,cell metabolic activity,N,N,N,1.88,1.88,0.0,1,58.9332,0,0.0,1037.06893,514.48,983.11,7.932465,-7.932,-3.596,194,2534.1276,2,5.764,2.168,7.662291513,4.336,497.340701,0.461254613,2.8339617,1,1
965,Co,,30.0,1.66e-20,-27.0,RAW264.7,A,Mouse,Monocyte/Macrophage,Blood,24,Live/Dead,Calcein AM  Ethidium homodimer-1,cell membrane integrity,N,N,N,1.88,1.88,0.0,1,58.9332,0,0.0,16.6855,358.62,556.42,6.124056,-6.124,-1.662,25,2089.804,4,3.893,2.231,3.396559615,4.462,184.074941,0.448229494,79.070404,2,0
966,Co,,30.0,1.66e-19,-27.0,RAW264.7,A,Mouse,Monocyte/Macrophage,Blood,24,Live/Dead,Calcein AM  Ethidium homodimer-1,cell membrane integrity,N,N,N,1.88,1.88,0.0,1,58.9332,0,0.0,16.6855,358.62,556.42,6.124056,-6.124,-1.662,25,2089.804,4,3.893,2.231,3.396559615,4.462,184.074941,0.448229494,71.39288,2,0
967,Co,,30.0,1.66e-18,-27.0,RAW264.7,A,Mouse,Monocyte/Macrophage,Blood,24,Live/Dead,Calcein AM  Ethidium homodimer-1,cell membrane integrity,N,N,N,1.88,1.88,0.0,1,58.9332,0,0.0,16.6855,358.62,556.42,6.124056,-6.124,-1.662,25,2089.804,4,3.893,2.231,3.396559615,4.462,184.074941,0.448229494,74.82655,2,0
968,Co,,30.0,1.66e-17,-27.0,RAW264.7,A,Mouse,Monocyte/Macrophage,Blood,24,Live/Dead,Calcein AM  Ethidium homodimer-1,cell membrane integrity,N,N,N,1.88,1.88,0.0,1,58.9332,0,0.0,16.6855,358.62,556.42,6.124056,-6.124,-1.662,25,2089.804,4,3.893,2.231,3.396559615,4.462,184.074941,0.448229494,67.45833,2,0
969,Co,,30.0,1.66e-16,-27.0,RAW264.7,A,Mouse,Monocyte/Macrophage,Blood,24,Live/Dead,Calcein AM  Ethidium homodimer-1,cell membrane integrity,N,N,N,1.88,1.88,0.0,1,58.9332,0,0.0,16.6855,358.62,556.42,6.124056,-6.124,-1.662,25,2089.804,4,3.893,2.231,3.396559615,4.462,184.074941,0.448229494,69.96541,2,0
970,Co,,30.0,1.66e-15,-27.0,RAW264.7,A,Mouse,Monocyte/Macrophage,Blood,24,Live/Dead,Calcein AM  Ethidium homodimer-1,cell membrane integrity,N,N,N,1.88,1.88,0.0,1,58.9332,0,0.0,16.6855,358.62,556.42,6.124056,-6.124,-1.662,25,2089.804,4,3.893,2.231,3.396559615,4.462,184.074941,0.448229494,46.239056,1,1
971,Co,,30.0,1.66e-14,-27.0,RAW264.7,A,Mouse,Monocyte/Macrophage,Blood,24,Live/Dead,Calcein AM  Ethidium homodimer-1,cell membrane integrity,N,N,N,1.88,1.88,0.0,1,58.9332,0,0.0,16.6855,358.62,556.42,6.124056,-6.124,-1.662,25,2089.804,4,3.893,2.231,3.396559615,4.462,184.074941,0.448229494,8.005127,1,1
972,Co,,30.0,1.66e-20,-27.0,RAW264.7,A,Mouse,Monocyte/Macrophage,Blood,96,Live/Dead,Calcein AM  Ethidium homodimer-1,cell membrane integrity,N,N,N,1.88,1.88,0.0,1,58.9332,0,0.0,16.6855,358.62,556.42,6.124056,-6.124,-1.662,25,2089.804,4,3.893,2.231,3.396559615,4.462,184.074941,0.448229494,88.7468,2,0
973,Co,,30.0,1.66e-19,-27.0,RAW264.7,A,Mouse,Monocyte/Macrophage,Blood,96,Live/Dead,Calcein AM  Ethidium homodimer-1,cell membrane integrity,N,N,N,1.88,1.88,0.0,1,58.9332,0,0.0,16.6855,358.62,556.42,6.124056,-6.124,-1.662,25,2089.804,4,3.893,2.231,3.396559615,4.462,184.074941,0.448229494,81.84143,2,0
974,Co,,30.0,1.66e-18,-27.0,RAW264.7,A,Mouse,Monocyte/Macrophage,Blood,96,Live/Dead,Calcein AM  Ethidium homodimer-1,cell membrane integrity,N,N,N,1.88,1.88,0.0,1,58.9332,0,0.0,16.6855,358.62,556.42,6.124056,-6.124,-1.662,25,2089.804,4,3.893,2.231,3.396559615,4.462,184.074941,0.448229494,80.81841,2,0
975,Co,,30.0,1.66e-17,-27.0,RAW264.7,A,Mouse,Monocyte/Macrophage,Blood,96,Live/Dead,Calcein AM  Ethidium homodimer-1,cell membrane integrity,N,N,N,1.88,1.88,0.0,1,58.9332,0,0.0,16.6855,358.62,556.42,6.124056,-6.124,-1.662,25,2089.804,4,3.893,2.231,3.396559615,4.462,184.074941,0.448229494,80.30691,2,0
976,Co,,30.0,1.66e-16,-27.0,RAW264.7,A,Mouse,Monocyte/Macrophage,Blood,96,Live/Dead,Calcein AM  Ethidium homodimer-1,cell membrane integrity,N,N,N,1.88,1.88,0.0,1,58.9332,0,0.0,16.6855,358.62,556.42,6.124056,-6.124,-1.662,25,2089.804,4,3.893,2.231,3.396559615,4.462,184.074941,0.448229494,79.02813,2,0
977,Co,,30.0,1.66e-15,-27.0,RAW264.7,A,Mouse,Monocyte/Macrophage,Blood,96,Live/Dead,Calcein AM  Ethidium homodimer-1,cell membrane integrity,N,N,N,1.88,1.88,0.0,1,58.9332,0,0.0,16.6855,358.62,556.42,6.124056,-6.124,-1.662,25,2089.804,4,3.893,2.231,3.396559615,4.462,184.074941,0.448229494,5.882353,1,1
978,Co,,30.0,1.66e-14,-27.0,RAW264.7,A,Mouse,Monocyte/Macrophage,Blood,96,Live/Dead,Calcein AM  Ethidium homodimer-1,cell membrane integrity,N,N,N,1.88,1.88,0.0,1,58.9332,0,0.0,16.6855,358.62,556.42,6.124056,-6.124,-1.662,25,2089.804,4,3.893,2.231,3.396559615,4.462,184.074941,0.448229494,0.7672634,1,1
979,Co3O4,,78.3,41.52830819,-12.32,HepG2,H,Human,Epithelial,Liver,48,MTT,Tetrazolium Salt,cell metabolic activity,N,N,N,1.88,5.64,0.177304965,3,240.7996,4,2.666666667,81.63596,360.61,540.81,9.447269,-9.447,-2.401,105,1049.0564,7,5.924,3.523,4.980666477,7.046,183.43148,0.283848992,70.635,2,0
980,Co3O4,,78.3,103.8207705,-12.32,HepG2,H,Human,Epithelial,Liver,48,MTT,Tetrazolium Salt,cell metabolic activity,N,N,N,1.88,5.64,0.177304965,3,240.7996,4,2.666666667,81.63596,360.61,540.81,9.447269,-9.447,-2.401,105,1049.0564,7,5.924,3.523,4.980666477,7.046,183.43148,0.283848992,42.381,1,1
981,Co3O4,,78.3,207.6415409,-12.32,HepG2,H,Human,Epithelial,Liver,48,MTT,Tetrazolium Salt,cell metabolic activity,N,N,N,1.88,5.64,0.177304965,3,240.7996,4,2.666666667,81.63596,360.61,540.81,9.447269,-9.447,-2.401,105,1049.0564,7,5.924,3.523,4.980666477,7.046,183.43148,0.283848992,23.968,1,1
982,Co3O4,,78.3,415.2830819,-12.32,HepG2,H,Human,Epithelial,Liver,48,MTT,Tetrazolium Salt,cell metabolic activity,N,N,N,1.88,5.64,0.177304965,3,240.7996,4,2.666666667,81.63596,360.61,540.81,9.447269,-9.447,-2.401,105,1049.0564,7,5.924,3.523,4.980666477,7.046,183.43148,0.283848992,12.063,1,1
983,Cr,,30.0,1.66e-15,-36.74,RAW264.7,A,Mouse,Monocyte/Macrophage,Blood,24,Alamar blue,Alamar Blue,cell metabolic activity,N,N,N,1.66,1.66,0.0,1,51.996,0,0.0,2395.87666,516.82,985.89,5.288031,-5.288,-0.329,96,1663.872,2,2.8085,2.4795,1.590577183,4.959,327.21443,0.403307118,92.741234,2,0
984,Cr,,30.0,1.66e-15,-36.74,RAW264.7,A,Mouse,Monocyte/Macrophage,Blood,96,Alamar blue,Alamar Blue,cell metabolic activity,N,N,N,1.66,1.66,0.0,1,51.996,0,0.0,2395.87666,516.82,985.89,5.288031,-5.288,-0.329,96,1663.872,2,2.8085,2.4795,1.590577183,4.959,327.21443,0.403307118,85.087006,2,0
985,Cr,,30.0,1.66e-20,-27.0,RAW264.7,A,Mouse,Monocyte/Macrophage,Blood,24,Live/Dead,Calcein AM  Ethidium homodimer-1,cell membrane integrity,N,N,N,1.66,1.66,0.0,1,51.996,0,0.0,1037.06893,514.48,983.11,7.932465,-7.932,-3.596,194,2534.1276,2,5.764,2.168,7.662291513,4.336,497.340701,0.461254613,76.29261,2,0
986,Cr,,30.0,1.66e-19,-27.0,RAW264.7,A,Mouse,Monocyte/Macrophage,Blood,24,Live/Dead,Calcein AM  Ethidium homodimer-1,cell membrane integrity,N,N,N,1.66,1.66,0.0,1,51.996,0,0.0,1037.06893,514.48,983.11,7.932465,-7.932,-3.596,194,2534.1276,2,5.764,2.168,7.662291513,4.336,497.340701,0.461254613,68.61509,2,0
987,Cr,,30.0,1.66e-18,-27.0,RAW264.7,A,Mouse,Monocyte/Macrophage,Blood,24,Live/Dead,Calcein AM  Ethidium homodimer-1,cell membrane integrity,N,N,N,1.66,1.66,0.0,1,51.996,0,0.0,1037.06893,514.48,983.11,7.932465,-7.932,-3.596,194,2534.1276,2,5.764,2.168,7.662291513,4.336,497.340701,0.461254613,75.13519,2,0
988,Cr,,30.0,1.66e-17,-27.0,RAW264.7,A,Mouse,Monocyte/Macrophage,Blood,24,Live/Dead,Calcein AM  Ethidium homodimer-1,cell membrane integrity,N,N,N,1.66,1.66,0.0,1,51.996,0,0.0,1037.06893,514.48,983.11,7.932465,-7.932,-3.596,194,2534.1276,2,5.764,2.168,7.662291513,4.336,497.340701,0.461254613,73.630554,2,0
989,Cr,,30.0,1.66e-16,-27.0,RAW264.7,A,Mouse,Monocyte/Macrophage,Blood,24,Live/Dead,Calcein AM  Ethidium homodimer-1,cell membrane integrity,N,N,N,1.66,1.66,0.0,1,51.996,0,0.0,1037.06893,514.48,983.11,7.932465,-7.932,-3.596,194,2534.1276,2,5.764,2.168,7.662291513,4.336,497.340701,0.461254613,75.521,2,0
990,Cr,,30.0,1.66e-15,-27.0,RAW264.7,A,Mouse,Monocyte/Macrophage,Blood,24,Live/Dead,Calcein AM  Ethidium homodimer-1,cell membrane integrity,N,N,N,1.66,1.66,0.0,1,51.996,0,0.0,1037.06893,514.48,983.11,7.932465,-7.932,-3.596,194,2534.1276,2,5.764,2.168,7.662291513,4.336,497.340701,0.461254613,87.288055,2,0
991,Cr,,30.0,1.66e-14,-27.0,RAW264.7,A,Mouse,Monocyte/Macrophage,Blood,24,Live/Dead,Calcein AM  Ethidium homodimer-1,cell membrane integrity,N,N,N,1.66,1.66,0.0,1,51.996,0,0.0,1037.06893,514.48,983.11,7.932465,-7.932,-3.596,194,2534.1276,2,5.764,2.168,7.662291513,4.336,497.340701,0.461254613,102.45019,2,0
992,Cr,,30.0,1.66e-20,-27.0,RAW264.7,A,Mouse,Monocyte/Macrophage,Blood,96,Live/Dead,Calcein AM  Ethidium homodimer-1,cell membrane integrity,N,N,N,1.66,1.66,0.0,1,51.996,0,0.0,1037.06893,514.48,983.11,7.932465,-7.932,-3.596,194,2534.1276,2,5.764,2.168,7.662291513,4.336,497.340701,0.461254613,89.25831,2,0
993,Cr,,30.0,1.66e-19,-27.0,RAW264.7,A,Mouse,Monocyte/Macrophage,Blood,96,Live/Dead,Calcein AM  Ethidium homodimer-1,cell membrane integrity,N,N,N,1.66,1.66,0.0,1,51.996,0,0.0,1037.06893,514.48,983.11,7.932465,-7.932,-3.596,194,2534.1276,2,5.764,2.168,7.662291513,4.336,497.340701,0.461254613,83.631714,2,0
994,Cr,,30.0,1.66e-18,-27.0,RAW264.7,A,Mouse,Monocyte/Macrophage,Blood,96,Live/Dead,Calcein AM  Ethidium homodimer-1,cell membrane integrity,N,N,N,1.66,1.66,0.0,1,51.996,0,0.0,1037.06893,514.48,983.11,7.932465,-7.932,-3.596,194,2534.1276,2,5.764,2.168,7.662291513,4.336,497.340701,0.461254613,79.795395,2,0
995,Cr,,30.0,1.66e-17,-27.0,RAW264.7,A,Mouse,Monocyte/Macrophage,Blood,96,Live/Dead,Calcein AM  Ethidium homodimer-1,cell membrane integrity,N,N,N,1.66,1.66,0.0,1,51.996,0,0.0,1037.06893,514.48,983.11,7.932465,-7.932,-3.596,194,2534.1276,2,5.764,2.168,7.662291513,4.336,497.340701,0.461254613,77.74936,2,0
996,Cr,,30.0,1.66e-16,-27.0,RAW264.7,A,Mouse,Monocyte/Macrophage,Blood,96,Live/Dead,Calcein AM  Ethidium homodimer-1,cell membrane integrity,N,N,N,1.66,1.66,0.0,1,51.996,0,0.0,1037.06893,514.48,983.11,7.932465,-7.932,-3.596,194,2534.1276,2,5.764,2.168,7.662291513,4.336,497.340701,0.461254613,81.074165,2,0
997,Cr,,30.0,1.66e-15,-27.0,RAW264.7,A,Mouse,Monocyte/Macrophage,Blood,96,Live/Dead,Calcein AM  Ethidium homodimer-1,cell membrane integrity,N,N,N,1.66,1.66,0.0,1,51.996,0,0.0,1037.06893,514.48,983.11,7.932465,-7.932,-3.596,194,2534.1276,2,5.764,2.168,7.662291513,4.336,497.340701,0.461254613,82.09718,2,0
998,Cr,,30.0,1.66e-14,-27.0,RAW264.7,A,Mouse,Monocyte/Macrophage,Blood,96,Live/Dead,Calcein AM  Ethidium homodimer-1,cell membrane integrity,N,N,N,1.66,1.66,0.0,1,51.996,0,0.0,1037.06893,514.48,983.11,7.932465,-7.932,-3.596,194,2534.1276,2,5.764,2.168,7.662291513,4.336,497.340701,0.461254613,85.16624,2,0
999,Cu2O,,88.5,7.63e-08,-39.67,A549,H,Human,Epithelial,Lung,3,NR,toluylene red,lysosomal uptake,N,Y,N,1.9,3.8,0.263157895,2,143.079,1,1.0,-416.62086,272.96,360.44,5.709773,-5.71,-0.757,133,1256.727,2,3.2335,2.4765,2.110947355,4.953,90.45264,0.403795679,96.397514,2,0
1000,Cu2O,,88.5,2.72e-07,-39.67,A549,H,Human,Epithelial,Lung,3,NR,toluylene red,lysosomal uptake,N,Y,N,1.9,3.8,0.263157895,2,143.079,1,1.0,-416.62086,272.96,360.44,5.709773,-5.71,-0.757,133,1256.727,2,3.2335,2.4765,2.110947355,4.953,90.45264,0.403795679,94.90683,2,0
1001,Cu2O,,88.5,7.63e-07,-39.67,A549,H,Human,Epithelial,Lung,3,NR,toluylene red,lysosomal uptake,N,Y,N,1.9,3.8,0.263157895,2,143.079,1,1.0,-416.62086,272.96,360.44,5.709773,-5.71,-0.757,133,1256.727,2,3.2335,2.4765,2.110947355,4.953,90.45264,0.403795679,94.90683,2,0
1002,Cu2O,,88.5,2.54e-06,-39.67,A549,H,Human,Epithelial,Lung,3,NR,toluylene red,lysosomal uptake,N,Y,N,1.9,3.8,0.263157895,2,143.079,1,1.0,-416.62086,272.96,360.44,5.709773,-5.71,-0.757,133,1256.727,2,3.2335,2.4765,2.110947355,4.953,90.45264,0.403795679,102.85714,2,0
1003,Cu2O,,88.5,8.17e-06,-39.67,A549,H,Human,Epithelial,Lung,3,NR,toluylene red,lysosomal uptake,N,Y,N,1.9,3.8,0.263157895,2,143.079,1,1.0,-416.62086,272.96,360.44,5.709773,-5.71,-0.757,133,1256.727,2,3.2335,2.4765,2.110947355,4.953,90.45264,0.403795679,95.90062,2,0
1004,Cu2O,,88.5,2.63e-05,-39.67,A549,H,Human,Epithelial,Lung,3,NR,toluylene red,lysosomal uptake,N,Y,N,1.9,3.8,0.263157895,2,143.079,1,1.0,-416.62086,272.96,360.44,5.709773,-5.71,-0.757,133,1256.727,2,3.2335,2.4765,2.110947355,4.953,90.45264,0.403795679,103.354034,2,0
1005,Cu2O,,88.5,8.17e-05,-39.67,A549,H,Human,Epithelial,Lung,3,NR,toluylene red,lysosomal uptake,N,Y,N,1.9,3.8,0.263157895,2,143.079,1,1.0,-416.62086,272.96,360.44,5.709773,-5.71,-0.757,133,1256.727,2,3.2335,2.4765,2.110947355,4.953,90.45264,0.403795679,77.01863,2,0
1006,Cu2O,,88.5,0.000262774,-39.67,A549,H,Human,Epithelial,Lung,3,NR,toluylene red,lysosomal uptake,N,Y,N,1.9,3.8,0.263157895,2,143.079,1,1.0,-416.62086,272.96,360.44,5.709773,-5.71,-0.757,133,1256.727,2,3.2335,2.4765,2.110947355,4.953,90.45264,0.403795679,69.06832,2,0
1007,Cu2O,,88.5,0.000816809,-39.67,A549,H,Human,Epithelial,Lung,3,NR,toluylene red,lysosomal uptake,N,Y,N,1.9,3.8,0.263157895,2,143.079,1,1.0,-416.62086,272.96,360.44,5.709773,-5.71,-0.757,133,1256.727,2,3.2335,2.4765,2.110947355,4.953,90.45264,0.403795679,94.409935,2,0
1008,Cu2O,,88.5,0.002538972,-39.67,A549,H,Human,Epithelial,Lung,3,NR,toluylene red,lysosomal uptake,N,Y,N,1.9,3.8,0.263157895,2,143.079,1,1.0,-416.62086,272.96,360.44,5.709773,-5.71,-0.757,133,1256.727,2,3.2335,2.4765,2.110947355,4.953,90.45264,0.403795679,78.01242,2,0
1009,Cu2O,,88.5,7.63e-08,-39.67,A549,H,Human,Epithelial,Lung,24,NR,toluylene red,lysosomal uptake,N,Y,N,1.9,3.8,0.263157895,2,143.079,1,1.0,-416.62086,272.96,360.44,5.709773,-5.71,-0.757,133,1256.727,2,3.2335,2.4765,2.110947355,4.953,90.45264,0.403795679,95.403725,2,0
1010,Cu2O,,88.5,2.45e-07,-39.67,A549,H,Human,Epithelial,Lung,24,NR,toluylene red,lysosomal uptake,N,Y,N,1.9,3.8,0.263157895,2,143.079,1,1.0,-416.62086,272.96,360.44,5.709773,-5.71,-0.757,133,1256.727,2,3.2335,2.4765,2.110947355,4.953,90.45264,0.403795679,96.89441,2,0
1011,Cu2O,,88.5,7.63e-07,-39.67,A549,H,Human,Epithelial,Lung,24,NR,toluylene red,lysosomal uptake,N,Y,N,1.9,3.8,0.263157895,2,143.079,1,1.0,-416.62086,272.96,360.44,5.709773,-5.71,-0.757,133,1256.727,2,3.2335,2.4765,2.110947355,4.953,90.45264,0.403795679,94.409935,2,0
1012,Cu2O,,88.5,2.54e-06,-39.67,A549,H,Human,Epithelial,Lung,24,NR,toluylene red,lysosomal uptake,N,Y,N,1.9,3.8,0.263157895,2,143.079,1,1.0,-416.62086,272.96,360.44,5.709773,-5.71,-0.757,133,1256.727,2,3.2335,2.4765,2.110947355,4.953,90.45264,0.403795679,82.484474,2,0
1013,Cu2O,,88.5,7.63e-06,-39.67,A549,H,Human,Epithelial,Lung,24,NR,toluylene red,lysosomal uptake,N,Y,N,1.9,3.8,0.263157895,2,143.079,1,1.0,-416.62086,272.96,360.44,5.709773,-5.71,-0.757,133,1256.727,2,3.2335,2.4765,2.110947355,4.953,90.45264,0.403795679,54.658386,2,0
1014,Cu2O,,88.5,2.54e-05,-39.67,A549,H,Human,Epithelial,Lung,24,NR,toluylene red,lysosomal uptake,N,Y,N,1.9,3.8,0.263157895,2,143.079,1,1.0,-416.62086,272.96,360.44,5.709773,-5.71,-0.757,133,1256.727,2,3.2335,2.4765,2.110947355,4.953,90.45264,0.403795679,43.229813,1,1
1015,Cu2O,,88.5,7.63e-05,-39.67,A549,H,Human,Epithelial,Lung,24,NR,toluylene red,lysosomal uptake,N,Y,N,1.9,3.8,0.263157895,2,143.079,1,1.0,-416.62086,272.96,360.44,5.709773,-5.71,-0.757,133,1256.727,2,3.2335,2.4765,2.110947355,4.953,90.45264,0.403795679,20.869566,1,1
1016,Cu2O,,88.5,0.000253897,-39.67,A549,H,Human,Epithelial,Lung,24,NR,toluylene red,lysosomal uptake,N,Y,N,1.9,3.8,0.263157895,2,143.079,1,1.0,-416.62086,272.96,360.44,5.709773,-5.71,-0.757,133,1256.727,2,3.2335,2.4765,2.110947355,4.953,90.45264,0.403795679,23.354036,1,1
1017,Cu2O,,88.5,0.000789215,-39.67,A549,H,Human,Epithelial,Lung,24,NR,toluylene red,lysosomal uptake,N,Y,N,1.9,3.8,0.263157895,2,143.079,1,1.0,-416.62086,272.96,360.44,5.709773,-5.71,-0.757,133,1256.727,2,3.2335,2.4765,2.110947355,4.953,90.45264,0.403795679,31.304348,1,1
1018,Cu2O,,88.5,0.002538972,-39.67,A549,H,Human,Epithelial,Lung,24,NR,toluylene red,lysosomal uptake,N,Y,N,1.9,3.8,0.263157895,2,143.079,1,1.0,-416.62086,272.96,360.44,5.709773,-5.71,-0.757,133,1256.727,2,3.2335,2.4765,2.110947355,4.953,90.45264,0.403795679,42.732918,1,1
1019,Cu2O,,88.5,7.63e-08,-31.7,A549,H,Human,Epithelial,Lung,3,MTT,Tetrazolium Salt,cell metabolic activity,N,Y,N,1.9,3.8,0.263157895,2,143.079,1,1.0,-416.62086,272.96,360.44,5.709773,-5.71,-0.757,133,1256.727,2,3.2335,2.4765,2.110947355,4.953,90.45264,0.403795679,107.32919,2,0
1020,Cu2O,,88.5,2.54e-07,-31.7,A549,H,Human,Epithelial,Lung,3,MTT,Tetrazolium Salt,cell metabolic activity,N,Y,N,1.9,3.8,0.263157895,2,143.079,1,1.0,-416.62086,272.96,360.44,5.709773,-5.71,-0.757,133,1256.727,2,3.2335,2.4765,2.110947355,4.953,90.45264,0.403795679,113.78882,2,0
1021,Cu2O,,88.5,7.63e-07,-31.7,A549,H,Human,Epithelial,Lung,3,MTT,Tetrazolium Salt,cell metabolic activity,N,Y,N,1.9,3.8,0.263157895,2,143.079,1,1.0,-416.62086,272.96,360.44,5.709773,-5.71,-0.757,133,1256.727,2,3.2335,2.4765,2.110947355,4.953,90.45264,0.403795679,112.79503,2,0
1022,Cu2O,,88.5,2.54e-06,-31.7,A549,H,Human,Epithelial,Lung,3,MTT,Tetrazolium Salt,cell metabolic activity,N,Y,N,1.9,3.8,0.263157895,2,143.079,1,1.0,-416.62086,272.96,360.44,5.709773,-5.71,-0.757,133,1256.727,2,3.2335,2.4765,2.110947355,4.953,90.45264,0.403795679,119.25466,2,0
1023,Cu2O,,88.5,7.63e-06,-31.7,A549,H,Human,Epithelial,Lung,3,MTT,Tetrazolium Salt,cell metabolic activity,N,Y,N,1.9,3.8,0.263157895,2,143.079,1,1.0,-416.62086,272.96,360.44,5.709773,-5.71,-0.757,133,1256.727,2,3.2335,2.4765,2.110947355,4.953,90.45264,0.403795679,110.80746,2,0
1024,Cu2O,,88.5,2.45e-05,-31.7,A549,H,Human,Epithelial,Lung,3,MTT,Tetrazolium Salt,cell metabolic activity,N,Y,N,1.9,3.8,0.263157895,2,143.079,1,1.0,-416.62086,272.96,360.44,5.709773,-5.71,-0.757,133,1256.727,2,3.2335,2.4765,2.110947355,4.953,90.45264,0.403795679,93.416145,2,0
1025,Cu2O,,88.5,7.63e-05,-31.7,A549,H,Human,Epithelial,Lung,3,MTT,Tetrazolium Salt,cell metabolic activity,N,Y,N,1.9,3.8,0.263157895,2,143.079,1,1.0,-416.62086,272.96,360.44,5.709773,-5.71,-0.757,133,1256.727,2,3.2335,2.4765,2.110947355,4.953,90.45264,0.403795679,11.428572,1,1
1026,Cu2O,,88.5,0.00024532,-31.7,A549,H,Human,Epithelial,Lung,3,MTT,Tetrazolium Salt,cell metabolic activity,N,Y,N,1.9,3.8,0.263157895,2,143.079,1,1.0,-416.62086,272.96,360.44,5.709773,-5.71,-0.757,133,1256.727,2,3.2335,2.4765,2.110947355,4.953,90.45264,0.403795679,0.0,1,1
1027,Cu2O,,88.5,0.000789215,-31.7,A549,H,Human,Epithelial,Lung,3,MTT,Tetrazolium Salt,cell metabolic activity,N,Y,N,1.9,3.8,0.263157895,2,143.079,1,1.0,-416.62086,272.96,360.44,5.709773,-5.71,-0.757,133,1256.727,2,3.2335,2.4765,2.110947355,4.953,90.45264,0.403795679,0.0,1,1
1028,Cu2O,,88.5,0.002538972,-31.7,A549,H,Human,Epithelial,Lung,3,MTT,Tetrazolium Salt,cell metabolic activity,N,Y,N,1.9,3.8,0.263157895,2,143.079,1,1.0,-416.62086,272.96,360.44,5.709773,-5.71,-0.757,133,1256.727,2,3.2335,2.4765,2.110947355,4.953,90.45264,0.403795679,0.0,1,1
1029,Cu2O,,88.5,7.89e-08,-31.7,A549,H,Human,Epithelial,Lung,24,MTT,Tetrazolium Salt,cell metabolic activity,N,Y,N,1.9,3.8,0.263157895,2,143.079,1,1.0,-416.62086,272.96,360.44,5.709773,-5.71,-0.757,133,1256.727,2,3.2335,2.4765,2.110947355,4.953,90.45264,0.403795679,108.32298,2,0
1030,Cu2O,,88.5,2.63e-07,-31.7,A549,H,Human,Epithelial,Lung,24,MTT,Tetrazolium Salt,cell metabolic activity,N,Y,N,1.9,3.8,0.263157895,2,143.079,1,1.0,-416.62086,272.96,360.44,5.709773,-5.71,-0.757,133,1256.727,2,3.2335,2.4765,2.110947355,4.953,90.45264,0.403795679,95.403725,2,0
1031,Cu2O,,88.5,7.63e-07,-31.7,A549,H,Human,Epithelial,Lung,24,MTT,Tetrazolium Salt,cell metabolic activity,N,Y,N,1.9,3.8,0.263157895,2,143.079,1,1.0,-416.62086,272.96,360.44,5.709773,-5.71,-0.757,133,1256.727,2,3.2335,2.4765,2.110947355,4.953,90.45264,0.403795679,101.86336,2,0
1032,Cu2O,,88.5,2.54e-06,-31.7,A549,H,Human,Epithelial,Lung,24,MTT,Tetrazolium Salt,cell metabolic activity,N,Y,N,1.9,3.8,0.263157895,2,143.079,1,1.0,-416.62086,272.96,360.44,5.709773,-5.71,-0.757,133,1256.727,2,3.2335,2.4765,2.110947355,4.953,90.45264,0.403795679,101.86336,2,0
1033,Cu2O,,88.5,7.37e-06,-31.7,A549,H,Human,Epithelial,Lung,24,MTT,Tetrazolium Salt,cell metabolic activity,N,Y,N,1.9,3.8,0.263157895,2,143.079,1,1.0,-416.62086,272.96,360.44,5.709773,-5.71,-0.757,133,1256.727,2,3.2335,2.4765,2.110947355,4.953,90.45264,0.403795679,96.397514,2,0
1034,Cu2O,,88.5,2.54e-05,-31.7,A549,H,Human,Epithelial,Lung,24,MTT,Tetrazolium Salt,cell metabolic activity,N,Y,N,1.9,3.8,0.263157895,2,143.079,1,1.0,-416.62086,272.96,360.44,5.709773,-5.71,-0.757,133,1256.727,2,3.2335,2.4765,2.110947355,4.953,90.45264,0.403795679,67.08074,2,0
1035,Cu2O,,88.5,7.63e-05,-31.7,A549,H,Human,Epithelial,Lung,24,MTT,Tetrazolium Salt,cell metabolic activity,N,Y,N,1.9,3.8,0.263157895,2,143.079,1,1.0,-416.62086,272.96,360.44,5.709773,-5.71,-0.757,133,1256.727,2,3.2335,2.4765,2.110947355,4.953,90.45264,0.403795679,13.913043,1,1
1036,Cu2O,,88.5,0.000253897,-31.7,A549,H,Human,Epithelial,Lung,24,MTT,Tetrazolium Salt,cell metabolic activity,N,Y,N,1.9,3.8,0.263157895,2,143.079,1,1.0,-416.62086,272.96,360.44,5.709773,-5.71,-0.757,133,1256.727,2,3.2335,2.4765,2.110947355,4.953,90.45264,0.403795679,3.9751554,1,1
1037,Cu2O,,88.5,0.000762553,-31.7,A549,H,Human,Epithelial,Lung,24,MTT,Tetrazolium Salt,cell metabolic activity,N,Y,N,1.9,3.8,0.263157895,2,143.079,1,1.0,-416.62086,272.96,360.44,5.709773,-5.71,-0.757,133,1256.727,2,3.2335,2.4765,2.110947355,4.953,90.45264,0.403795679,3.9751554,1,1
1038,Cu2O,,88.5,0.002538972,-31.7,A549,H,Human,Epithelial,Lung,24,MTT,Tetrazolium Salt,cell metabolic activity,N,Y,N,1.9,3.8,0.263157895,2,143.079,1,1.0,-416.62086,272.96,360.44,5.709773,-5.71,-0.757,133,1256.727,2,3.2335,2.4765,2.110947355,4.953,90.45264,0.403795679,0.0,1,1
1039,Cu2O,,88.5,7.36e-08,-39.67,PMAactivatedTHP1,H,Human,Macrophage,Blood,3,NR,toluylene red,lysosomal uptake,N,Y,N,1.9,3.8,0.263157895,2,143.079,1,1.0,-416.62086,272.96,360.44,5.709773,-5.71,-0.757,133,1256.727,2,3.2335,2.4765,2.110947355,4.953,90.45264,0.403795679,113.862434,2,0
1040,Cu2O,,88.5,2.41e-07,-39.67,PMAactivatedTHP1,H,Human,Macrophage,Blood,4,NR,toluylene red,lysosomal uptake,N,Y,N,1.9,3.8,0.263157895,2,143.079,1,1.0,-416.62086,272.96,360.44,5.709773,-5.71,-0.757,133,1256.727,2,3.2335,2.4765,2.110947355,4.953,90.45264,0.403795679,109.20635,2,0
1041,Cu2O,,88.5,7.36e-07,-39.67,PMAactivatedTHP1,H,Human,Macrophage,Blood,5,NR,toluylene red,lysosomal uptake,N,Y,N,1.9,3.8,0.263157895,2,143.079,1,1.0,-416.62086,272.96,360.44,5.709773,-5.71,-0.757,133,1256.727,2,3.2335,2.4765,2.110947355,4.953,90.45264,0.403795679,84.2328,2,0
1042,Cu2O,,88.5,2.33e-06,-39.67,PMAactivatedTHP1,H,Human,Macrophage,Blood,6,NR,toluylene red,lysosomal uptake,N,Y,N,1.9,3.8,0.263157895,2,143.079,1,1.0,-416.62086,272.96,360.44,5.709773,-5.71,-0.757,133,1256.727,2,3.2335,2.4765,2.110947355,4.953,90.45264,0.403795679,93.1217,2,0
1043,Cu2O,,88.5,7.9e-06,-39.67,PMAactivatedTHP1,H,Human,Macrophage,Blood,7,NR,toluylene red,lysosomal uptake,N,Y,N,1.9,3.8,0.263157895,2,143.079,1,1.0,-416.62086,272.96,360.44,5.709773,-5.71,-0.757,133,1256.727,2,3.2335,2.4765,2.110947355,4.953,90.45264,0.403795679,92.27513,2,0
1044,Cu2O,,88.5,2.59e-05,-39.67,PMAactivatedTHP1,H,Human,Macrophage,Blood,8,NR,toluylene red,lysosomal uptake,N,Y,N,1.9,3.8,0.263157895,2,143.079,1,1.0,-416.62086,272.96,360.44,5.709773,-5.71,-0.757,133,1256.727,2,3.2335,2.4765,2.110947355,4.953,90.45264,0.403795679,113.01588,2,0
1045,Cu2O,,88.5,7.63e-05,-39.67,PMAactivatedTHP1,H,Human,Macrophage,Blood,9,NR,toluylene red,lysosomal uptake,N,Y,N,1.9,3.8,0.263157895,2,143.079,1,1.0,-416.62086,272.96,360.44,5.709773,-5.71,-0.757,133,1256.727,2,3.2335,2.4765,2.110947355,4.953,90.45264,0.403795679,98.20106,2,0
1046,Cu2O,,88.5,0.000258567,-39.67,PMAactivatedTHP1,H,Human,Macrophage,Blood,10,NR,toluylene red,lysosomal uptake,N,Y,N,1.9,3.8,0.263157895,2,143.079,1,1.0,-416.62086,272.96,360.44,5.709773,-5.71,-0.757,133,1256.727,2,3.2335,2.4765,2.110947355,4.953,90.45264,0.403795679,96.93121,2,0
1047,Cu2O,,88.5,0.000762553,-39.67,PMAactivatedTHP1,H,Human,Macrophage,Blood,11,NR,toluylene red,lysosomal uptake,N,Y,N,1.9,3.8,0.263157895,2,143.079,1,1.0,-416.62086,272.96,360.44,5.709773,-5.71,-0.757,133,1256.727,2,3.2335,2.4765,2.110947355,4.953,90.45264,0.403795679,79.15344,2,0
1048,Cu2O,,88.5,0.002585668,-39.67,PMAactivatedTHP1,H,Human,Macrophage,Blood,12,NR,toluylene red,lysosomal uptake,N,Y,N,1.9,3.8,0.263157895,2,143.079,1,1.0,-416.62086,272.96,360.44,5.709773,-5.71,-0.757,133,1256.727,2,3.2335,2.4765,2.110947355,4.953,90.45264,0.403795679,74.07407,2,0
1049,Cu2O,,88.5,7.36e-08,-39.67,PMAactivatedTHP1,H,Human,Macrophage,Blood,24,NR,toluylene red,lysosomal uptake,N,Y,N,1.9,3.8,0.263157895,2,143.079,1,1.0,-416.62086,272.96,360.44,5.709773,-5.71,-0.757,133,1256.727,2,3.2335,2.4765,2.110947355,4.953,90.45264,0.403795679,109.62963,2,0
1050,Cu2O,,88.5,2.59e-07,-39.67,PMAactivatedTHP1,H,Human,Macrophage,Blood,24,NR,toluylene red,lysosomal uptake,N,Y,N,1.9,3.8,0.263157895,2,143.079,1,1.0,-416.62086,272.96,360.44,5.709773,-5.71,-0.757,133,1256.727,2,3.2335,2.4765,2.110947355,4.953,90.45264,0.403795679,103.703705,2,0
1051,Cu2O,,88.5,7.9e-07,-39.67,PMAactivatedTHP1,H,Human,Macrophage,Blood,24,NR,toluylene red,lysosomal uptake,N,Y,N,1.9,3.8,0.263157895,2,143.079,1,1.0,-416.62086,272.96,360.44,5.709773,-5.71,-0.757,133,1256.727,2,3.2335,2.4765,2.110947355,4.953,90.45264,0.403795679,93.1217,2,0
1052,Cu2O,,88.5,2.5e-06,-39.67,PMAactivatedTHP1,H,Human,Macrophage,Blood,24,NR,toluylene red,lysosomal uptake,N,Y,N,1.9,3.8,0.263157895,2,143.079,1,1.0,-416.62086,272.96,360.44,5.709773,-5.71,-0.757,133,1256.727,2,3.2335,2.4765,2.110947355,4.953,90.45264,0.403795679,68.14815,2,0
1053,Cu2O,,88.5,7.63e-06,-39.67,PMAactivatedTHP1,H,Human,Macrophage,Blood,24,NR,toluylene red,lysosomal uptake,N,Y,N,1.9,3.8,0.263157895,2,143.079,1,1.0,-416.62086,272.96,360.44,5.709773,-5.71,-0.757,133,1256.727,2,3.2335,2.4765,2.110947355,4.953,90.45264,0.403795679,30.05291,1,1
1054,Cu2O,,88.5,2.5e-05,-39.67,PMAactivatedTHP1,H,Human,Macrophage,Blood,24,NR,toluylene red,lysosomal uptake,N,Y,N,1.9,3.8,0.263157895,2,143.079,1,1.0,-416.62086,272.96,360.44,5.709773,-5.71,-0.757,133,1256.727,2,3.2335,2.4765,2.110947355,4.953,90.45264,0.403795679,22.857143,1,1
1055,Cu2O,,88.5,7.63e-05,-39.67,PMAactivatedTHP1,H,Human,Macrophage,Blood,24,NR,toluylene red,lysosomal uptake,N,Y,N,1.9,3.8,0.263157895,2,143.079,1,1.0,-416.62086,272.96,360.44,5.709773,-5.71,-0.757,133,1256.727,2,3.2335,2.4765,2.110947355,4.953,90.45264,0.403795679,17.777779,1,1
1056,Cu2O,,88.5,0.000258567,-39.67,PMAactivatedTHP1,H,Human,Macrophage,Blood,24,NR,toluylene red,lysosomal uptake,N,Y,N,1.9,3.8,0.263157895,2,143.079,1,1.0,-416.62086,272.96,360.44,5.709773,-5.71,-0.757,133,1256.727,2,3.2335,2.4765,2.110947355,4.953,90.45264,0.403795679,18.624338,1,1
1057,Cu2O,,88.5,0.000789626,-39.67,PMAactivatedTHP1,H,Human,Macrophage,Blood,24,NR,toluylene red,lysosomal uptake,N,Y,N,1.9,3.8,0.263157895,2,143.079,1,1.0,-416.62086,272.96,360.44,5.709773,-5.71,-0.757,133,1256.727,2,3.2335,2.4765,2.110947355,4.953,90.45264,0.403795679,21.16402,1,1
1058,Cu2O,,88.5,0.002585668,-39.67,PMAactivatedTHP1,H,Human,Macrophage,Blood,24,NR,toluylene red,lysosomal uptake,N,Y,N,1.9,3.8,0.263157895,2,143.079,1,1.0,-416.62086,272.96,360.44,5.709773,-5.71,-0.757,133,1256.727,2,3.2335,2.4765,2.110947355,4.953,90.45264,0.403795679,25.820107,1,1
1059,Cu2O,,88.5,7.63e-08,-31.7,PMAactivatedTHP1,H,Human,Macrophage,Blood,3,MTT,Tetrazolium Salt,cell metabolic activity,N,Y,N,1.9,3.8,0.263157895,2,143.079,1,1.0,-416.62086,272.96,360.44,5.709773,-5.71,-0.757,133,1256.727,2,3.2335,2.4765,2.110947355,4.953,90.45264,0.403795679,105.39683,2,0
1060,Cu2O,,88.5,2.41e-07,-31.7,PMAactivatedTHP1,H,Human,Macrophage,Blood,3,MTT,Tetrazolium Salt,cell metabolic activity,N,Y,N,1.9,3.8,0.263157895,2,143.079,1,1.0,-416.62086,272.96,360.44,5.709773,-5.71,-0.757,133,1256.727,2,3.2335,2.4765,2.110947355,4.953,90.45264,0.403795679,109.20635,2,0
1061,Cu2O,,88.5,7.63e-07,-31.7,PMAactivatedTHP1,H,Human,Macrophage,Blood,3,MTT,Tetrazolium Salt,cell metabolic activity,N,Y,N,1.9,3.8,0.263157895,2,143.079,1,1.0,-416.62086,272.96,360.44,5.709773,-5.71,-0.757,133,1256.727,2,3.2335,2.4765,2.110947355,4.953,90.45264,0.403795679,95.2381,2,0
1062,Cu2O,,88.5,2.5e-06,-31.7,PMAactivatedTHP1,H,Human,Macrophage,Blood,3,MTT,Tetrazolium Salt,cell metabolic activity,N,Y,N,1.9,3.8,0.263157895,2,143.079,1,1.0,-416.62086,272.96,360.44,5.709773,-5.71,-0.757,133,1256.727,2,3.2335,2.4765,2.110947355,4.953,90.45264,0.403795679,104.55026,2,0
1063,Cu2O,,88.5,7.9e-06,-31.7,PMAactivatedTHP1,H,Human,Macrophage,Blood,3,MTT,Tetrazolium Salt,cell metabolic activity,N,Y,N,1.9,3.8,0.263157895,2,143.079,1,1.0,-416.62086,272.96,360.44,5.709773,-5.71,-0.757,133,1256.727,2,3.2335,2.4765,2.110947355,4.953,90.45264,0.403795679,93.544975,2,0
1064,Cu2O,,88.5,2.5e-05,-31.7,PMAactivatedTHP1,H,Human,Macrophage,Blood,3,MTT,Tetrazolium Salt,cell metabolic activity,N,Y,N,1.9,3.8,0.263157895,2,143.079,1,1.0,-416.62086,272.96,360.44,5.709773,-5.71,-0.757,133,1256.727,2,3.2335,2.4765,2.110947355,4.953,90.45264,0.403795679,85.07937,2,0
1065,Cu2O,,88.5,7.63e-05,-31.7,PMAactivatedTHP1,H,Human,Macrophage,Blood,3,MTT,Tetrazolium Salt,cell metabolic activity,N,Y,N,1.9,3.8,0.263157895,2,143.079,1,1.0,-416.62086,272.96,360.44,5.709773,-5.71,-0.757,133,1256.727,2,3.2335,2.4765,2.110947355,4.953,90.45264,0.403795679,11.851851,1,1
1066,Cu2O,,88.5,0.000258567,-31.7,PMAactivatedTHP1,H,Human,Macrophage,Blood,3,MTT,Tetrazolium Salt,cell metabolic activity,N,Y,N,1.9,3.8,0.263157895,2,143.079,1,1.0,-416.62086,272.96,360.44,5.709773,-5.71,-0.757,133,1256.727,2,3.2335,2.4765,2.110947355,4.953,90.45264,0.403795679,13.121693,1,1
1067,Cu2O,,88.5,0.000789626,-31.7,PMAactivatedTHP1,H,Human,Macrophage,Blood,3,MTT,Tetrazolium Salt,cell metabolic activity,N,Y,N,1.9,3.8,0.263157895,2,143.079,1,1.0,-416.62086,272.96,360.44,5.709773,-5.71,-0.757,133,1256.727,2,3.2335,2.4765,2.110947355,4.953,90.45264,0.403795679,3.3862433,1,1
1068,Cu2O,,88.5,0.002585668,-31.7,PMAactivatedTHP1,H,Human,Macrophage,Blood,3,MTT,Tetrazolium Salt,cell metabolic activity,N,Y,N,1.9,3.8,0.263157895,2,143.079,1,1.0,-416.62086,272.96,360.44,5.709773,-5.71,-0.757,133,1256.727,2,3.2335,2.4765,2.110947355,4.953,90.45264,0.403795679,0.0,1,1
1069,Cu2O,,88.5,7.36e-08,-31.7,PMAactivatedTHP1,H,Human,Macrophage,Blood,24,MTT,Tetrazolium Salt,cell metabolic activity,N,Y,N,1.9,3.8,0.263157895,2,143.079,1,1.0,-416.62086,272.96,360.44,5.709773,-5.71,-0.757,133,1256.727,2,3.2335,2.4765,2.110947355,4.953,90.45264,0.403795679,106.666664,2,0
1070,Cu2O,,88.5,2.5e-07,-31.7,PMAactivatedTHP1,H,Human,Macrophage,Blood,24,MTT,Tetrazolium Salt,cell metabolic activity,N,Y,N,1.9,3.8,0.263157895,2,143.079,1,1.0,-416.62086,272.96,360.44,5.709773,-5.71,-0.757,133,1256.727,2,3.2335,2.4765,2.110947355,4.953,90.45264,0.403795679,88.04233,2,0
1071,Cu2O,,88.5,7.63e-07,-31.7,PMAactivatedTHP1,H,Human,Macrophage,Blood,24,MTT,Tetrazolium Salt,cell metabolic activity,N,Y,N,1.9,3.8,0.263157895,2,143.079,1,1.0,-416.62086,272.96,360.44,5.709773,-5.71,-0.757,133,1256.727,2,3.2335,2.4765,2.110947355,4.953,90.45264,0.403795679,95.2381,2,0
1072,Cu2O,,88.5,2.5e-06,-31.7,PMAactivatedTHP1,H,Human,Macrophage,Blood,24,MTT,Tetrazolium Salt,cell metabolic activity,N,Y,N,1.9,3.8,0.263157895,2,143.079,1,1.0,-416.62086,272.96,360.44,5.709773,-5.71,-0.757,133,1256.727,2,3.2335,2.4765,2.110947355,4.953,90.45264,0.403795679,83.809525,2,0
1073,Cu2O,,88.5,7.63e-06,-31.7,PMAactivatedTHP1,H,Human,Macrophage,Blood,24,MTT,Tetrazolium Salt,cell metabolic activity,N,Y,N,1.9,3.8,0.263157895,2,143.079,1,1.0,-416.62086,272.96,360.44,5.709773,-5.71,-0.757,133,1256.727,2,3.2335,2.4765,2.110947355,4.953,90.45264,0.403795679,46.984127,1,1
1074,Cu2O,,88.5,2.5e-05,-31.7,PMAactivatedTHP1,H,Human,Macrophage,Blood,24,MTT,Tetrazolium Salt,cell metabolic activity,N,Y,N,1.9,3.8,0.263157895,2,143.079,1,1.0,-416.62086,272.96,360.44,5.709773,-5.71,-0.757,133,1256.727,2,3.2335,2.4765,2.110947355,4.953,90.45264,0.403795679,31.74603,1,1
1075,Cu2O,,88.5,7.9e-05,-31.7,PMAactivatedTHP1,H,Human,Macrophage,Blood,24,MTT,Tetrazolium Salt,cell metabolic activity,N,Y,N,1.9,3.8,0.263157895,2,143.079,1,1.0,-416.62086,272.96,360.44,5.709773,-5.71,-0.757,133,1256.727,2,3.2335,2.4765,2.110947355,4.953,90.45264,0.403795679,10.1587305,1,1
1076,Cu2O,,88.5,0.000249702,-31.7,PMAactivatedTHP1,H,Human,Macrophage,Blood,24,MTT,Tetrazolium Salt,cell metabolic activity,N,Y,N,1.9,3.8,0.263157895,2,143.079,1,1.0,-416.62086,272.96,360.44,5.709773,-5.71,-0.757,133,1256.727,2,3.2335,2.4765,2.110947355,4.953,90.45264,0.403795679,10.1587305,1,1
1077,Cu2O,,88.5,0.000762553,-31.7,PMAactivatedTHP1,H,Human,Macrophage,Blood,24,MTT,Tetrazolium Salt,cell metabolic activity,N,Y,N,1.9,3.8,0.263157895,2,143.079,1,1.0,-416.62086,272.96,360.44,5.709773,-5.71,-0.757,133,1256.727,2,3.2335,2.4765,2.110947355,4.953,90.45264,0.403795679,5.9259257,1,1
1078,Cu2O,,88.5,0.002585668,-31.7,PMAactivatedTHP1,H,Human,Macrophage,Blood,24,MTT,Tetrazolium Salt,cell metabolic activity,N,Y,N,1.9,3.8,0.263157895,2,143.079,1,1.0,-416.62086,272.96,360.44,5.709773,-5.71,-0.757,133,1256.727,2,3.2335,2.4765,2.110947355,4.953,90.45264,0.403795679,5.68e-14,1,1
1079,CuO,,52.51,3.47e-05,-39.67,A549,H,Human,Epithelial,Lung,24,MTT,Tetrazolium Salt,cell metabolic activity,N,N,N,1.9,1.9,0.526315789,1,79.546,1,2.0,-573.4997,310.43,449.67,7.77628,-7.776,-0.29,170,1590.908,5,4.033,3.743,2.172734304,7.486,115.19062,0.267165375,74.58716,2,0
1080,CuO,,52.51,8.68e-05,-39.67,A549,H,Human,Epithelial,Lung,24,MTT,Tetrazolium Salt,cell metabolic activity,N,N,N,1.9,1.9,0.526315789,1,79.546,1,2.0,-573.4997,310.43,449.67,7.77628,-7.776,-0.29,170,1590.908,5,4.033,3.743,2.172734304,7.486,115.19062,0.267165375,66.055046,2,0
1081,CuO,,52.51,0.000173566,-39.67,A549,H,Human,Epithelial,Lung,24,MTT,Tetrazolium Salt,cell metabolic activity,N,N,N,1.9,1.9,0.526315789,1,79.546,1,2.0,-573.4997,310.43,449.67,7.77628,-7.776,-0.29,170,1590.908,5,4.033,3.743,2.172734304,7.486,115.19062,0.267165375,48.16514,1,1
1082,CuO,,52.51,3.47e-05,-39.67,A549,H,Human,Epithelial,Lung,24,NR,toluylene red,lysosomal uptake,N,N,N,1.9,1.9,0.526315789,1,79.546,1,2.0,-573.4997,310.43,449.67,7.77628,-7.776,-0.29,170,1590.908,5,4.033,3.743,2.172734304,7.486,115.19062,0.267165375,84.71387,2,0
1083,CuO,,52.51,8.68e-05,-39.67,A549,H,Human,Epithelial,Lung,24,NR,toluylene red,lysosomal uptake,N,N,N,1.9,1.9,0.526315789,1,79.546,1,2.0,-573.4997,310.43,449.67,7.77628,-7.776,-0.29,170,1590.908,5,4.033,3.743,2.172734304,7.486,115.19062,0.267165375,68.67281,2,0
1084,CuO,,52.51,0.000173566,-39.67,A549,H,Human,Epithelial,Lung,24,NR,toluylene red,lysosomal uptake,N,N,N,1.9,1.9,0.526315789,1,79.546,1,2.0,-573.4997,310.43,449.67,7.77628,-7.776,-0.29,170,1590.908,5,4.033,3.743,2.172734304,7.486,115.19062,0.267165375,45.37968,1,1
1085,CuO,,33.0,0.001,17.7,SHSY5Y,H,Human,Epithelial,Bone Marrow,48,MTS,Tetrazolium Salt,cell metabolic activity,N,N,N,1.9,1.9,0.526315789,1,79.546,1,2.0,-573.4997,310.43,449.67,7.77628,-7.776,-0.29,170,1590.908,5,4.033,3.743,2.172734304,7.486,115.19062,0.267165375,34.999928,1,1
1086,CuO,,33.0,0.1,17.7,SHSY5Y,H,Human,Epithelial,Bone Marrow,48,MTS,Tetrazolium Salt,cell metabolic activity,N,N,N,1.9,1.9,0.526315789,1,79.546,1,2.0,-573.4997,310.43,449.67,7.77628,-7.776,-0.29,170,1590.908,5,4.033,3.743,2.172734304,7.486,115.19062,0.267165375,32.006794,1,1
1087,CuO,,33.0,1.0,17.7,SHSY5Y,H,Human,Epithelial,Bone Marrow,48,MTS,Tetrazolium Salt,cell metabolic activity,N,N,N,1.9,1.9,0.526315789,1,79.546,1,2.0,-573.4997,310.43,449.67,7.77628,-7.776,-0.29,170,1590.908,5,4.033,3.743,2.172734304,7.486,115.19062,0.267165375,37.407795,1,1
1088,CuO,,33.0,10.0,17.7,SHSY5Y,H,Human,Epithelial,Bone Marrow,48,MTS,Tetrazolium Salt,cell metabolic activity,N,N,N,1.9,1.9,0.526315789,1,79.546,1,2.0,-573.4997,310.43,449.67,7.77628,-7.776,-0.29,170,1590.908,5,4.033,3.743,2.172734304,7.486,115.19062,0.267165375,41.71446,1,1
1089,CuO,,33.0,100.0,17.7,SHSY5Y,H,Human,Epithelial,Bone Marrow,48,MTS,Tetrazolium Salt,cell metabolic activity,N,N,N,1.9,1.9,0.526315789,1,79.546,1,2.0,-573.4997,310.43,449.67,7.77628,-7.776,-0.29,170,1590.908,5,4.033,3.743,2.172734304,7.486,115.19062,0.267165375,-1.4239597,1,1
1090,CuO,,33.0,0.001,17.7,H4,H,Human,Epithelial,Brain,48,MTS,Tetrazolium Salt,cell metabolic activity,N,N,N,1.9,1.9,0.526315789,1,79.546,1,2.0,-573.4997,310.43,449.67,7.77628,-7.776,-0.29,170,1590.908,5,4.033,3.743,2.172734304,7.486,115.19062,0.267165375,71.82643,2,0
1091,CuO,,33.0,0.1,17.7,H4,H,Human,Epithelial,Brain,48,MTS,Tetrazolium Salt,cell metabolic activity,N,N,N,1.9,1.9,0.526315789,1,79.546,1,2.0,-573.4997,310.43,449.67,7.77628,-7.776,-0.29,170,1590.908,5,4.033,3.743,2.172734304,7.486,115.19062,0.267165375,59.056118,2,0
1092,CuO,,33.0,1.0,17.7,H4,H,Human,Epithelial,Brain,48,MTS,Tetrazolium Salt,cell metabolic activity,N,N,N,1.9,1.9,0.526315789,1,79.546,1,2.0,-573.4997,310.43,449.67,7.77628,-7.776,-0.29,170,1590.908,5,4.033,3.743,2.172734304,7.486,115.19062,0.267165375,68.19899,2,0
1093,CuO,,33.0,10.0,17.7,H4,H,Human,Epithelial,Brain,48,MTS,Tetrazolium Salt,cell metabolic activity,N,N,N,1.9,1.9,0.526315789,1,79.546,1,2.0,-573.4997,310.43,449.67,7.77628,-7.776,-0.29,170,1590.908,5,4.033,3.743,2.172734304,7.486,115.19062,0.267165375,38.425575,1,1
1094,CuO,,33.0,100.0,17.7,H4,H,Human,Epithelial,Brain,48,MTS,Tetrazolium Salt,cell metabolic activity,N,N,N,1.9,1.9,0.526315789,1,79.546,1,2.0,-573.4997,310.43,449.67,7.77628,-7.776,-0.29,170,1590.908,5,4.033,3.743,2.172734304,7.486,115.19062,0.267165375,-0.036262684,1,1
1095,CuO,,33.0,0.001,17.7,SHSY5Y,H,Human,Epithelial,Bone Marrow,48,Live/Dead,Calcein AM  Ethidium homodimer-1,cell membrane integrity,N,N,N,1.9,1.9,0.602409639,1,79.546,1,2.0,2395.87666,516.82,985.89,5.288031,-5.288,-0.329,96,1663.872,2,2.8085,2.4795,1.590577183,4.959,327.21443,0.403307118,97.65237,2,0
1096,CuO,,33.0,0.1,17.7,SHSY5Y,H,Human,Epithelial,Bone Marrow,48,Live/Dead,Calcein AM  Ethidium homodimer-1,cell membrane integrity,N,N,N,1.9,1.9,0.602409639,1,79.546,1,2.0,2395.87666,516.82,985.89,5.288031,-5.288,-0.329,96,1663.872,2,2.8085,2.4795,1.590577183,4.959,327.21443,0.403307118,98.91648,2,0
1097,CuO,,33.0,1.0,17.7,SHSY5Y,H,Human,Epithelial,Bone Marrow,48,Live/Dead,Calcein AM  Ethidium homodimer-1,cell membrane integrity,N,N,N,1.9,1.9,0.602409639,1,79.546,1,2.0,2395.87666,516.82,985.89,5.288031,-5.288,-0.329,96,1663.872,2,2.8085,2.4795,1.590577183,4.959,327.21443,0.403307118,97.65237,2,0
1098,CuO,,33.0,10.0,17.7,SHSY5Y,H,Human,Epithelial,Bone Marrow,48,Live/Dead,Calcein AM  Ethidium homodimer-1,cell membrane integrity,N,N,N,1.9,1.9,0.602409639,1,79.546,1,2.0,2395.87666,516.82,985.89,5.288031,-5.288,-0.329,96,1663.872,2,2.8085,2.4795,1.590577183,4.959,327.21443,0.403307118,89.75169,2,0
1099,CuO,,33.0,100.0,17.7,SHSY5Y,H,Human,Epithelial,Bone Marrow,48,Live/Dead,Calcein AM  Ethidium homodimer-1,cell membrane integrity,N,N,N,1.9,1.9,0.602409639,1,79.546,1,2.0,2395.87666,516.82,985.89,5.288031,-5.288,-0.329,96,1663.872,2,2.8085,2.4795,1.590577183,4.959,327.21443,0.403307118,41.083523,1,1
1100,CuO,,33.0,0.001,17.7,H4,H,Human,Epithelial,Brain,48,Live/Dead,Calcein AM  Ethidium homodimer-1,cell membrane integrity,N,N,N,1.9,1.9,0.602409639,1,79.546,1,2.0,2395.87666,516.82,985.89,5.288031,-5.288,-0.329,96,1663.872,2,2.8085,2.4795,1.590577183,4.959,327.21443,0.403307118,98.284424,2,0
1101,CuO,,33.0,0.1,17.7,H4,H,Human,Epithelial,Brain,48,Live/Dead,Calcein AM  Ethidium homodimer-1,cell membrane integrity,N,N,N,1.9,1.9,0.602409639,1,79.546,1,2.0,2395.87666,516.82,985.89,5.288031,-5.288,-0.329,96,1663.872,2,2.8085,2.4795,1.590577183,4.959,327.21443,0.403307118,98.60045,2,0
1102,CuO,,33.0,1.0,17.7,H4,H,Human,Epithelial,Brain,48,Live/Dead,Calcein AM  Ethidium homodimer-1,cell membrane integrity,N,N,N,1.9,1.9,0.602409639,1,79.546,1,2.0,2395.87666,516.82,985.89,5.288031,-5.288,-0.329,96,1663.872,2,2.8085,2.4795,1.590577183,4.959,327.21443,0.403307118,97.33634,2,0
1103,CuO,,33.0,10.0,17.7,H4,H,Human,Epithelial,Brain,48,Live/Dead,Calcein AM  Ethidium homodimer-1,cell membrane integrity,N,N,N,1.9,1.9,0.602409639,1,79.546,1,2.0,2395.87666,516.82,985.89,5.288031,-5.288,-0.329,96,1663.872,2,2.8085,2.4795,1.590577183,4.959,327.21443,0.403307118,90.06772,2,0
1104,CuO,,33.0,100.0,17.7,H4,H,Human,Epithelial,Brain,48,Live/Dead,Calcein AM  Ethidium homodimer-1,cell membrane integrity,N,N,N,1.9,1.9,0.602409639,1,79.546,1,2.0,2395.87666,516.82,985.89,5.288031,-5.288,-0.329,96,1663.872,2,2.8085,2.4795,1.590577183,4.959,327.21443,0.403307118,60.6772,2,0
1105,CuO,,28.0,62.85671184,-20.36,HepG2,H,Human,Epithelial,Liver,48,MTT,Tetrazolium Salt,cell metabolic activity,N,N,N,1.9,1.9,0.526315789,1,79.546,1,2.0,-573.4997,310.43,449.67,7.77628,-7.776,-0.29,170,1590.908,5,4.033,3.743,2.172734304,7.486,115.19062,0.267165375,51.746,2,0
1106,CuO,,28.0,125.7134237,-20.36,HepG2,H,Human,Epithelial,Liver,48,MTT,Tetrazolium Salt,cell metabolic activity,N,N,N,1.9,1.9,0.526315789,1,79.546,1,2.0,-573.4997,310.43,449.67,7.77628,-7.776,-0.29,170,1590.908,5,4.033,3.743,2.172734304,7.486,115.19062,0.267165375,38.889,1,1
1107,CuO,,28.0,314.2835592,-20.36,HepG2,H,Human,Epithelial,Liver,48,MTT,Tetrazolium Salt,cell metabolic activity,N,N,N,1.9,1.9,0.526315789,1,79.546,1,2.0,-573.4997,310.43,449.67,7.77628,-7.776,-0.29,170,1590.908,5,4.033,3.743,2.172734304,7.486,115.19062,0.267165375,20.317,1,1
1108,CuO,,28.0,628.5671184,-20.36,HepG2,H,Human,Epithelial,Liver,48,MTT,Tetrazolium Salt,cell metabolic activity,N,N,N,1.9,1.9,0.526315789,1,79.546,1,2.0,-573.4997,310.43,449.67,7.77628,-7.776,-0.29,170,1590.908,5,4.033,3.743,2.172734304,7.486,115.19062,0.267165375,13.651,1,1
1109,CuO,,28.2,62.85671184,35.9,A549,H,Human,Epithelial,Lung,4,CellTiter Blue,Alamar Blue,cell metabolic activity,N,N,N,1.9,1.9,0.526315789,1,79.546,1,2.0,-573.4997,310.43,449.67,7.77628,-7.776,-0.29,170,1590.908,5,4.033,3.743,2.172734304,7.486,115.19062,0.267165375,124.78,2,0
1110,CuO,,28.2,125.7134237,35.9,A549,H,Human,Epithelial,Lung,4,CellTiter Blue,Alamar Blue,cell metabolic activity,N,N,N,1.9,1.9,0.526315789,1,79.546,1,2.0,-573.4997,310.43,449.67,7.77628,-7.776,-0.29,170,1590.908,5,4.033,3.743,2.172734304,7.486,115.19062,0.267165375,128.04,2,0
1111,CuO,,28.2,251.4268474,35.9,A549,H,Human,Epithelial,Lung,4,CellTiter Blue,Alamar Blue,cell metabolic activity,N,N,N,1.9,1.9,0.526315789,1,79.546,1,2.0,-573.4997,310.43,449.67,7.77628,-7.776,-0.29,170,1590.908,5,4.033,3.743,2.172734304,7.486,115.19062,0.267165375,126.3,2,0
1112,CuO,,28.2,502.8536947,35.9,A549,H,Human,Epithelial,Lung,4,CellTiter Blue,Alamar Blue,cell metabolic activity,N,N,N,1.9,1.9,0.526315789,1,79.546,1,2.0,-573.4997,310.43,449.67,7.77628,-7.776,-0.29,170,1590.908,5,4.033,3.743,2.172734304,7.486,115.19062,0.267165375,101.09,2,0
1113,CuO,,28.2,62.85671184,35.9,A549,H,Human,Epithelial,Lung,24,CellTiter Blue,Alamar Blue,cell metabolic activity,N,N,N,1.9,1.9,0.526315789,1,79.546,1,2.0,-573.4997,310.43,449.67,7.77628,-7.776,-0.29,170,1590.908,5,4.033,3.743,2.172734304,7.486,115.19062,0.267165375,110.22,2,0
1114,CuO,,28.2,125.7134237,35.9,A549,H,Human,Epithelial,Lung,24,CellTiter Blue,Alamar Blue,cell metabolic activity,N,N,N,1.9,1.9,0.526315789,1,79.546,1,2.0,-573.4997,310.43,449.67,7.77628,-7.776,-0.29,170,1590.908,5,4.033,3.743,2.172734304,7.486,115.19062,0.267165375,98.261,2,0
1115,CuO,,28.2,251.4268474,35.9,A549,H,Human,Epithelial,Lung,24,CellTiter Blue,Alamar Blue,cell metabolic activity,N,N,N,1.9,1.9,0.526315789,1,79.546,1,2.0,-573.4997,310.43,449.67,7.77628,-7.776,-0.29,170,1590.908,5,4.033,3.743,2.172734304,7.486,115.19062,0.267165375,45.217,1,1
1116,CuO,,28.2,502.8536947,35.9,A549,H,Human,Epithelial,Lung,24,CellTiter Blue,Alamar Blue,cell metabolic activity,N,N,N,1.9,1.9,0.526315789,1,79.546,1,2.0,-573.4997,310.43,449.67,7.77628,-7.776,-0.29,170,1590.908,5,4.033,3.743,2.172734304,7.486,115.19062,0.267165375,20.0,1,1
1117,CuO,,28.2,62.85671184,35.9,A549,H,Human,Epithelial,Lung,48,CellTiter Blue,Alamar Blue,cell metabolic activity,N,N,N,1.9,1.9,0.526315789,1,79.546,1,2.0,-573.4997,310.43,449.67,7.77628,-7.776,-0.29,170,1590.908,5,4.033,3.743,2.172734304,7.486,115.19062,0.267165375,100.0,2,0
1118,CuO,,28.2,125.7134237,35.9,A549,H,Human,Epithelial,Lung,48,CellTiter Blue,Alamar Blue,cell metabolic activity,N,N,N,1.9,1.9,0.526315789,1,79.546,1,2.0,-573.4997,310.43,449.67,7.77628,-7.776,-0.29,170,1590.908,5,4.033,3.743,2.172734304,7.486,115.19062,0.267165375,66.739,2,0
1119,CuO,,28.2,251.4268474,35.9,A549,H,Human,Epithelial,Lung,48,CellTiter Blue,Alamar Blue,cell metabolic activity,N,N,N,1.9,1.9,0.526315789,1,79.546,1,2.0,-573.4997,310.43,449.67,7.77628,-7.776,-0.29,170,1590.908,5,4.033,3.743,2.172734304,7.486,115.19062,0.267165375,17.609,1,1
1120,CuO,,28.2,502.8536947,35.9,A549,H,Human,Epithelial,Lung,48,CellTiter Blue,Alamar Blue,cell metabolic activity,N,N,N,1.9,1.9,0.526315789,1,79.546,1,2.0,-573.4997,310.43,449.67,7.77628,-7.776,-0.29,170,1590.908,5,4.033,3.743,2.172734304,7.486,115.19062,0.267165375,7.1739,1,1
1121,CuO,,52.51,125.7134237,-39.67,A549,H,Human,Epithelial,Lung,24,MTT,Tetrazolium Salt,cell metabolic activity,N,N,N,1.9,1.9,0.526315789,1,79.546,1,2.0,-573.4997,310.43,449.67,7.77628,-7.776,-0.29,170,1590.908,5,4.033,3.743,2.172734304,7.486,115.19062,0.267165375,75.0,2,0
1122,CuO,,52.51,314.2835592,-39.67,A549,H,Human,Epithelial,Lung,24,MTT,Tetrazolium Salt,cell metabolic activity,N,N,N,1.9,1.9,0.526315789,1,79.546,1,2.0,-573.4997,310.43,449.67,7.77628,-7.776,-0.29,170,1590.908,5,4.033,3.743,2.172734304,7.486,115.19062,0.267165375,66.0,2,0
1123,CuO,,52.51,628.5671184,-39.67,A549,H,Human,Epithelial,Lung,24,MTT,Tetrazolium Salt,cell metabolic activity,N,N,N,1.9,1.9,0.526315789,1,79.546,1,2.0,-573.4997,310.43,449.67,7.77628,-7.776,-0.29,170,1590.908,5,4.033,3.743,2.172734304,7.486,115.19062,0.267165375,48.0,1,1
1124,CuO,,52.51,125.7134237,-39.67,A549,H,Human,Epithelial,Lung,24,NRU,NeutralRed,cell metabolic activity,N,N,N,1.9,1.9,0.526315789,1,79.546,1,2.0,-573.4997,310.43,449.67,7.77628,-7.776,-0.29,170,1590.908,5,4.033,3.743,2.172734304,7.486,115.19062,0.267165375,85.0,2,0
1125,CuO,,52.51,314.2835592,-39.67,A549,H,Human,Epithelial,Lung,24,NRU,NeutralRed,cell metabolic activity,N,N,N,1.9,1.9,0.526315789,1,79.546,1,2.0,-573.4997,310.43,449.67,7.77628,-7.776,-0.29,170,1590.908,5,4.033,3.743,2.172734304,7.486,115.19062,0.267165375,69.0,2,0
1126,CuO,,52.51,628.5671184,-39.67,A549,H,Human,Epithelial,Lung,24,NRU,NeutralRed,cell metabolic activity,N,N,N,1.9,1.9,0.526315789,1,79.546,1,2.0,-573.4997,310.43,449.67,7.77628,-7.776,-0.29,170,1590.908,5,4.033,3.743,2.172734304,7.486,115.19062,0.267165375,46.0,1,1
1127,CuO,,23.0,62.85671184,-39.67,A549,H,Human,Epithelial,Lung,24,MTT,Tetrazolium Salt,cell metabolic activity,N,N,N,1.9,1.9,0.526315789,1,79.546,1,2.0,-573.4997,310.43,449.67,7.77628,-7.776,-0.29,170,1590.908,5,4.033,3.743,2.172734304,7.486,115.19062,0.267165375,81.514,2,0
1128,CuO,,23.0,125.7134237,-39.67,A549,H,Human,Epithelial,Lung,24,MTT,Tetrazolium Salt,cell metabolic activity,N,N,N,1.9,1.9,0.526315789,1,79.546,1,2.0,-573.4997,310.43,449.67,7.77628,-7.776,-0.29,170,1590.908,5,4.033,3.743,2.172734304,7.486,115.19062,0.267165375,56.477,2,0
1129,CuO,,23.0,188.5701355,-39.67,A549,H,Human,Epithelial,Lung,24,MTT,Tetrazolium Salt,cell metabolic activity,N,N,N,1.9,1.9,0.526315789,1,79.546,1,2.0,-573.4997,310.43,449.67,7.77628,-7.776,-0.29,170,1590.908,5,4.033,3.743,2.172734304,7.486,115.19062,0.267165375,31.441,1,1
1130,CuO,,40.0,314.2835592,17.7,Caco2,H,Human,Epithelial,Colon,24,MTS,Tetrazolium Salt,cell metabolic activity,N,N,N,1.9,1.9,0.526315789,1,79.546,1,2.0,-573.4997,310.43,449.67,7.77628,-7.776,-0.29,170,1590.908,5,4.033,3.743,2.172734304,7.486,115.19062,0.267165375,114.06,2,0
1131,CuO,,40.0,314.2835592,17.7,Caco2,H,Human,Epithelial,Colon,48,MTS,Tetrazolium Salt,cell metabolic activity,N,N,N,1.9,1.9,0.526315789,1,79.546,1,2.0,-573.4997,310.43,449.67,7.77628,-7.776,-0.29,170,1590.908,5,4.033,3.743,2.172734304,7.486,115.19062,0.267165375,75.332,2,0
1132,CuO,,10.0,314.2835592,17.7,Caco2,H,Human,Epithelial,Colon,24,MTS,Tetrazolium Salt,cell metabolic activity,N,N,N,1.9,1.9,0.526315789,1,79.546,1,2.0,-573.4997,310.43,449.67,7.77628,-7.776,-0.29,170,1590.908,5,4.033,3.743,2.172734304,7.486,115.19062,0.267165375,75.862,2,0
1133,CuO,,10.0,314.2835592,17.7,Caco2,H,Human,Epithelial,Colon,48,MTS,Tetrazolium Salt,cell metabolic activity,N,N,N,1.9,1.9,0.526315789,1,79.546,1,2.0,-573.4997,310.43,449.67,7.77628,-7.776,-0.29,170,1590.908,5,4.033,3.743,2.172734304,7.486,115.19062,0.267165375,64.721,2,0
1134,CuO,,40.0,62.85671184,35.9,A549,H,Human,Epithelial,Lung,24,MTS,Tetrazolium Salt,cell metabolic activity,N,N,N,1.9,1.9,0.526315789,1,79.546,1,2.0,-573.4997,310.43,449.67,7.77628,-7.776,-0.29,170,1590.908,5,4.033,3.743,2.172734304,7.486,115.19062,0.267165375,100.0,2,0
1135,CuO,,40.0,125.7134237,35.9,A549,H,Human,Epithelial,Lung,24,MTS,Tetrazolium Salt,cell metabolic activity,N,N,N,1.9,1.9,0.526315789,1,79.546,1,2.0,-573.4997,310.43,449.67,7.77628,-7.776,-0.29,170,1590.908,5,4.033,3.743,2.172734304,7.486,115.19062,0.267165375,102.87,2,0
1136,CuO,,40.0,314.2835592,35.9,A549,H,Human,Epithelial,Lung,24,MTS,Tetrazolium Salt,cell metabolic activity,N,N,N,1.9,1.9,0.526315789,1,79.546,1,2.0,-573.4997,310.43,449.67,7.77628,-7.776,-0.29,170,1590.908,5,4.033,3.743,2.172734304,7.486,115.19062,0.267165375,94.702,2,0
1137,CuO,,40.0,628.5671184,35.9,A549,H,Human,Epithelial,Lung,24,MTS,Tetrazolium Salt,cell metabolic activity,N,N,N,1.9,1.9,0.526315789,1,79.546,1,2.0,-573.4997,310.43,449.67,7.77628,-7.776,-0.29,170,1590.908,5,4.033,3.743,2.172734304,7.486,115.19062,0.267165375,85.872,2,0
1138,CuO,,40.0,1257.134237,35.9,A549,H,Human,Epithelial,Lung,24,MTS,Tetrazolium Salt,cell metabolic activity,N,N,N,1.9,1.9,0.526315789,1,79.546,1,2.0,-573.4997,310.43,449.67,7.77628,-7.776,-0.29,170,1590.908,5,4.033,3.743,2.172734304,7.486,115.19062,0.267165375,52.759,2,0
1139,CuO,,10.0,62.85671184,35.9,A549,H,Human,Epithelial,Lung,24,MTS,Tetrazolium Salt,cell metabolic activity,N,N,N,1.9,1.9,0.526315789,1,79.546,1,2.0,-573.4997,310.43,449.67,7.77628,-7.776,-0.29,170,1590.908,5,4.033,3.743,2.172734304,7.486,115.19062,0.267165375,103.31,2,0
1140,CuO,,10.0,125.7134237,35.9,A549,H,Human,Epithelial,Lung,24,MTS,Tetrazolium Salt,cell metabolic activity,N,N,N,1.9,1.9,0.526315789,1,79.546,1,2.0,-573.4997,310.43,449.67,7.77628,-7.776,-0.29,170,1590.908,5,4.033,3.743,2.172734304,7.486,115.19062,0.267165375,98.455,2,0
1141,CuO,,10.0,314.2835592,35.9,A549,H,Human,Epithelial,Lung,24,MTS,Tetrazolium Salt,cell metabolic activity,N,N,N,1.9,1.9,0.526315789,1,79.546,1,2.0,-573.4997,310.43,449.67,7.77628,-7.776,-0.29,170,1590.908,5,4.033,3.743,2.172734304,7.486,115.19062,0.267165375,84.768,2,0
1142,CuO,,10.0,628.5671184,35.9,A549,H,Human,Epithelial,Lung,24,MTS,Tetrazolium Salt,cell metabolic activity,N,N,N,1.9,1.9,0.526315789,1,79.546,1,2.0,-573.4997,310.43,449.67,7.77628,-7.776,-0.29,170,1590.908,5,4.033,3.743,2.172734304,7.486,115.19062,0.267165375,56.291,2,0
1143,CuO,,10.0,1257.134237,35.9,A549,H,Human,Epithelial,Lung,24,MTS,Tetrazolium Salt,cell metabolic activity,N,N,N,1.9,1.9,0.526315789,1,79.546,1,2.0,-573.4997,310.43,449.67,7.77628,-7.776,-0.29,170,1590.908,5,4.033,3.743,2.172734304,7.486,115.19062,0.267165375,15.011,1,1
1144,CuO,,22.83,25.14268474,-20.36,HepG2,H,Human,Epithelial,Liver,24,MTT,Tetrazolium Salt,cell metabolic activity,N,N,N,1.9,1.9,0.526315789,1,79.546,1,2.0,-573.4997,310.43,449.67,7.77628,-7.776,-0.29,170,1590.908,5,4.033,3.743,2.172734304,7.486,115.19062,0.267165375,83.404,2,0
1145,CuO,,22.83,62.85671184,-20.36,HepG2,H,Human,Epithelial,Liver,24,MTT,Tetrazolium Salt,cell metabolic activity,N,N,N,1.9,1.9,0.526315789,1,79.546,1,2.0,-573.4997,310.43,449.67,7.77628,-7.776,-0.29,170,1590.908,5,4.033,3.743,2.172734304,7.486,115.19062,0.267165375,69.094,2,0
1146,CuO,,22.83,125.7134237,-20.36,HepG2,H,Human,Epithelial,Liver,24,MTT,Tetrazolium Salt,cell metabolic activity,N,N,N,1.9,1.9,0.526315789,1,79.546,1,2.0,-573.4997,310.43,449.67,7.77628,-7.776,-0.29,170,1590.908,5,4.033,3.743,2.172734304,7.486,115.19062,0.267165375,51.412,2,0
1147,CuO,,22.83,314.2835592,-20.36,HepG2,H,Human,Epithelial,Liver,24,MTT,Tetrazolium Salt,cell metabolic activity,N,N,N,1.9,1.9,0.526315789,1,79.546,1,2.0,-573.4997,310.43,449.67,7.77628,-7.776,-0.29,170,1590.908,5,4.033,3.743,2.172734304,7.486,115.19062,0.267165375,34.027,1,1
1148,CuO,,22.83,628.5671184,-20.36,HepG2,H,Human,Epithelial,Liver,24,MTT,Tetrazolium Salt,cell metabolic activity,N,N,N,1.9,1.9,0.526315789,1,79.546,1,2.0,-573.4997,310.43,449.67,7.77628,-7.776,-0.29,170,1590.908,5,4.033,3.743,2.172734304,7.486,115.19062,0.267165375,27.935,1,1
1149,CuO,,22.83,25.14268474,-20.36,HepG2,H,Human,Epithelial,Liver,24,NRU,NeutralRed,cell metabolic activity,N,N,N,1.9,1.9,0.526315789,1,79.546,1,2.0,-573.4997,310.43,449.67,7.77628,-7.776,-0.29,170,1590.908,5,4.033,3.743,2.172734304,7.486,115.19062,0.267165375,81.395,2,0
1150,CuO,,22.83,62.85671184,-20.36,HepG2,H,Human,Epithelial,Liver,24,NRU,NeutralRed,cell metabolic activity,N,N,N,1.9,1.9,0.526315789,1,79.546,1,2.0,-573.4997,310.43,449.67,7.77628,-7.776,-0.29,170,1590.908,5,4.033,3.743,2.172734304,7.486,115.19062,0.267165375,66.202,2,0
1151,CuO,,22.83,125.7134237,-20.36,HepG2,H,Human,Epithelial,Liver,24,NRU,NeutralRed,cell metabolic activity,N,N,N,1.9,1.9,0.526315789,1,79.546,1,2.0,-573.4997,310.43,449.67,7.77628,-7.776,-0.29,170,1590.908,5,4.033,3.743,2.172734304,7.486,115.19062,0.267165375,51.163,2,0
1152,CuO,,22.83,314.2835592,-20.36,HepG2,H,Human,Epithelial,Liver,24,NRU,NeutralRed,cell metabolic activity,N,N,N,1.9,1.9,0.526315789,1,79.546,1,2.0,-573.4997,310.43,449.67,7.77628,-7.776,-0.29,170,1590.908,5,4.033,3.743,2.172734304,7.486,115.19062,0.267165375,40.155,1,1
1153,CuO,,22.83,628.5671184,-20.36,HepG2,H,Human,Epithelial,Liver,24,NRU,NeutralRed,cell metabolic activity,N,N,N,1.9,1.9,0.526315789,1,79.546,1,2.0,-573.4997,310.43,449.67,7.77628,-7.776,-0.29,170,1590.908,5,4.033,3.743,2.172734304,7.486,115.19062,0.267165375,33.333,1,1
1154,CuO,,30.0,6.285671184,-29.1,A549,H,Human,Epithelial,Lung,24,CCK8,Tetrazolium Salt,cell metabolic activity,N,N,N,1.9,1.9,0.526315789,1,79.546,1,2.0,-573.4997,310.43,449.67,7.77628,-7.776,-0.29,170,1590.908,5,4.033,3.743,2.172734304,7.486,115.19062,0.267165375,109.73,2,0
1155,CuO,,30.0,12.57134237,-29.1,A549,H,Human,Epithelial,Lung,24,CCK8,Tetrazolium Salt,cell metabolic activity,N,N,N,1.9,1.9,0.526315789,1,79.546,1,2.0,-573.4997,310.43,449.67,7.77628,-7.776,-0.29,170,1590.908,5,4.033,3.743,2.172734304,7.486,115.19062,0.267165375,103.7,2,0
1156,CuO,,30.0,62.85671184,-29.1,A549,H,Human,Epithelial,Lung,24,CCK8,Tetrazolium Salt,cell metabolic activity,N,N,N,1.9,1.9,0.526315789,1,79.546,1,2.0,-573.4997,310.43,449.67,7.77628,-7.776,-0.29,170,1590.908,5,4.033,3.743,2.172734304,7.486,115.19062,0.267165375,97.86,2,0
1157,CuO,,30.0,251.4268474,-29.1,A549,H,Human,Epithelial,Lung,24,CCK8,Tetrazolium Salt,cell metabolic activity,N,N,N,1.9,1.9,0.526315789,1,79.546,1,2.0,-573.4997,310.43,449.67,7.77628,-7.776,-0.29,170,1590.908,5,4.033,3.743,2.172734304,7.486,115.19062,0.267165375,84.241,2,0
1158,CuO,,30.0,377.140271,-29.1,A549,H,Human,Epithelial,Lung,24,CCK8,Tetrazolium Salt,cell metabolic activity,N,N,N,1.9,1.9,0.526315789,1,79.546,1,2.0,-573.4997,310.43,449.67,7.77628,-7.776,-0.29,170,1590.908,5,4.033,3.743,2.172734304,7.486,115.19062,0.267165375,56.42,2,0
1159,CuO,,30.0,502.8536947,-29.1,A549,H,Human,Epithelial,Lung,24,CCK8,Tetrazolium Salt,cell metabolic activity,N,N,N,1.9,1.9,0.526315789,1,79.546,1,2.0,-573.4997,310.43,449.67,7.77628,-7.776,-0.29,170,1590.908,5,4.033,3.743,2.172734304,7.486,115.19062,0.267165375,19.844,1,1
1160,CuO,,30.0,628.5671184,-29.1,A549,H,Human,Epithelial,Lung,24,CCK8,Tetrazolium Salt,cell metabolic activity,N,N,N,1.9,1.9,0.526315789,1,79.546,1,2.0,-573.4997,310.43,449.67,7.77628,-7.776,-0.29,170,1590.908,5,4.033,3.743,2.172734304,7.486,115.19062,0.267165375,4.2802,1,1
1161,CuO,,30.0,1257.134237,-29.1,A549,H,Human,Epithelial,Lung,24,CCK8,Tetrazolium Salt,cell metabolic activity,N,N,N,1.9,1.9,0.526315789,1,79.546,1,2.0,-573.4997,310.43,449.67,7.77628,-7.776,-0.29,170,1590.908,5,4.033,3.743,2.172734304,7.486,115.19062,0.267165375,3.3074,1,1
1162,CuO,,30.0,6.285671184,-29.1,A549,H,Human,Epithelial,Lung,48,CCK8,Tetrazolium Salt,cell metabolic activity,N,N,N,1.9,1.9,0.526315789,1,79.546,1,2.0,-573.4997,310.43,449.67,7.77628,-7.776,-0.29,170,1590.908,5,4.033,3.743,2.172734304,7.486,115.19062,0.267165375,104.67,2,0
1163,CuO,,30.0,12.57134237,-29.1,A549,H,Human,Epithelial,Lung,48,CCK8,Tetrazolium Salt,cell metabolic activity,N,N,N,1.9,1.9,0.526315789,1,79.546,1,2.0,-573.4997,310.43,449.67,7.77628,-7.776,-0.29,170,1590.908,5,4.033,3.743,2.172734304,7.486,115.19062,0.267165375,101.36,2,0
1164,CuO,,30.0,62.85671184,-29.1,A549,H,Human,Epithelial,Lung,48,CCK8,Tetrazolium Salt,cell metabolic activity,N,N,N,1.9,1.9,0.526315789,1,79.546,1,2.0,-573.4997,310.43,449.67,7.77628,-7.776,-0.29,170,1590.908,5,4.033,3.743,2.172734304,7.486,115.19062,0.267165375,65.564,2,0
1165,CuO,,30.0,251.4268474,-29.1,A549,H,Human,Epithelial,Lung,48,CCK8,Tetrazolium Salt,cell metabolic activity,N,N,N,1.9,1.9,0.526315789,1,79.546,1,2.0,-573.4997,310.43,449.67,7.77628,-7.776,-0.29,170,1590.908,5,4.033,3.743,2.172734304,7.486,115.19062,0.267165375,27.821,1,1
1166,CuO,,30.0,377.140271,-29.1,A549,H,Human,Epithelial,Lung,48,CCK8,Tetrazolium Salt,cell metabolic activity,N,N,N,1.9,1.9,0.526315789,1,79.546,1,2.0,-573.4997,310.43,449.67,7.77628,-7.776,-0.29,170,1590.908,5,4.033,3.743,2.172734304,7.486,115.19062,0.267165375,2.9183,1,1
1167,CuO,,30.0,502.8536947,-29.1,A549,H,Human,Epithelial,Lung,48,CCK8,Tetrazolium Salt,cell metabolic activity,N,N,N,1.9,1.9,0.526315789,1,79.546,1,2.0,-573.4997,310.43,449.67,7.77628,-7.776,-0.29,170,1590.908,5,4.033,3.743,2.172734304,7.486,115.19062,0.267165375,2.5292,1,1
1168,CuO,,30.0,628.5671184,-29.1,A549,H,Human,Epithelial,Lung,48,CCK8,Tetrazolium Salt,cell metabolic activity,N,N,N,1.9,1.9,0.526315789,1,79.546,1,2.0,-573.4997,310.43,449.67,7.77628,-7.776,-0.29,170,1590.908,5,4.033,3.743,2.172734304,7.486,115.19062,0.267165375,1.1673,1,1
1169,CuO,,30.0,1257.134237,-29.1,A549,H,Human,Epithelial,Lung,48,CCK8,Tetrazolium Salt,cell metabolic activity,N,N,N,1.9,1.9,0.526315789,1,79.546,1,2.0,-573.4997,310.43,449.67,7.77628,-7.776,-0.29,170,1590.908,5,4.033,3.743,2.172734304,7.486,115.19062,0.267165375,0.7782,1,1
1170,Fe2O3,PEI,145.8,3.05e-07,17.7,SHSY5Y,H,Human,Epithelial,Bone Marrow,72,MTS,Tetrazolium Salt,cell metabolic activity,Y,N,N,1.83,3.66,0.273224044,2,159.6,3,3.0,-1243.5544,408.48,633.93,10.715248,-10.715,-4.819,128,1165.8436,2,7.767,2.948,10.23173151,5.896,52.909352,0.339213026,89.08297,2,0
1171,Fe2O3,PEI,145.8,6.1e-07,17.7,SHSY5Y,H,Human,Epithelial,Bone Marrow,72,MTS,Tetrazolium Salt,cell metabolic activity,Y,N,N,1.83,3.66,0.273224044,2,159.6,3,3.0,-1243.5544,408.48,633.93,10.715248,-10.715,-4.819,128,1165.8436,2,7.767,2.948,10.23173151,5.896,52.909352,0.339213026,117.90393,2,0
1172,Fe2O3,PEI,145.8,1.22e-06,17.7,SHSY5Y,H,Human,Epithelial,Bone Marrow,72,MTS,Tetrazolium Salt,cell metabolic activity,Y,N,N,1.83,3.66,0.273224044,2,159.6,3,3.0,-1243.5544,408.48,633.93,10.715248,-10.715,-4.819,128,1165.8436,2,7.767,2.948,10.23173151,5.896,52.909352,0.339213026,136.24454,2,0
1173,Fe2O3,PEI,145.8,2.44e-06,17.7,SHSY5Y,H,Human,Epithelial,Bone Marrow,72,MTS,Tetrazolium Salt,cell metabolic activity,Y,N,N,1.83,3.66,0.273224044,2,159.6,3,3.0,-1243.5544,408.48,633.93,10.715248,-10.715,-4.819,128,1165.8436,2,7.767,2.948,10.23173151,5.896,52.909352,0.339213026,124.89083,2,0
1174,Fe2O3,PEI,145.8,4.88e-06,17.7,SHSY5Y,H,Human,Epithelial,Bone Marrow,72,MTS,Tetrazolium Salt,cell metabolic activity,Y,N,N,1.83,3.66,0.273224044,2,159.6,3,3.0,-1243.5544,408.48,633.93,10.715248,-10.715,-4.819,128,1165.8436,2,7.767,2.948,10.23173151,5.896,52.909352,0.339213026,119.65066,2,0
1175,Fe2O3,PEI,145.8,3.05e-07,17.7,SHSY5Y,H,Human,Epithelial,Bone Marrow,72,CellTiter Blue,Alamar Blue,cell metabolic activity,Y,N,N,1.83,3.66,0.273224044,2,159.6,3,3.0,-1243.5544,408.48,633.93,10.715248,-10.715,-4.819,128,1165.8436,2,7.767,2.948,10.23173151,5.896,52.909352,0.339213026,112.66376,2,0
1176,Fe2O3,PEI,145.8,6.1e-07,17.7,SHSY5Y,H,Human,Epithelial,Bone Marrow,72,CellTiter Blue,Alamar Blue,cell metabolic activity,Y,N,N,1.83,3.66,0.273224044,2,159.6,3,3.0,-1243.5544,408.48,633.93,10.715248,-10.715,-4.819,128,1165.8436,2,7.767,2.948,10.23173151,5.896,52.909352,0.339213026,157.20525,2,0
1177,Fe2O3,PEI,145.8,1.22e-06,17.7,SHSY5Y,H,Human,Epithelial,Bone Marrow,72,CellTiter Blue,Alamar Blue,cell metabolic activity,Y,N,N,1.83,3.66,0.273224044,2,159.6,3,3.0,-1243.5544,408.48,633.93,10.715248,-10.715,-4.819,128,1165.8436,2,7.767,2.948,10.23173151,5.896,52.909352,0.339213026,169.43231,2,0
1178,Fe2O3,PEI,145.8,2.44e-06,17.7,SHSY5Y,H,Human,Epithelial,Bone Marrow,72,CellTiter Blue,Alamar Blue,cell metabolic activity,Y,N,N,1.83,3.66,0.273224044,2,159.6,3,3.0,-1243.5544,408.48,633.93,10.715248,-10.715,-4.819,128,1165.8436,2,7.767,2.948,10.23173151,5.896,52.909352,0.339213026,179.0393,2,0
1179,Fe2O3,PEI,145.8,4.88e-06,17.7,SHSY5Y,H,Human,Epithelial,Bone Marrow,72,CellTiter Blue,Alamar Blue,cell metabolic activity,Y,N,N,1.83,3.66,0.273224044,2,159.6,3,3.0,-1243.5544,408.48,633.93,10.715248,-10.715,-4.819,128,1165.8436,2,7.767,2.948,10.23173151,5.896,52.909352,0.339213026,144.1048,2,0
1180,Fe2O3,PEI,145.8,3.05e-07,17.7,SHSY5Y,H,Human,Epithelial,Bone Marrow,72,CellTiter Glo,Luciferase,ATP content,Y,N,N,1.83,3.66,0.273224044,2,159.6,3,3.0,-1243.5544,408.48,633.93,10.715248,-10.715,-4.819,128,1165.8436,2,7.767,2.948,10.23173151,5.896,52.909352,0.339213026,138.86462,2,0
1181,Fe2O3,PEI,145.8,6.1e-07,17.7,SHSY5Y,H,Human,Epithelial,Bone Marrow,72,CellTiter Glo,Luciferase,ATP content,Y,N,N,1.83,3.66,0.273224044,2,159.6,3,3.0,-1243.5544,408.48,633.93,10.715248,-10.715,-4.819,128,1165.8436,2,7.767,2.948,10.23173151,5.896,52.909352,0.339213026,119.65066,2,0
1182,Fe2O3,PEI,145.8,1.22e-06,17.7,SHSY5Y,H,Human,Epithelial,Bone Marrow,72,CellTiter Glo,Luciferase,ATP content,Y,N,N,1.83,3.66,0.273224044,2,159.6,3,3.0,-1243.5544,408.48,633.93,10.715248,-10.715,-4.819,128,1165.8436,2,7.767,2.948,10.23173151,5.896,52.909352,0.339213026,68.12227,2,0
1183,Fe2O3,PEI,145.8,2.44e-06,17.7,SHSY5Y,H,Human,Epithelial,Bone Marrow,72,CellTiter Glo,Luciferase,ATP content,Y,N,N,1.83,3.66,0.273224044,2,159.6,3,3.0,-1243.5544,408.48,633.93,10.715248,-10.715,-4.819,128,1165.8436,2,7.767,2.948,10.23173151,5.896,52.909352,0.339213026,48.9083,1,1
1184,Fe2O3,PEI,145.8,4.88e-06,17.7,SHSY5Y,H,Human,Epithelial,Bone Marrow,72,CellTiter Glo,Luciferase,ATP content,Y,N,N,1.83,3.66,0.273224044,2,159.6,3,3.0,-1243.5544,408.48,633.93,10.715248,-10.715,-4.819,128,1165.8436,2,7.767,2.948,10.23173151,5.896,52.909352,0.339213026,26.200872,1,1
1185,Fe2O3,PEI,145.8,3.05e-07,17.7,SHSY5Y,H,Human,Epithelial,Bone Marrow,72,Live/Dead,Calcein AM  Ethidium homodimer-1,cell membrane integrity,Y,N,N,1.83,3.66,0.602409639,2,159.6,3,3.0,2395.87666,516.82,985.89,5.288031,-5.288,-0.329,96,1663.872,2,2.8085,2.4795,1.590577183,4.959,327.21443,0.403307118,62.00873,2,0
1186,Fe2O3,PEI,145.8,6.1e-07,17.7,SHSY5Y,H,Human,Epithelial,Bone Marrow,72,Live/Dead,Calcein AM  Ethidium homodimer-1,cell membrane integrity,Y,N,N,1.83,3.66,0.602409639,2,159.6,3,3.0,2395.87666,516.82,985.89,5.288031,-5.288,-0.329,96,1663.872,2,2.8085,2.4795,1.590577183,4.959,327.21443,0.403307118,41.9214,1,1
1187,Fe2O3,PEI,145.8,1.22e-06,17.7,SHSY5Y,H,Human,Epithelial,Bone Marrow,72,Live/Dead,Calcein AM  Ethidium homodimer-1,cell membrane integrity,Y,N,N,1.83,3.66,0.602409639,2,159.6,3,3.0,2395.87666,516.82,985.89,5.288031,-5.288,-0.329,96,1663.872,2,2.8085,2.4795,1.590577183,4.959,327.21443,0.403307118,32.31441,1,1
1188,Fe2O3,PEI,145.8,2.44e-06,17.7,SHSY5Y,H,Human,Epithelial,Bone Marrow,72,Live/Dead,Calcein AM  Ethidium homodimer-1,cell membrane integrity,Y,N,N,1.83,3.66,0.602409639,2,159.6,3,3.0,2395.87666,516.82,985.89,5.288031,-5.288,-0.329,96,1663.872,2,2.8085,2.4795,1.590577183,4.959,327.21443,0.403307118,23.580786,1,1
1189,Fe2O3,PEI,145.8,4.88e-06,17.7,SHSY5Y,H,Human,Epithelial,Bone Marrow,72,Live/Dead,Calcein AM  Ethidium homodimer-1,cell membrane integrity,Y,N,N,1.83,3.66,0.526315789,2,159.6,3,3.0,-573.4997,310.43,449.67,7.77628,-7.776,-0.29,170,1590.908,5,4.033,3.743,2.172734304,7.486,115.19062,0.267165375,14.847161,1,1
1190,Fe2O3,PEI,145.8,3.05e-07,17.7,RAW264.7,A,Mouse,Monocyte/Macrophage,Blood,72,MTS,Tetrazolium Salt,cell metabolic activity,Y,N,N,1.83,3.66,0.273224044,2,159.6,3,3.0,-1243.5544,408.48,633.93,10.715248,-10.715,-4.819,128,1165.8436,2,7.767,2.948,10.23173151,5.896,52.909352,0.339213026,146.7742,2,0
1191,Fe2O3,PEI,145.8,6.1e-07,17.7,RAW264.7,A,Mouse,Monocyte/Macrophage,Blood,72,MTS,Tetrazolium Salt,cell metabolic activity,Y,N,N,1.83,3.66,0.273224044,2,159.6,3,3.0,-1243.5544,408.48,633.93,10.715248,-10.715,-4.819,128,1165.8436,2,7.767,2.948,10.23173151,5.896,52.909352,0.339213026,129.83871,2,0
1192,Fe2O3,PEI,145.8,1.22e-06,17.7,RAW264.7,A,Mouse,Monocyte/Macrophage,Blood,72,MTS,Tetrazolium Salt,cell metabolic activity,Y,N,N,1.83,3.66,0.273224044,2,159.6,3,3.0,-1243.5544,408.48,633.93,10.715248,-10.715,-4.819,128,1165.8436,2,7.767,2.948,10.23173151,5.896,52.909352,0.339213026,125.0,2,0
1193,Fe2O3,PEI,145.8,2.44e-06,17.7,RAW264.7,A,Mouse,Monocyte/Macrophage,Blood,72,MTS,Tetrazolium Salt,cell metabolic activity,Y,N,N,1.83,3.66,0.273224044,2,159.6,3,3.0,-1243.5544,408.48,633.93,10.715248,-10.715,-4.819,128,1165.8436,2,7.767,2.948,10.23173151,5.896,52.909352,0.339213026,104.83871,2,0
1194,Fe2O3,PEI,145.8,4.88e-06,17.7,RAW264.7,A,Mouse,Monocyte/Macrophage,Blood,72,MTS,Tetrazolium Salt,cell metabolic activity,Y,N,N,1.83,3.66,0.273224044,2,159.6,3,3.0,-1243.5544,408.48,633.93,10.715248,-10.715,-4.819,128,1165.8436,2,7.767,2.948,10.23173151,5.896,52.909352,0.339213026,100.0,2,0
1195,Fe2O3,PEI,145.8,3.05e-07,17.7,RAW264.7,A,Mouse,Monocyte/Macrophage,Blood,72,CellTiter Blue,Alamar Blue,cell metabolic activity,Y,N,N,1.83,3.66,0.273224044,2,159.6,3,3.0,-1243.5544,408.48,633.93,10.715248,-10.715,-4.819,128,1165.8436,2,7.767,2.948,10.23173151,5.896,52.909352,0.339213026,104.83871,2,0
1196,Fe2O3,PEI,145.8,6.1e-07,17.7,RAW264.7,A,Mouse,Monocyte/Macrophage,Blood,72,CellTiter Blue,Alamar Blue,cell metabolic activity,Y,N,N,1.83,3.66,0.273224044,2,159.6,3,3.0,-1243.5544,408.48,633.93,10.715248,-10.715,-4.819,128,1165.8436,2,7.767,2.948,10.23173151,5.896,52.909352,0.339213026,102.41936,2,0
1197,Fe2O3,PEI,145.8,1.22e-06,17.7,RAW264.7,A,Mouse,Monocyte/Macrophage,Blood,72,CellTiter Blue,Alamar Blue,cell metabolic activity,Y,N,N,1.83,3.66,0.273224044,2,159.6,3,3.0,-1243.5544,408.48,633.93,10.715248,-10.715,-4.819,128,1165.8436,2,7.767,2.948,10.23173151,5.896,52.909352,0.339213026,99.19355,2,0
1198,Fe2O3,PEI,145.8,2.44e-06,17.7,RAW264.7,A,Mouse,Monocyte/Macrophage,Blood,72,CellTiter Blue,Alamar Blue,cell metabolic activity,Y,N,N,1.83,3.66,0.273224044,2,159.6,3,3.0,-1243.5544,408.48,633.93,10.715248,-10.715,-4.819,128,1165.8436,2,7.767,2.948,10.23173151,5.896,52.909352,0.339213026,96.77419,2,0
1199,Fe2O3,PEI,145.8,4.88e-06,17.7,RAW264.7,A,Mouse,Monocyte/Macrophage,Blood,72,CellTiter Blue,Alamar Blue,cell metabolic activity,Y,N,N,1.83,3.66,0.273224044,2,159.6,3,3.0,-1243.5544,408.48,633.93,10.715248,-10.715,-4.819,128,1165.8436,2,7.767,2.948,10.23173151,5.896,52.909352,0.339213026,100.0,2,0
1200,Fe2O3,PEI,145.8,3.05e-07,17.7,RAW264.7,A,Mouse,Monocyte/Macrophage,Blood,72,CellTiter Blue,Alamar Blue,cell metabolic activity,Y,N,N,1.83,3.66,0.273224044,2,159.6,3,3.0,-1243.5544,408.48,633.93,10.715248,-10.715,-4.819,128,1165.8436,2,7.767,2.948,10.23173151,5.896,52.909352,0.339213026,131.45161,2,0
1201,Fe2O3,PEI,145.8,6.1e-07,17.7,RAW264.7,A,Mouse,Monocyte/Macrophage,Blood,72,CellTiter Blue,Alamar Blue,cell metabolic activity,Y,N,N,1.83,3.66,0.273224044,2,159.6,3,3.0,-1243.5544,408.48,633.93,10.715248,-10.715,-4.819,128,1165.8436,2,7.767,2.948,10.23173151,5.896,52.909352,0.339213026,115.32258,2,0
1202,Fe2O3,PEI,145.8,1.22e-06,17.7,RAW264.7,A,Mouse,Monocyte/Macrophage,Blood,72,CellTiter Blue,Alamar Blue,cell metabolic activity,Y,N,N,1.83,3.66,0.273224044,2,159.6,3,3.0,-1243.5544,408.48,633.93,10.715248,-10.715,-4.819,128,1165.8436,2,7.767,2.948,10.23173151,5.896,52.909352,0.339213026,106.451614,2,0
1203,Fe2O3,PEI,145.8,2.44e-06,17.7,RAW264.7,A,Mouse,Monocyte/Macrophage,Blood,72,CellTiter Blue,Alamar Blue,cell metabolic activity,Y,N,N,1.83,3.66,0.273224044,2,159.6,3,3.0,-1243.5544,408.48,633.93,10.715248,-10.715,-4.819,128,1165.8436,2,7.767,2.948,10.23173151,5.896,52.909352,0.339213026,85.48387,2,0
1204,Fe2O3,PEI,145.8,4.88e-06,17.7,RAW264.7,A,Mouse,Monocyte/Macrophage,Blood,72,CellTiter Blue,Alamar Blue,cell metabolic activity,Y,N,N,1.83,3.66,0.273224044,2,159.6,3,3.0,-1243.5544,408.48,633.93,10.715248,-10.715,-4.819,128,1165.8436,2,7.767,2.948,10.23173151,5.896,52.909352,0.339213026,58.064518,2,0
1205,Fe2O3,PEI,145.8,3.05e-07,17.7,SHSY5Y,H,Human,Epithelial,Bone Marrow,24,Live/Dead,Calcein AM  Ethidium homodimer-1,cell membrane integrity,Y,N,N,1.83,3.66,0.526315789,2,159.6,3,3.0,-573.4997,310.43,449.67,7.77628,-7.776,-0.29,170,1590.908,5,4.033,3.743,2.172734304,7.486,115.19062,0.267165375,82.850784,2,0
1206,Fe2O3,PEI,145.8,6.1e-07,17.7,SHSY5Y,H,Human,Epithelial,Bone Marrow,24,Live/Dead,Calcein AM  Ethidium homodimer-1,cell membrane integrity,Y,N,N,1.83,3.66,0.526315789,2,159.6,3,3.0,-573.4997,310.43,449.67,7.77628,-7.776,-0.29,170,1590.908,5,4.033,3.743,2.172734304,7.486,115.19062,0.267165375,67.31019,2,0
1207,Fe2O3,PEI,145.8,1.22e-06,17.7,SHSY5Y,H,Human,Epithelial,Bone Marrow,24,Live/Dead,Calcein AM  Ethidium homodimer-1,cell membrane integrity,Y,N,N,1.83,3.66,0.526315789,2,159.6,3,3.0,-573.4997,310.43,449.67,7.77628,-7.776,-0.29,170,1590.908,5,4.033,3.743,2.172734304,7.486,115.19062,0.267165375,56.04981,2,0
1208,Fe2O3,PEI,145.8,2.44e-06,17.7,SHSY5Y,H,Human,Epithelial,Bone Marrow,24,Live/Dead,Calcein AM  Ethidium homodimer-1,cell membrane integrity,Y,N,N,1.83,3.66,0.526315789,2,159.6,3,3.0,-573.4997,310.43,449.67,7.77628,-7.776,-0.29,170,1590.908,5,4.033,3.743,2.172734304,7.486,115.19062,0.267165375,42.64823,1,1
1209,Fe2O3,PEI,145.8,4.88e-06,17.7,SHSY5Y,H,Human,Epithelial,Bone Marrow,24,Live/Dead,Calcein AM  Ethidium homodimer-1,cell membrane integrity,Y,N,N,1.83,3.66,0.526315789,2,159.6,3,3.0,-573.4997,310.43,449.67,7.77628,-7.776,-0.29,170,1590.908,5,4.033,3.743,2.172734304,7.486,115.19062,0.267165375,39.943905,1,1
1210,Fe2O3,PEI,145.8,3.05e-07,17.7,SHSY5Y,H,Human,Epithelial,Bone Marrow,72,Live/Dead,Calcein AM  Ethidium homodimer-1,cell membrane integrity,Y,N,N,1.83,3.66,0.526315789,2,159.6,3,3.0,-573.4997,310.43,449.67,7.77628,-7.776,-0.29,170,1590.908,5,4.033,3.743,2.172734304,7.486,115.19062,0.267165375,60.188145,2,0
1211,Fe2O3,PEI,145.8,6.1e-07,17.7,SHSY5Y,H,Human,Epithelial,Bone Marrow,72,Live/Dead,Calcein AM  Ethidium homodimer-1,cell membrane integrity,Y,N,N,1.83,3.66,0.526315789,2,159.6,3,3.0,-573.4997,310.43,449.67,7.77628,-7.776,-0.29,170,1590.908,5,4.033,3.743,2.172734304,7.486,115.19062,0.267165375,40.906464,1,1
1212,Fe2O3,PEI,145.8,1.22e-06,17.7,SHSY5Y,H,Human,Epithelial,Bone Marrow,72,Live/Dead,Calcein AM  Ethidium homodimer-1,cell membrane integrity,Y,N,N,1.83,3.66,0.526315789,2,159.6,3,3.0,-573.4997,310.43,449.67,7.77628,-7.776,-0.29,170,1590.908,5,4.033,3.743,2.172734304,7.486,115.19062,0.267165375,31.248158,1,1
1213,Fe2O3,PEI,145.8,2.44e-06,17.7,SHSY5Y,H,Human,Epithelial,Bone Marrow,72,Live/Dead,Calcein AM  Ethidium homodimer-1,cell membrane integrity,Y,N,N,1.83,3.66,0.526315789,2,159.6,3,3.0,-573.4997,310.43,449.67,7.77628,-7.776,-0.29,170,1590.908,5,4.033,3.743,2.172734304,7.486,115.19062,0.267165375,22.661545,1,1
1214,Fe2O3,PEI,145.8,4.88e-06,17.7,SHSY5Y,H,Human,Epithelial,Bone Marrow,72,Live/Dead,Calcein AM  Ethidium homodimer-1,cell membrane integrity,Y,N,N,1.83,3.66,0.273224044,2,159.6,3,3.0,-1243.5544,408.48,633.93,10.715248,-10.715,-4.819,128,1165.8436,2,7.767,2.948,10.23173151,5.896,52.909352,0.339213026,13.54236,1,1
1215,Fe2O3,PEI,145.8,3.05e-07,17.7,SHSY5Y,H,Human,Epithelial,Bone Marrow,120,Live/Dead,Calcein AM  Ethidium homodimer-1,cell membrane integrity,Y,N,N,1.83,3.66,0.273224044,2,159.6,3,3.0,-1243.5544,408.48,633.93,10.715248,-10.715,-4.819,128,1165.8436,2,7.767,2.948,10.23173151,5.896,52.909352,0.339213026,42.340473,1,1
1216,Fe2O3,PEI,145.8,6.1e-07,17.7,SHSY5Y,H,Human,Epithelial,Bone Marrow,120,Live/Dead,Calcein AM  Ethidium homodimer-1,cell membrane integrity,Y,N,N,1.83,3.66,0.273224044,2,159.6,3,3.0,-1243.5544,408.48,633.93,10.715248,-10.715,-4.819,128,1165.8436,2,7.767,2.948,10.23173151,5.896,52.909352,0.339213026,32.684353,1,1
1217,Fe2O3,PEI,145.8,1.22e-06,17.7,SHSY5Y,H,Human,Epithelial,Bone Marrow,120,Live/Dead,Calcein AM  Ethidium homodimer-1,cell membrane integrity,Y,N,N,1.83,3.66,0.273224044,2,159.6,3,3.0,-1243.5544,408.48,633.93,10.715248,-10.715,-4.819,128,1165.8436,2,7.767,2.948,10.23173151,5.896,52.909352,0.339213026,24.09774,1,1
1218,Fe2O3,PEI,145.8,2.44e-06,17.7,SHSY5Y,H,Human,Epithelial,Bone Marrow,120,Live/Dead,Calcein AM  Ethidium homodimer-1,cell membrane integrity,Y,N,N,1.83,3.66,0.273224044,2,159.6,3,3.0,-1243.5544,408.48,633.93,10.715248,-10.715,-4.819,128,1165.8436,2,7.767,2.948,10.23173151,5.896,52.909352,0.339213026,20.32609,1,1
1219,Fe2O3,PEI,145.8,4.88e-06,17.7,SHSY5Y,H,Human,Epithelial,Bone Marrow,120,Live/Dead,Calcein AM  Ethidium homodimer-1,cell membrane integrity,Y,N,N,1.83,3.66,0.273224044,2,159.6,3,3.0,-1243.5544,408.48,633.93,10.715248,-10.715,-4.819,128,1165.8436,2,7.767,2.948,10.23173151,5.896,52.909352,0.339213026,10.665605,1,1
1220,Fe2O3,PEI,145.8,3.05e-07,17.7,SHSY5Y,H,Human,Epithelial,Bone Marrow,168,Live/Dead,Calcein AM  Ethidium homodimer-1,cell membrane integrity,Y,N,N,1.83,3.66,0.273224044,2,159.6,3,3.0,-1243.5544,408.48,633.93,10.715248,-10.715,-4.819,128,1165.8436,2,7.767,2.948,10.23173151,5.896,52.909352,0.339213026,38.93333,1,1
1221,Fe2O3,PEI,145.8,6.1e-07,17.7,SHSY5Y,H,Human,Epithelial,Bone Marrow,168,Live/Dead,Calcein AM  Ethidium homodimer-1,cell membrane integrity,Y,N,N,1.83,3.66,0.273224044,2,159.6,3,3.0,-1243.5544,408.48,633.93,10.715248,-10.715,-4.819,128,1165.8436,2,7.767,2.948,10.23173151,5.896,52.909352,0.339213026,27.670767,1,1
1222,Fe2O3,PEI,145.8,1.22e-06,17.7,SHSY5Y,H,Human,Epithelial,Bone Marrow,168,Live/Dead,Calcein AM  Ethidium homodimer-1,cell membrane integrity,Y,N,N,1.83,3.66,0.273224044,2,159.6,3,3.0,-1243.5544,408.48,633.93,10.715248,-10.715,-4.819,128,1165.8436,2,7.767,2.948,10.23173151,5.896,52.909352,0.339213026,19.618906,1,1
1223,Fe2O3,PEI,145.8,2.44e-06,17.7,SHSY5Y,H,Human,Epithelial,Bone Marrow,168,Live/Dead,Calcein AM  Ethidium homodimer-1,cell membrane integrity,Y,N,N,1.83,3.66,0.273224044,2,159.6,3,3.0,-1243.5544,408.48,633.93,10.715248,-10.715,-4.819,128,1165.8436,2,7.767,2.948,10.23173151,5.896,52.909352,0.339213026,14.238631,1,1
1224,Fe2O3,PEI,145.8,4.88e-06,17.7,SHSY5Y,H,Human,Epithelial,Bone Marrow,168,Live/Dead,Calcein AM  Ethidium homodimer-1,cell membrane integrity,Y,N,N,1.83,3.66,0.273224044,2,159.6,3,3.0,-1243.5544,408.48,633.93,10.715248,-10.715,-4.819,128,1165.8436,2,7.767,2.948,10.23173151,5.896,52.909352,0.339213026,0.8414183,1,1
1225,Fe2O3,PEI,145.8,3.05e-07,17.7,RAW264.7,A,Mouse,Monocyte/Macrophage,Blood,24,Live/Dead,Calcein AM  Ethidium homodimer-1,cell membrane integrity,Y,N,N,1.83,3.66,0.273224044,2,159.6,3,3.0,-1243.5544,408.48,633.93,10.715248,-10.715,-4.819,128,1165.8436,2,7.767,2.948,10.23173151,5.896,52.909352,0.339213026,98.2479,2,0
1226,Fe2O3,PEI,145.8,6.1e-07,17.7,RAW264.7,A,Mouse,Monocyte/Macrophage,Blood,24,Live/Dead,Calcein AM  Ethidium homodimer-1,cell membrane integrity,Y,N,N,1.83,3.66,0.273224044,2,159.6,3,3.0,-1243.5544,408.48,633.93,10.715248,-10.715,-4.819,128,1165.8436,2,7.767,2.948,10.23173151,5.896,52.909352,0.339213026,98.80087,2,0
1227,Fe2O3,PEI,145.8,1.22e-06,17.7,RAW264.7,A,Mouse,Monocyte/Macrophage,Blood,24,Live/Dead,Calcein AM  Ethidium homodimer-1,cell membrane integrity,Y,N,N,1.83,3.66,0.273224044,2,159.6,3,3.0,-1243.5544,408.48,633.93,10.715248,-10.715,-4.819,128,1165.8436,2,7.767,2.948,10.23173151,5.896,52.909352,0.339213026,81.53774,2,0
1228,Fe2O3,PEI,145.8,2.44e-06,17.7,RAW264.7,A,Mouse,Monocyte/Macrophage,Blood,24,Live/Dead,Calcein AM  Ethidium homodimer-1,cell membrane integrity,Y,N,N,1.83,3.66,0.273224044,2,159.6,3,3.0,-1243.5544,408.48,633.93,10.715248,-10.715,-4.819,128,1165.8436,2,7.767,2.948,10.23173151,5.896,52.909352,0.339213026,90.13358,2,0
1229,Fe2O3,PEI,145.8,4.88e-06,17.7,RAW264.7,A,Mouse,Monocyte/Macrophage,Blood,24,Live/Dead,Calcein AM  Ethidium homodimer-1,cell membrane integrity,Y,N,N,1.83,3.66,0.273224044,2,159.6,3,3.0,-1243.5544,408.48,633.93,10.715248,-10.715,-4.819,128,1165.8436,2,7.767,2.948,10.23173151,5.896,52.909352,0.339213026,82.64213,2,0
1230,Fe2O3,PEI,145.8,3.05e-07,17.7,RAW264.7,A,Mouse,Monocyte/Macrophage,Blood,72,Live/Dead,Calcein AM  Ethidium homodimer-1,cell membrane integrity,Y,N,N,1.83,3.66,0.273224044,2,159.6,3,3.0,-1243.5544,408.48,633.93,10.715248,-10.715,-4.819,128,1165.8436,2,7.767,2.948,10.23173151,5.896,52.909352,0.339213026,96.38087,2,0
1231,Fe2O3,PEI,145.8,6.1e-07,17.7,RAW264.7,A,Mouse,Monocyte/Macrophage,Blood,72,Live/Dead,Calcein AM  Ethidium homodimer-1,cell membrane integrity,Y,N,N,1.83,3.66,0.273224044,2,159.6,3,3.0,-1243.5544,408.48,633.93,10.715248,-10.715,-4.819,128,1165.8436,2,7.767,2.948,10.23173151,5.896,52.909352,0.339213026,84.86487,2,0
1232,Fe2O3,PEI,145.8,1.22e-06,17.7,RAW264.7,A,Mouse,Monocyte/Macrophage,Blood,72,Live/Dead,Calcein AM  Ethidium homodimer-1,cell membrane integrity,Y,N,N,1.83,3.66,0.273224044,2,159.6,3,3.0,-1243.5544,408.48,633.93,10.715248,-10.715,-4.819,128,1165.8436,2,7.767,2.948,10.23173151,5.896,52.909352,0.339213026,76.22088,2,0
1233,Fe2O3,PEI,145.8,2.44e-06,17.7,RAW264.7,A,Mouse,Monocyte/Macrophage,Blood,72,Live/Dead,Calcein AM  Ethidium homodimer-1,cell membrane integrity,Y,N,N,1.83,3.66,0.273224044,2,159.6,3,3.0,-1243.5544,408.48,633.93,10.715248,-10.715,-4.819,128,1165.8436,2,7.767,2.948,10.23173151,5.896,52.909352,0.339213026,75.62442,2,0
1234,Fe2O3,PEI,145.8,4.88e-06,17.7,RAW264.7,A,Mouse,Monocyte/Macrophage,Blood,72,Live/Dead,Calcein AM  Ethidium homodimer-1,cell membrane integrity,Y,N,N,1.83,3.66,0.273224044,2,159.6,3,3.0,-1243.5544,408.48,633.93,10.715248,-10.715,-4.819,128,1165.8436,2,7.767,2.948,10.23173151,5.896,52.909352,0.339213026,67.556694,2,0
1235,Fe2O3,PEI,145.8,3.05e-07,17.7,RAW264.7,A,Mouse,Monocyte/Macrophage,Blood,120,Live/Dead,Calcein AM  Ethidium homodimer-1,cell membrane integrity,Y,N,N,1.83,3.66,0.273224044,2,159.6,3,3.0,-1243.5544,408.48,633.93,10.715248,-10.715,-4.819,128,1165.8436,2,7.767,2.948,10.23173151,5.896,52.909352,0.339213026,92.78658,2,0
1236,Fe2O3,PEI,145.8,6.1e-07,17.7,RAW264.7,A,Mouse,Monocyte/Macrophage,Blood,120,Live/Dead,Calcein AM  Ethidium homodimer-1,cell membrane integrity,Y,N,N,1.83,3.66,0.273224044,2,159.6,3,3.0,-1243.5544,408.48,633.93,10.715248,-10.715,-4.819,128,1165.8436,2,7.767,2.948,10.23173151,5.896,52.909352,0.339213026,82.42156,2,0
1237,Fe2O3,PEI,145.8,1.22e-06,17.7,RAW264.7,A,Mouse,Monocyte/Macrophage,Blood,120,Live/Dead,Calcein AM  Ethidium homodimer-1,cell membrane integrity,Y,N,N,1.83,3.66,0.273224044,2,159.6,3,3.0,-1243.5544,408.48,633.93,10.715248,-10.715,-4.819,128,1165.8436,2,7.767,2.948,10.23173151,5.896,52.909352,0.339213026,77.225845,2,0
1238,Fe2O3,PEI,145.8,2.44e-06,17.7,RAW264.7,A,Mouse,Monocyte/Macrophage,Blood,120,Live/Dead,Calcein AM  Ethidium homodimer-1,cell membrane integrity,Y,N,N,1.83,3.66,0.273224044,2,159.6,3,3.0,-1243.5544,408.48,633.93,10.715248,-10.715,-4.819,128,1165.8436,2,7.767,2.948,10.23173151,5.896,52.909352,0.339213026,62.261574,2,0
1239,Fe2O3,PEI,145.8,4.88e-06,17.7,RAW264.7,A,Mouse,Monocyte/Macrophage,Blood,120,Live/Dead,Calcein AM  Ethidium homodimer-1,cell membrane integrity,Y,N,N,1.83,3.66,0.273224044,2,159.6,3,3.0,-1243.5544,408.48,633.93,10.715248,-10.715,-4.819,128,1165.8436,2,7.767,2.948,10.23173151,5.896,52.909352,0.339213026,63.3877,2,0
1240,Fe2O3,PEI,145.8,3.05e-07,17.7,RAW264.7,A,Mouse,Monocyte/Macrophage,Blood,168,Live/Dead,Calcein AM  Ethidium homodimer-1,cell membrane integrity,Y,N,N,1.83,3.66,0.273224044,2,159.6,3,3.0,-1243.5544,408.48,633.93,10.715248,-10.715,-4.819,128,1165.8436,2,7.767,2.948,10.23173151,5.896,52.909352,0.339213026,74.254425,2,0
1241,Fe2O3,PEI,145.8,6.1e-07,17.7,RAW264.7,A,Mouse,Monocyte/Macrophage,Blood,168,Live/Dead,Calcein AM  Ethidium homodimer-1,cell membrane integrity,Y,N,N,1.83,3.66,0.273224044,2,159.6,3,3.0,-1243.5544,408.48,633.93,10.715248,-10.715,-4.819,128,1165.8436,2,7.767,2.948,10.23173151,5.896,52.909352,0.339213026,68.484,2,0
1242,Fe2O3,PEI,145.8,1.22e-06,17.7,RAW264.7,A,Mouse,Monocyte/Macrophage,Blood,168,Live/Dead,Calcein AM  Ethidium homodimer-1,cell membrane integrity,Y,N,N,1.83,3.66,0.64516129,2,159.6,3,3.0,-77.49302,435.09,733.47,10.555741,-9.069,-4.76,108,1267.8136,2,6.9145,2.1545,11.09545376,4.309,361.025102,0.464144813,59.84001,2,0
1243,Fe2O3,PEI,145.8,2.44e-06,17.7,RAW264.7,A,Mouse,Monocyte/Macrophage,Blood,168,Live/Dead,Calcein AM  Ethidium homodimer-1,cell membrane integrity,Y,N,N,1.83,3.66,0.64516129,2,159.6,3,3.0,-77.49302,435.09,733.47,10.555741,-9.069,-4.76,108,1267.8136,2,6.9145,2.1545,11.09545376,4.309,361.025102,0.464144813,46.02516,1,1
1244,Fe2O3,PEI,145.8,4.88e-06,17.7,RAW264.7,A,Mouse,Monocyte/Macrophage,Blood,168,Live/Dead,Calcein AM  Ethidium homodimer-1,cell membrane integrity,Y,N,N,1.83,3.66,0.64516129,2,159.6,3,3.0,-77.49302,435.09,733.47,10.555741,-9.069,-4.76,108,1267.8136,2,6.9145,2.1545,11.09545376,4.309,361.025102,0.464144813,39.68158,1,1
1245,Fe2O3,PEI,145.8,3.05e-07,17.7,SHSY5Y,H,Human,Epithelial,Bone Marrow,1,LDH,LDH activity assay kit,LDH leakage,Y,N,N,1.83,3.66,0.273224044,2,159.6,3,3.0,-1243.5544,408.48,633.93,10.715248,-10.715,-4.819,128,1165.8436,2,7.767,2.948,10.23173151,5.896,52.909352,0.339213026,88.389831,2,0
1246,Fe2O3,PEI,145.8,6.1e-07,17.7,SHSY5Y,H,Human,Epithelial,Bone Marrow,1,LDH,LDH activity assay kit,LDH leakage,Y,N,N,1.83,3.66,0.273224044,2,159.6,3,3.0,-1243.5544,408.48,633.93,10.715248,-10.715,-4.819,128,1165.8436,2,7.767,2.948,10.23173151,5.896,52.909352,0.339213026,88.389831,2,0
1247,Fe2O3,PEI,145.8,1.22e-06,17.7,SHSY5Y,H,Human,Epithelial,Bone Marrow,1,LDH,LDH activity assay kit,LDH leakage,Y,N,N,1.83,3.66,0.273224044,2,159.6,3,3.0,-1243.5544,408.48,633.93,10.715248,-10.715,-4.819,128,1165.8436,2,7.767,2.948,10.23173151,5.896,52.909352,0.339213026,88.389831,2,0
1248,Fe2O3,PEI,145.8,2.44e-06,17.7,SHSY5Y,H,Human,Epithelial,Bone Marrow,1,LDH,LDH activity assay kit,LDH leakage,Y,N,N,1.83,3.66,0.273224044,2,159.6,3,3.0,-1243.5544,408.48,633.93,10.715248,-10.715,-4.819,128,1165.8436,2,7.767,2.948,10.23173151,5.896,52.909352,0.339213026,88.389831,2,0
1249,Fe2O3,PEI,145.8,4.88e-06,17.7,SHSY5Y,H,Human,Epithelial,Bone Marrow,1,LDH,LDH activity assay kit,LDH leakage,Y,N,N,1.83,3.66,0.273224044,2,159.6,3,3.0,-1243.5544,408.48,633.93,10.715248,-10.715,-4.819,128,1165.8436,2,7.767,2.948,10.23173151,5.896,52.909352,0.339213026,87.118644,2,0
1250,Fe2O3,PEI,145.8,3.05e-07,17.7,SHSY5Y,H,Human,Epithelial,Bone Marrow,4,LDH,LDH activity assay kit,LDH leakage,Y,N,N,1.83,3.66,0.273224044,2,159.6,3,3.0,-1243.5544,408.48,633.93,10.715248,-10.715,-4.819,128,1165.8436,2,7.767,2.948,10.23173151,5.896,52.909352,0.339213026,75.254238,2,0
1251,Fe2O3,PEI,145.8,6.1e-07,17.7,SHSY5Y,H,Human,Epithelial,Bone Marrow,4,LDH,LDH activity assay kit,LDH leakage,Y,N,N,1.83,3.66,0.273224044,2,159.6,3,3.0,-1243.5544,408.48,633.93,10.715248,-10.715,-4.819,128,1165.8436,2,7.767,2.948,10.23173151,5.896,52.909352,0.339213026,76.949152,2,0
1252,Fe2O3,PEI,145.8,1.22e-06,17.7,SHSY5Y,H,Human,Epithelial,Bone Marrow,4,LDH,LDH activity assay kit,LDH leakage,Y,N,N,1.83,3.66,0.273224044,2,159.6,3,3.0,-1243.5544,408.48,633.93,10.715248,-10.715,-4.819,128,1165.8436,2,7.767,2.948,10.23173151,5.896,52.909352,0.339213026,78.220339,2,0
1253,Fe2O3,PEI,145.8,2.44e-06,17.7,SHSY5Y,H,Human,Epithelial,Bone Marrow,4,LDH,LDH activity assay kit,LDH leakage,Y,N,N,1.83,3.66,0.273224044,2,159.6,3,3.0,-1243.5544,408.48,633.93,10.715248,-10.715,-4.819,128,1165.8436,2,7.767,2.948,10.23173151,5.896,52.909352,0.339213026,77.79661,2,0
1254,Fe2O3,PEI,145.8,4.88e-06,17.7,SHSY5Y,H,Human,Epithelial,Bone Marrow,4,LDH,LDH activity assay kit,LDH leakage,Y,N,N,1.83,3.66,0.273224044,2,159.6,3,3.0,-1243.5544,408.48,633.93,10.715248,-10.715,-4.819,128,1165.8436,2,7.767,2.948,10.23173151,5.896,52.909352,0.339213026,75.677965,2,0
1255,Fe2O3,PEI,145.8,3.05e-07,17.7,SHSY5Y,H,Human,Epithelial,Bone Marrow,24,LDH,LDH activity assay kit,LDH leakage,Y,N,N,1.83,3.66,0.273224044,2,159.6,3,3.0,-1243.5544,408.48,633.93,10.715248,-10.715,-4.819,128,1165.8436,2,7.767,2.948,10.23173151,5.896,52.909352,0.339213026,66.77966,2,0
1256,Fe2O3,PEI,145.8,6.1e-07,17.7,SHSY5Y,H,Human,Epithelial,Bone Marrow,24,LDH,LDH activity assay kit,LDH leakage,Y,N,N,1.83,3.66,0.273224044,2,159.6,3,3.0,-1243.5544,408.48,633.93,10.715248,-10.715,-4.819,128,1165.8436,2,7.767,2.948,10.23173151,5.896,52.909352,0.339213026,65.932205,2,0
1257,Fe2O3,PEI,145.8,1.22e-06,17.7,SHSY5Y,H,Human,Epithelial,Bone Marrow,24,LDH,LDH activity assay kit,LDH leakage,Y,N,N,1.83,3.66,0.273224044,2,159.6,3,3.0,-1243.5544,408.48,633.93,10.715248,-10.715,-4.819,128,1165.8436,2,7.767,2.948,10.23173151,5.896,52.909352,0.339213026,65.932205,2,0
1258,Fe2O3,PEI,145.8,2.44e-06,17.7,SHSY5Y,H,Human,Epithelial,Bone Marrow,24,LDH,LDH activity assay kit,LDH leakage,Y,N,N,1.83,3.66,0.273224044,2,159.6,3,3.0,-1243.5544,408.48,633.93,10.715248,-10.715,-4.819,128,1165.8436,2,7.767,2.948,10.23173151,5.896,52.909352,0.339213026,64.23729,2,0
1259,Fe2O3,PEI,145.8,4.88e-06,17.7,SHSY5Y,H,Human,Epithelial,Bone Marrow,24,LDH,LDH activity assay kit,LDH leakage,Y,N,N,1.83,3.66,0.273224044,2,159.6,3,3.0,-1243.5544,408.48,633.93,10.715248,-10.715,-4.819,128,1165.8436,2,7.767,2.948,10.23173151,5.896,52.909352,0.339213026,57.457626,2,0
1260,Fe2O3,PEI,145.8,3.05e-07,17.7,SHSY5Y,H,Human,Epithelial,Bone Marrow,72,LDH,LDH activity assay kit,LDH leakage,Y,N,N,1.83,3.66,0.273224044,2,159.6,3,3.0,-1243.5544,408.48,633.93,10.715248,-10.715,-4.819,128,1165.8436,2,7.767,2.948,10.23173151,5.896,52.909352,0.339213026,53.64407,2,0
1261,Fe2O3,PEI,145.8,6.1e-07,17.7,SHSY5Y,H,Human,Epithelial,Bone Marrow,72,LDH,LDH activity assay kit,LDH leakage,Y,N,N,1.83,3.66,0.273224044,2,159.6,3,3.0,-1243.5544,408.48,633.93,10.715248,-10.715,-4.819,128,1165.8436,2,7.767,2.948,10.23173151,5.896,52.909352,0.339213026,48.559322,1,1
1262,Fe2O3,PEI,145.8,1.22e-06,17.7,SHSY5Y,H,Human,Epithelial,Bone Marrow,72,LDH,LDH activity assay kit,LDH leakage,Y,N,N,1.83,3.66,0.273224044,2,159.6,3,3.0,-1243.5544,408.48,633.93,10.715248,-10.715,-4.819,128,1165.8436,2,7.767,2.948,10.23173151,5.896,52.909352,0.339213026,49.74576,1,1
1263,Fe2O3,PEI,145.8,2.44e-06,17.7,SHSY5Y,H,Human,Epithelial,Bone Marrow,72,LDH,LDH activity assay kit,LDH leakage,Y,N,N,1.83,3.66,0.273224044,2,159.6,3,3.0,-1243.5544,408.48,633.93,10.715248,-10.715,-4.819,128,1165.8436,2,7.767,2.948,10.23173151,5.896,52.909352,0.339213026,49.83051,1,1
1264,Fe2O3,PEI,145.8,4.88e-06,17.7,SHSY5Y,H,Human,Epithelial,Bone Marrow,72,LDH,LDH activity assay kit,LDH leakage,Y,N,N,1.83,3.66,0.273224044,2,159.6,3,3.0,-1243.5544,408.48,633.93,10.715248,-10.715,-4.819,128,1165.8436,2,7.767,2.948,10.23173151,5.896,52.909352,0.339213026,47.288136,1,1
1265,Fe2O3,PEI,145.8,3.05e-07,17.7,RAW264.7,A,Mouse,Monocyte/Macrophage,Blood,1,LDH,LDH activity assay kit,LDH leakage,Y,N,N,1.83,3.66,0.273224044,2,159.6,3,3.0,-1243.5544,408.48,633.93,10.715248,-10.715,-4.819,128,1165.8436,2,7.767,2.948,10.23173151,5.896,52.909352,0.339213026,95.4700856,2,0
1266,Fe2O3,PEI,145.8,6.1e-07,17.7,RAW264.7,A,Mouse,Monocyte/Macrophage,Blood,1,LDH,LDH activity assay kit,LDH leakage,Y,N,N,1.83,3.66,0.273224044,2,159.6,3,3.0,-1243.5544,408.48,633.93,10.715248,-10.715,-4.819,128,1165.8436,2,7.767,2.948,10.23173151,5.896,52.909352,0.339213026,95.042735,2,0
1267,Fe2O3,PEI,145.8,1.22e-06,17.7,RAW264.7,A,Mouse,Monocyte/Macrophage,Blood,1,LDH,LDH activity assay kit,LDH leakage,Y,N,N,1.83,3.66,0.273224044,2,159.6,3,3.0,-1243.5544,408.48,633.93,10.715248,-10.715,-4.819,128,1165.8436,2,7.767,2.948,10.23173151,5.896,52.909352,0.339213026,95.042735,2,0
1268,Fe2O3,PEI,145.8,2.44e-06,17.7,RAW264.7,A,Mouse,Monocyte/Macrophage,Blood,1,LDH,LDH activity assay kit,LDH leakage,Y,N,N,1.83,3.66,0.273224044,2,159.6,3,3.0,-1243.5544,408.48,633.93,10.715248,-10.715,-4.819,128,1165.8436,2,7.767,2.948,10.23173151,5.896,52.909352,0.339213026,94.188034,2,0
1269,Fe2O3,PEI,145.8,4.88e-06,17.7,RAW264.7,A,Mouse,Monocyte/Macrophage,Blood,1,LDH,LDH activity assay kit,LDH leakage,Y,N,N,1.83,3.66,0.273224044,2,159.6,3,3.0,-1243.5544,408.48,633.93,10.715248,-10.715,-4.819,128,1165.8436,2,7.767,2.948,10.23173151,5.896,52.909352,0.339213026,94.188034,2,0
1270,Fe2O3,PEI,145.8,3.05e-07,17.7,RAW264.7,A,Mouse,Monocyte/Macrophage,Blood,4,LDH,LDH activity assay kit,LDH leakage,Y,N,N,1.83,3.66,0.273224044,2,159.6,3,3.0,-1243.5544,408.48,633.93,10.715248,-10.715,-4.819,128,1165.8436,2,7.767,2.948,10.23173151,5.896,52.909352,0.339213026,93.7606835,2,0
1271,Fe2O3,PEI,145.8,6.1e-07,17.7,RAW264.7,A,Mouse,Monocyte/Macrophage,Blood,4,LDH,LDH activity assay kit,LDH leakage,Y,N,N,1.83,3.66,0.273224044,2,159.6,3,3.0,-1243.5544,408.48,633.93,10.715248,-10.715,-4.819,128,1165.8436,2,7.767,2.948,10.23173151,5.896,52.909352,0.339213026,95.042735,2,0
1272,Fe2O3,PEI,145.8,1.22e-06,17.7,RAW264.7,A,Mouse,Monocyte/Macrophage,Blood,4,LDH,LDH activity assay kit,LDH leakage,Y,N,N,1.83,3.66,0.273224044,2,159.6,3,3.0,-1243.5544,408.48,633.93,10.715248,-10.715,-4.819,128,1165.8436,2,7.767,2.948,10.23173151,5.896,52.909352,0.339213026,95.4700856,2,0
1273,Fe2O3,PEI,145.8,2.44e-06,17.7,RAW264.7,A,Mouse,Monocyte/Macrophage,Blood,4,LDH,LDH activity assay kit,LDH leakage,Y,N,N,1.83,3.66,0.273224044,2,159.6,3,3.0,-1243.5544,408.48,633.93,10.715248,-10.715,-4.819,128,1165.8436,2,7.767,2.948,10.23173151,5.896,52.909352,0.339213026,95.042735,2,0
1274,Fe2O3,PEI,145.8,4.88e-06,17.7,RAW264.7,A,Mouse,Monocyte/Macrophage,Blood,4,LDH,LDH activity assay kit,LDH leakage,Y,N,N,1.83,3.66,0.273224044,2,159.6,3,3.0,-1243.5544,408.48,633.93,10.715248,-10.715,-4.819,128,1165.8436,2,7.767,2.948,10.23173151,5.896,52.909352,0.339213026,94.188034,2,0
1275,Fe2O3,PEI,145.8,3.05e-07,17.7,RAW264.7,A,Mouse,Monocyte/Macrophage,Blood,24,LDH,LDH activity assay kit,LDH leakage,Y,N,N,1.83,3.66,0.273224044,2,159.6,3,3.0,-1243.5544,408.48,633.93,10.715248,-10.715,-4.819,128,1165.8436,2,7.767,2.948,10.23173151,5.896,52.909352,0.339213026,93.7606835,2,0
1276,Fe2O3,PEI,145.8,6.1e-07,17.7,RAW264.7,A,Mouse,Monocyte/Macrophage,Blood,24,LDH,LDH activity assay kit,LDH leakage,Y,N,N,1.83,3.66,0.273224044,2,159.6,3,3.0,-1243.5544,408.48,633.93,10.715248,-10.715,-4.819,128,1165.8436,2,7.767,2.948,10.23173151,5.896,52.909352,0.339213026,94.188034,2,0
1277,Fe2O3,PEI,145.8,1.22e-06,17.7,RAW264.7,A,Mouse,Monocyte/Macrophage,Blood,24,LDH,LDH activity assay kit,LDH leakage,Y,N,N,1.83,3.66,0.273224044,2,159.6,3,3.0,-1243.5544,408.48,633.93,10.715248,-10.715,-4.819,128,1165.8436,2,7.767,2.948,10.23173151,5.896,52.909352,0.339213026,94.188034,2,0
1278,Fe2O3,PEI,145.8,2.44e-06,17.7,RAW264.7,A,Mouse,Monocyte/Macrophage,Blood,24,LDH,LDH activity assay kit,LDH leakage,Y,N,N,1.83,3.66,0.273224044,2,159.6,3,3.0,-1243.5544,408.48,633.93,10.715248,-10.715,-4.819,128,1165.8436,2,7.767,2.948,10.23173151,5.896,52.909352,0.339213026,94.188034,2,0
1279,Fe2O3,PEI,145.8,4.88e-06,17.7,RAW264.7,A,Mouse,Monocyte/Macrophage,Blood,24,LDH,LDH activity assay kit,LDH leakage,Y,N,N,1.83,3.66,0.273224044,2,159.6,3,3.0,-1243.5544,408.48,633.93,10.715248,-10.715,-4.819,128,1165.8436,2,7.767,2.948,10.23173151,5.896,52.909352,0.339213026,94.6153846,2,0
1280,Fe2O3,PEI,145.8,3.05e-07,17.7,RAW264.7,A,Mouse,Monocyte/Macrophage,Blood,72,LDH,LDH activity assay kit,LDH leakage,Y,N,N,1.83,3.66,0.273224044,2,159.6,3,3.0,-1243.5544,408.48,633.93,10.715248,-10.715,-4.819,128,1165.8436,2,7.767,2.948,10.23173151,5.896,52.909352,0.339213026,93.7606835,2,0
1281,Fe2O3,PEI,145.8,6.1e-07,17.7,RAW264.7,A,Mouse,Monocyte/Macrophage,Blood,72,LDH,LDH activity assay kit,LDH leakage,Y,N,N,1.83,3.66,0.273224044,2,159.6,3,3.0,-1243.5544,408.48,633.93,10.715248,-10.715,-4.819,128,1165.8436,2,7.767,2.948,10.23173151,5.896,52.909352,0.339213026,93.7606835,2,0
1282,Fe2O3,PEI,145.8,1.22e-06,17.7,RAW264.7,A,Mouse,Monocyte/Macrophage,Blood,72,LDH,LDH activity assay kit,LDH leakage,Y,N,N,1.83,3.66,0.273224044,2,159.6,3,3.0,-1243.5544,408.48,633.93,10.715248,-10.715,-4.819,128,1165.8436,2,7.767,2.948,10.23173151,5.896,52.909352,0.339213026,93.7606835,2,0
1283,Fe2O3,PEI,145.8,2.44e-06,17.7,RAW264.7,A,Mouse,Monocyte/Macrophage,Blood,72,LDH,LDH activity assay kit,LDH leakage,Y,N,N,1.83,3.66,0.273224044,2,159.6,3,3.0,-1243.5544,408.48,633.93,10.715248,-10.715,-4.819,128,1165.8436,2,7.767,2.948,10.23173151,5.896,52.909352,0.339213026,92.4786325,2,0
1284,Fe2O3,PEI,145.8,4.88e-06,17.7,RAW264.7,A,Mouse,Monocyte/Macrophage,Blood,72,LDH,LDH activity assay kit,LDH leakage,Y,N,N,1.83,3.66,0.273224044,2,159.6,3,3.0,-1243.5544,408.48,633.93,10.715248,-10.715,-4.819,128,1165.8436,2,7.767,2.948,10.23173151,5.896,52.909352,0.339213026,92.4786325,2,0
1285,Fe2O3,PEG to the PEI,361.4,2e-08,12.1,SHSY5Y,H,Human,Epithelial,Bone Marrow,72,MTS,Tetrazolium Salt,cell metabolic activity,Y,N,N,1.83,3.66,0.273224044,2,159.6,3,3.0,-1243.5544,408.48,633.93,10.715248,-10.715,-4.819,128,1165.8436,2,7.767,2.948,10.23173151,5.896,52.909352,0.339213026,95.91124,2,0
1286,Fe2O3,PEG to the PEI,361.4,4.01e-08,12.1,SHSY5Y,H,Human,Epithelial,Bone Marrow,72,MTS,Tetrazolium Salt,cell metabolic activity,Y,N,N,1.83,3.66,0.273224044,2,159.6,3,3.0,-1243.5544,408.48,633.93,10.715248,-10.715,-4.819,128,1165.8436,2,7.767,2.948,10.23173151,5.896,52.909352,0.339213026,101.437775,2,0
1287,Fe2O3,PEG to the PEI,361.4,8.01e-08,12.1,SHSY5Y,H,Human,Epithelial,Bone Marrow,72,MTS,Tetrazolium Salt,cell metabolic activity,Y,N,N,1.83,3.66,0.273224044,2,159.6,3,3.0,-1243.5544,408.48,633.93,10.715248,-10.715,-4.819,128,1165.8436,2,7.767,2.948,10.23173151,5.896,52.909352,0.339213026,114.38183,2,0
1288,Fe2O3,PEG to the PEI,361.4,1.6e-07,12.1,SHSY5Y,H,Human,Epithelial,Bone Marrow,72,MTS,Tetrazolium Salt,cell metabolic activity,Y,N,N,1.83,3.66,0.273224044,2,159.6,3,3.0,-1243.5544,408.48,633.93,10.715248,-10.715,-4.819,128,1165.8436,2,7.767,2.948,10.23173151,5.896,52.909352,0.339213026,162.86815,2,0
1289,Fe2O3,PEG to the PEI,361.4,3.21e-07,12.1,SHSY5Y,H,Human,Epithelial,Bone Marrow,72,MTS,Tetrazolium Salt,cell metabolic activity,Y,N,N,1.83,3.66,0.273224044,2,159.6,3,3.0,-1243.5544,408.48,633.93,10.715248,-10.715,-4.819,128,1165.8436,2,7.767,2.948,10.23173151,5.896,52.909352,0.339213026,163.80347,2,0
1290,Fe2O3,PEG to the PEI,361.4,2e-08,12.1,SHSY5Y,H,Human,Epithelial,Bone Marrow,72,CellTiter Blue,Alamar Blue,cell metabolic activity,Y,N,N,1.83,3.66,0.273224044,2,159.6,3,3.0,-1243.5544,408.48,633.93,10.715248,-10.715,-4.819,128,1165.8436,2,7.767,2.948,10.23173151,5.896,52.909352,0.339213026,240.88625,2,0
1291,Fe2O3,PEG to the PEI,361.4,4.01e-08,12.1,SHSY5Y,H,Human,Epithelial,Bone Marrow,72,CellTiter Blue,Alamar Blue,cell metabolic activity,Y,N,N,1.83,3.66,0.273224044,2,159.6,3,3.0,-1243.5544,408.48,633.93,10.715248,-10.715,-4.819,128,1165.8436,2,7.767,2.948,10.23173151,5.896,52.909352,0.339213026,248.2997,2,0
1292,Fe2O3,PEG to the PEI,361.4,8.01e-08,12.1,SHSY5Y,H,Human,Epithelial,Bone Marrow,72,CellTiter Blue,Alamar Blue,cell metabolic activity,Y,N,N,1.83,3.66,0.273224044,2,159.6,3,3.0,-1243.5544,408.48,633.93,10.715248,-10.715,-4.819,128,1165.8436,2,7.767,2.948,10.23173151,5.896,52.909352,0.339213026,323.37766,2,0
1293,Fe2O3,PEG to the PEI,361.4,1.6e-07,12.1,SHSY5Y,H,Human,Epithelial,Bone Marrow,72,CellTiter Blue,Alamar Blue,cell metabolic activity,Y,N,N,1.83,3.66,0.273224044,2,159.6,3,3.0,-1243.5544,408.48,633.93,10.715248,-10.715,-4.819,128,1165.8436,2,7.767,2.948,10.23173151,5.896,52.909352,0.339213026,401.9854,2,0
1294,Fe2O3,PEG to the PEI,361.4,3.21e-07,12.1,SHSY5Y,H,Human,Epithelial,Bone Marrow,72,CellTiter Blue,Alamar Blue,cell metabolic activity,Y,N,N,1.83,3.66,0.273224044,2,159.6,3,3.0,-1243.5544,408.48,633.93,10.715248,-10.715,-4.819,128,1165.8436,2,7.767,2.948,10.23173151,5.896,52.909352,0.339213026,404.8117,2,0
1295,Fe2O3,PEG to the PEI,361.4,2e-08,12.1,SHSY5Y,H,Human,Epithelial,Bone Marrow,72,CellTiter Blue,Alamar Blue,cell metabolic activity,Y,N,N,1.83,3.66,0.273224044,2,159.6,3,3.0,-1243.5544,408.48,633.93,10.715248,-10.715,-4.819,128,1165.8436,2,7.767,2.948,10.23173151,5.896,52.909352,0.339213026,103.43855,2,0
1296,Fe2O3,PEG to the PEI,361.4,4.01e-08,12.1,SHSY5Y,H,Human,Epithelial,Bone Marrow,72,CellTiter Blue,Alamar Blue,cell metabolic activity,Y,N,N,1.83,3.66,0.273224044,2,159.6,3,3.0,-1243.5544,408.48,633.93,10.715248,-10.715,-4.819,128,1165.8436,2,7.767,2.948,10.23173151,5.896,52.909352,0.339213026,88.25786,2,0
1297,Fe2O3,PEG to the PEI,361.4,8.01e-08,12.1,SHSY5Y,H,Human,Epithelial,Bone Marrow,72,CellTiter Blue,Alamar Blue,cell metabolic activity,Y,N,N,1.83,3.66,0.273224044,2,159.6,3,3.0,-1243.5544,408.48,633.93,10.715248,-10.715,-4.819,128,1165.8436,2,7.767,2.948,10.23173151,5.896,52.909352,0.339213026,63.54501,2,0
1298,Fe2O3,PEG to the PEI,361.4,1.6e-07,12.1,SHSY5Y,H,Human,Epithelial,Bone Marrow,72,CellTiter Blue,Alamar Blue,cell metabolic activity,Y,N,N,1.83,3.66,0.273224044,2,159.6,3,3.0,-1243.5544,408.48,633.93,10.715248,-10.715,-4.819,128,1165.8436,2,7.767,2.948,10.23173151,5.896,52.909352,0.339213026,21.650686,1,1
1299,Fe2O3,PEG to the PEI,361.4,3.21e-07,12.1,SHSY5Y,H,Human,Epithelial,Bone Marrow,72,CellTiter Blue,Alamar Blue,cell metabolic activity,Y,N,N,1.83,3.66,0.273224044,2,159.6,3,3.0,-1243.5544,408.48,633.93,10.715248,-10.715,-4.819,128,1165.8436,2,7.767,2.948,10.23173151,5.896,52.909352,0.339213026,24.476988,1,1
1300,Fe2O3,PEG to the PEI,361.4,2e-08,12.1,RAW264.7,A,Mouse,Monocyte/Macrophage,Blood,72,MTS,Tetrazolium Salt,cell metabolic activity,Y,N,N,1.83,3.66,0.273224044,2,159.6,3,3.0,-1243.5544,408.48,633.93,10.715248,-10.715,-4.819,128,1165.8436,2,7.767,2.948,10.23173151,5.896,52.909352,0.339213026,100.04899,2,0
1301,Fe2O3,PEG to the PEI,361.4,4.01e-08,12.1,RAW264.7,A,Mouse,Monocyte/Macrophage,Blood,72,MTS,Tetrazolium Salt,cell metabolic activity,Y,N,N,1.83,3.66,0.273224044,2,159.6,3,3.0,-1243.5544,408.48,633.93,10.715248,-10.715,-4.819,128,1165.8436,2,7.767,2.948,10.23173151,5.896,52.909352,0.339213026,93.75041,2,0
1302,Fe2O3,PEG to the PEI,361.4,8.01e-08,12.1,RAW264.7,A,Mouse,Monocyte/Macrophage,Blood,72,MTS,Tetrazolium Salt,cell metabolic activity,Y,N,N,1.83,3.66,0.273224044,2,159.6,3,3.0,-1243.5544,408.48,633.93,10.715248,-10.715,-4.819,128,1165.8436,2,7.767,2.948,10.23173151,5.896,52.909352,0.339213026,85.119865,2,0
1303,Fe2O3,PEG to the PEI,361.4,1.6e-07,12.1,RAW264.7,A,Mouse,Monocyte/Macrophage,Blood,72,MTS,Tetrazolium Salt,cell metabolic activity,Y,N,N,1.83,3.66,0.273224044,2,159.6,3,3.0,-1243.5544,408.48,633.93,10.715248,-10.715,-4.819,128,1165.8436,2,7.767,2.948,10.23173151,5.896,52.909352,0.339213026,100.39683,2,0
1304,Fe2O3,PEG to the PEI,361.4,3.21e-07,12.1,RAW264.7,A,Mouse,Monocyte/Macrophage,Blood,72,MTS,Tetrazolium Salt,cell metabolic activity,Y,N,N,1.83,3.66,0.273224044,2,159.6,3,3.0,-1243.5544,408.48,633.93,10.715248,-10.715,-4.819,128,1165.8436,2,7.767,2.948,10.23173151,5.896,52.909352,0.339213026,129.36508,2,0
1305,Fe2O3,PEG to the PEI,361.4,2e-08,12.1,RAW264.7,A,Mouse,Monocyte/Macrophage,Blood,72,CellTiter Blue,Alamar Blue,cell metabolic activity,Y,N,N,1.83,3.66,0.273224044,2,159.6,3,3.0,-1243.5544,408.48,633.93,10.715248,-10.715,-4.819,128,1165.8436,2,7.767,2.948,10.23173151,5.896,52.909352,0.339213026,104.809265,2,0
1306,Fe2O3,PEG to the PEI,361.4,4.01e-08,12.1,RAW264.7,A,Mouse,Monocyte/Macrophage,Blood,72,CellTiter Blue,Alamar Blue,cell metabolic activity,Y,N,N,1.83,3.66,0.273224044,2,159.6,3,3.0,-1243.5544,408.48,633.93,10.715248,-10.715,-4.819,128,1165.8436,2,7.767,2.948,10.23173151,5.896,52.909352,0.339213026,110.41544,2,0
1307,Fe2O3,PEG to the PEI,361.4,8.01e-08,12.1,RAW264.7,A,Mouse,Monocyte/Macrophage,Blood,72,CellTiter Blue,Alamar Blue,cell metabolic activity,Y,N,N,1.83,3.66,0.273224044,2,159.6,3,3.0,-1243.5544,408.48,633.93,10.715248,-10.715,-4.819,128,1165.8436,2,7.767,2.948,10.23173151,5.896,52.909352,0.339213026,115.27696,2,0
1308,Fe2O3,PEG to the PEI,361.4,1.6e-07,12.1,RAW264.7,A,Mouse,Monocyte/Macrophage,Blood,72,CellTiter Blue,Alamar Blue,cell metabolic activity,Y,N,N,1.83,3.66,0.273224044,2,159.6,3,3.0,-1243.5544,408.48,633.93,10.715248,-10.715,-4.819,128,1165.8436,2,7.767,2.948,10.23173151,5.896,52.909352,0.339213026,108.333336,2,0
1309,Fe2O3,PEG to the PEI,361.4,3.21e-07,12.1,RAW264.7,A,Mouse,Monocyte/Macrophage,Blood,72,CellTiter Blue,Alamar Blue,cell metabolic activity,Y,N,N,1.83,3.66,0.273224044,2,159.6,3,3.0,-1243.5544,408.48,633.93,10.715248,-10.715,-4.819,128,1165.8436,2,7.767,2.948,10.23173151,5.896,52.909352,0.339213026,107.93651,2,0
1310,Fe2O3,PEG to the PEI,361.4,2e-08,12.1,RAW264.7,A,Mouse,Monocyte/Macrophage,Blood,72,CellTiter Blue,Alamar Blue,cell metabolic activity,Y,N,N,1.83,3.66,0.273224044,2,159.6,3,3.0,-1243.5544,408.48,633.93,10.715248,-10.715,-4.819,128,1165.8436,2,7.767,2.948,10.23173151,5.896,52.909352,0.339213026,96.080734,2,0
1311,Fe2O3,PEG to the PEI,361.4,4.01e-08,12.1,RAW264.7,A,Mouse,Monocyte/Macrophage,Blood,72,CellTiter Blue,Alamar Blue,cell metabolic activity,Y,N,N,1.83,3.66,0.273224044,2,159.6,3,3.0,-1243.5544,408.48,633.93,10.715248,-10.715,-4.819,128,1165.8436,2,7.767,2.948,10.23173151,5.896,52.909352,0.339213026,86.60592,2,0
1312,Fe2O3,PEG to the PEI,361.4,8.01e-08,12.1,RAW264.7,A,Mouse,Monocyte/Macrophage,Blood,72,CellTiter Blue,Alamar Blue,cell metabolic activity,Y,N,N,1.83,3.66,0.273224044,2,159.6,3,3.0,-1243.5544,408.48,633.93,10.715248,-10.715,-4.819,128,1165.8436,2,7.767,2.948,10.23173151,5.896,52.909352,0.339213026,75.59442,2,0
1313,Fe2O3,PEG to the PEI,361.4,1.6e-07,12.1,RAW264.7,A,Mouse,Monocyte/Macrophage,Blood,72,CellTiter Blue,Alamar Blue,cell metabolic activity,Y,N,N,1.83,3.66,0.273224044,2,159.6,3,3.0,-1243.5544,408.48,633.93,10.715248,-10.715,-4.819,128,1165.8436,2,7.767,2.948,10.23173151,5.896,52.909352,0.339213026,73.4127,2,0
1314,Fe2O3,PEG to the PEI,361.4,3.21e-07,12.1,RAW264.7,A,Mouse,Monocyte/Macrophage,Blood,72,CellTiter Blue,Alamar Blue,cell metabolic activity,Y,N,N,1.83,3.66,0.273224044,2,159.6,3,3.0,-1243.5544,408.48,633.93,10.715248,-10.715,-4.819,128,1165.8436,2,7.767,2.948,10.23173151,5.896,52.909352,0.339213026,73.809525,2,0
1315,Fe2O3,PEG to the PEI,361.4,2e-08,12.1,SHSY5Y,H,Human,Epithelial,Bone Marrow,24,Live/Dead,Calcein AM  Ethidium homodimer-1,cell membrane integrity,Y,N,N,1.83,3.66,0.64516129,2,159.6,3,3.0,-77.49302,435.09,733.47,10.555741,-9.069,-4.76,108,1267.8136,2,6.9145,2.1545,11.09545376,4.309,361.025102,0.464144813,95.480225,2,0
1316,Fe2O3,PEG to the PEI,361.4,4.01e-08,12.1,SHSY5Y,H,Human,Epithelial,Bone Marrow,24,Live/Dead,Calcein AM  Ethidium homodimer-1,cell membrane integrity,Y,N,N,1.83,3.66,0.64516129,2,159.6,3,3.0,-77.49302,435.09,733.47,10.555741,-9.069,-4.76,108,1267.8136,2,6.9145,2.1545,11.09545376,4.309,361.025102,0.464144813,64.40678,2,0
1317,Fe2O3,PEG to the PEI,361.4,8.01e-08,12.1,SHSY5Y,H,Human,Epithelial,Bone Marrow,24,Live/Dead,Calcein AM  Ethidium homodimer-1,cell membrane integrity,Y,N,N,1.83,3.66,0.64516129,2,159.6,3,3.0,-77.49302,435.09,733.47,10.555741,-9.069,-4.76,108,1267.8136,2,6.9145,2.1545,11.09545376,4.309,361.025102,0.464144813,57.062145,2,0
1318,Fe2O3,PEG to the PEI,361.4,1.6e-07,12.1,SHSY5Y,H,Human,Epithelial,Bone Marrow,24,Live/Dead,Calcein AM  Ethidium homodimer-1,cell membrane integrity,Y,N,N,1.83,3.66,0.649350649,2,159.6,3,3.0,1274.31384,543.4,1045.94,7.872196,-7.872,-5.899,44,1053.8,8,6.8855,0.9865,24.02945274,1.973,691.865878,1.013684744,56.497173,2,0
1319,Fe2O3,PEG to the PEI,361.4,3.21e-07,12.1,SHSY5Y,H,Human,Epithelial,Bone Marrow,24,Live/Dead,Calcein AM  Ethidium homodimer-1,cell membrane integrity,Y,N,N,1.83,3.66,0.649350649,2,159.6,3,3.0,1274.31384,543.4,1045.94,7.872196,-7.872,-5.899,44,1053.8,8,6.8855,0.9865,24.02945274,1.973,691.865878,1.013684744,55.932205,2,0
1320,Fe2O3,PEG to the PEI,361.4,2e-08,12.1,SHSY5Y,H,Human,Epithelial,Bone Marrow,72,Live/Dead,Calcein AM  Ethidium homodimer-1,cell membrane integrity,Y,N,N,1.83,3.66,0.649350649,2,159.6,3,3.0,1274.31384,543.4,1045.94,7.872196,-7.872,-5.899,44,1053.8,8,6.8855,0.9865,24.02945274,1.973,691.865878,1.013684744,61.01695,2,0
1321,Fe2O3,PEG to the PEI,361.4,4.01e-08,12.1,SHSY5Y,H,Human,Epithelial,Bone Marrow,72,Live/Dead,Calcein AM  Ethidium homodimer-1,cell membrane integrity,Y,N,N,1.83,3.66,0.649350649,2,159.6,3,3.0,1274.31384,543.4,1045.94,7.872196,-7.872,-5.899,44,1053.8,8,6.8855,0.9865,24.02945274,1.973,691.865878,1.013684744,37.288136,1,1
1322,Fe2O3,PEG to the PEI,361.4,8.01e-08,12.1,SHSY5Y,H,Human,Epithelial,Bone Marrow,72,Live/Dead,Calcein AM  Ethidium homodimer-1,cell membrane integrity,Y,N,N,1.83,3.66,0.649350649,2,159.6,3,3.0,1274.31384,543.4,1045.94,7.872196,-7.872,-5.899,44,1053.8,8,6.8855,0.9865,24.02945274,1.973,691.865878,1.013684744,23.728813,1,1
1323,Fe2O3,PEG to the PEI,361.4,1.6e-07,12.1,SHSY5Y,H,Human,Epithelial,Bone Marrow,72,Live/Dead,Calcein AM  Ethidium homodimer-1,cell membrane integrity,Y,N,N,1.83,3.66,0.649350649,2,159.6,3,3.0,1274.31384,543.4,1045.94,7.872196,-7.872,-5.899,44,1053.8,8,6.8855,0.9865,24.02945274,1.973,691.865878,1.013684744,13.559322,1,1
1324,Fe2O3,PEG to the PEI,361.4,3.21e-07,12.1,SHSY5Y,H,Human,Epithelial,Bone Marrow,72,Live/Dead,Calcein AM  Ethidium homodimer-1,cell membrane integrity,Y,N,N,1.83,3.66,0.649350649,2,159.6,3,3.0,1274.31384,543.4,1045.94,7.872196,-7.872,-5.899,44,1053.8,8,6.8855,0.9865,24.02945274,1.973,691.865878,1.013684744,2.8248587,1,1
1325,Fe2O3,PEG to the PEI,361.4,2e-08,12.1,SHSY5Y,H,Human,Epithelial,Bone Marrow,120,Live/Dead,Calcein AM  Ethidium homodimer-1,cell membrane integrity,Y,N,N,1.83,3.66,0.649350649,2,159.6,3,3.0,1274.31384,543.4,1045.94,7.872196,-7.872,-5.899,44,1053.8,8,6.8855,0.9865,24.02945274,1.973,691.865878,1.013684744,56.497173,2,0
1326,Fe2O3,PEG to the PEI,361.4,4.01e-08,12.1,SHSY5Y,H,Human,Epithelial,Bone Marrow,120,Live/Dead,Calcein AM  Ethidium homodimer-1,cell membrane integrity,Y,N,N,1.83,3.66,0.649350649,2,159.6,3,3.0,1274.31384,543.4,1045.94,7.872196,-7.872,-5.899,44,1053.8,8,6.8855,0.9865,24.02945274,1.973,691.865878,1.013684744,33.898304,1,1
1327,Fe2O3,PEG to the PEI,361.4,8.01e-08,12.1,SHSY5Y,H,Human,Epithelial,Bone Marrow,120,Live/Dead,Calcein AM  Ethidium homodimer-1,cell membrane integrity,Y,N,N,1.83,3.66,0.649350649,2,159.6,3,3.0,1274.31384,543.4,1045.94,7.872196,-7.872,-5.899,44,1053.8,8,6.8855,0.9865,24.02945274,1.973,691.865878,1.013684744,17.514124,1,1
1328,Fe2O3,PEG to the PEI,361.4,1.6e-07,12.1,SHSY5Y,H,Human,Epithelial,Bone Marrow,120,Live/Dead,Calcein AM  Ethidium homodimer-1,cell membrane integrity,Y,N,N,1.83,3.66,0.649350649,2,159.6,3,3.0,1274.31384,543.4,1045.94,7.872196,-7.872,-5.899,44,1053.8,8,6.8855,0.9865,24.02945274,1.973,691.865878,1.013684744,10.169492,1,1
1329,Fe2O3,PEG to the PEI,361.4,3.21e-07,12.1,SHSY5Y,H,Human,Epithelial,Bone Marrow,120,Live/Dead,Calcein AM  Ethidium homodimer-1,cell membrane integrity,Y,N,N,1.83,3.66,0.649350649,2,159.6,3,3.0,1274.31384,543.4,1045.94,7.872196,-7.872,-5.899,44,1053.8,8,6.8855,0.9865,24.02945274,1.973,691.865878,1.013684744,3.9548023,1,1
1330,Fe2O3,PEG to the PEI,361.4,2e-08,12.1,SHSY5Y,H,Human,Epithelial,Bone Marrow,168,Live/Dead,Calcein AM  Ethidium homodimer-1,cell membrane integrity,Y,N,N,1.83,3.66,0.649350649,2,159.6,3,3.0,1274.31384,543.4,1045.94,7.872196,-7.872,-5.899,44,1053.8,8,6.8855,0.9865,24.02945274,1.973,691.865878,1.013684744,38.41808,1,1
1331,Fe2O3,PEG to the PEI,361.4,4.01e-08,12.1,SHSY5Y,H,Human,Epithelial,Bone Marrow,168,Live/Dead,Calcein AM  Ethidium homodimer-1,cell membrane integrity,Y,N,N,1.83,3.66,0.649350649,2,159.6,3,3.0,1274.31384,543.4,1045.94,7.872196,-7.872,-5.899,44,1053.8,8,6.8855,0.9865,24.02945274,1.973,691.865878,1.013684744,28.248587,1,1
1332,Fe2O3,PEG to the PEI,361.4,8.01e-08,12.1,SHSY5Y,H,Human,Epithelial,Bone Marrow,168,Live/Dead,Calcein AM  Ethidium homodimer-1,cell membrane integrity,Y,N,N,1.83,3.66,0.606060606,2,159.6,3,3.0,-725.87448,322.92,463.16,5.91594,-5.916,-2.018,62,1351.451,2,3.967,1.949,4.037221396,3.898,216.66638,0.513083633,14.124293,1,1
1333,Fe2O3,PEG to the PEI,361.4,1.6e-07,12.1,SHSY5Y,H,Human,Epithelial,Bone Marrow,168,Live/Dead,Calcein AM  Ethidium homodimer-1,cell membrane integrity,Y,N,N,1.83,3.66,0.606060606,2,159.6,3,3.0,-725.87448,322.92,463.16,5.91594,-5.916,-2.018,62,1351.451,2,3.967,1.949,4.037221396,3.898,216.66638,0.513083633,0.0,1,1
1334,Fe2O3,PEG to the PEI,361.4,3.21e-07,12.1,SHSY5Y,H,Human,Epithelial,Bone Marrow,168,Live/Dead,Calcein AM  Ethidium homodimer-1,cell membrane integrity,Y,N,N,1.83,3.66,0.606060606,2,159.6,3,3.0,-725.87448,322.92,463.16,5.91594,-5.916,-2.018,62,1351.451,2,3.967,1.949,4.037221396,3.898,216.66638,0.513083633,0.0,1,1
1335,Fe2O3,PEG to the PEI,361.4,2e-08,12.1,RAW264.7,A,Mouse,Monocyte/Macrophage,Blood,24,Live/Dead,Calcein AM  Ethidium homodimer-1,cell membrane integrity,Y,N,N,1.83,3.66,0.606060606,2,159.6,3,3.0,-725.87448,322.92,463.16,5.91594,-5.916,-2.018,62,1351.451,2,3.967,1.949,4.037221396,3.898,216.66638,0.513083633,100.568184,2,0
1336,Fe2O3,PEG to the PEI,361.4,4.01e-08,12.1,RAW264.7,A,Mouse,Monocyte/Macrophage,Blood,24,Live/Dead,Calcein AM  Ethidium homodimer-1,cell membrane integrity,Y,N,N,1.83,3.66,0.606060606,2,159.6,3,3.0,-725.87448,322.92,463.16,5.91594,-5.916,-2.018,62,1351.451,2,3.967,1.949,4.037221396,3.898,216.66638,0.513083633,84.09091,2,0
1337,Fe2O3,PEG to the PEI,361.4,8.01e-08,12.1,RAW264.7,A,Mouse,Monocyte/Macrophage,Blood,24,Live/Dead,Calcein AM  Ethidium homodimer-1,cell membrane integrity,Y,N,N,1.83,3.66,0.606060606,2,159.6,3,3.0,-725.87448,322.92,463.16,5.91594,-5.916,-2.018,62,1351.451,2,3.967,1.949,4.037221396,3.898,216.66638,0.513083633,83.52273,2,0
1338,Fe2O3,PEG to the PEI,361.4,1.6e-07,12.1,RAW264.7,A,Mouse,Monocyte/Macrophage,Blood,24,Live/Dead,Calcein AM  Ethidium homodimer-1,cell membrane integrity,Y,N,N,1.83,3.66,0.606060606,2,159.6,3,3.0,-725.87448,322.92,463.16,5.91594,-5.916,-2.018,62,1351.451,2,3.967,1.949,4.037221396,3.898,216.66638,0.513083633,79.545456,2,0
1339,Fe2O3,PEG to the PEI,361.4,3.21e-07,12.1,RAW264.7,A,Mouse,Monocyte/Macrophage,Blood,24,Live/Dead,Calcein AM  Ethidium homodimer-1,cell membrane integrity,Y,N,N,1.83,3.66,0.606060606,2,159.6,3,3.0,-725.87448,322.92,463.16,5.91594,-5.916,-2.018,62,1351.451,2,3.967,1.949,4.037221396,3.898,216.66638,0.513083633,55.68182,2,0
1340,Fe2O3,PEG to the PEI,361.4,2e-08,12.1,RAW264.7,A,Mouse,Monocyte/Macrophage,Blood,72,Live/Dead,Calcein AM  Ethidium homodimer-1,cell membrane integrity,Y,N,N,1.83,3.66,0.606060606,2,159.6,3,3.0,-725.87448,322.92,463.16,5.91594,-5.916,-2.018,62,1351.451,2,3.967,1.949,4.037221396,3.898,216.66638,0.513083633,98.86364,2,0
1341,Fe2O3,PEG to the PEI,361.4,4.01e-08,12.1,RAW264.7,A,Mouse,Monocyte/Macrophage,Blood,72,Live/Dead,Calcein AM  Ethidium homodimer-1,cell membrane integrity,Y,N,N,1.83,3.66,0.606060606,2,159.6,3,3.0,-725.87448,322.92,463.16,5.91594,-5.916,-2.018,62,1351.451,2,3.967,1.949,4.037221396,3.898,216.66638,0.513083633,86.36364,2,0
1342,Fe2O3,PEG to the PEI,361.4,8.01e-08,12.1,RAW264.7,A,Mouse,Monocyte/Macrophage,Blood,72,Live/Dead,Propidium Iodide,cell membrane integrity,Y,N,N,1.83,3.66,0.393700787,2,159.6,3,3.0,-122.60844,372.66,567.35,5.176822,-6.209,0.319,104,3742.3635,1,2.945,3.264,1.328588388,6.528,209.62745,0.306372549,82.954544,2,0
1343,Fe2O3,PEG to the PEI,361.4,1.6e-07,12.1,RAW264.7,A,Mouse,Monocyte/Macrophage,Blood,72,Live/Dead,Propidium Iodide,cell membrane integrity,Y,N,N,1.83,3.66,0.393700787,2,159.6,3,3.0,-122.60844,372.66,567.35,5.176822,-6.209,0.319,104,3742.3635,1,2.945,3.264,1.328588388,6.528,209.62745,0.306372549,60.795456,2,0
1344,Fe2O3,PEG to the PEI,361.4,3.21e-07,12.1,RAW264.7,A,Mouse,Monocyte/Macrophage,Blood,72,Live/Dead,Propidium Iodide,cell membrane integrity,Y,N,N,1.83,3.66,0.393700787,2,159.6,3,3.0,-122.60844,372.66,567.35,5.176822,-6.209,0.319,104,3742.3635,1,2.945,3.264,1.328588388,6.528,209.62745,0.306372549,55.113636,2,0
1345,Fe2O3,PEG to the PEI,361.4,2e-08,12.1,RAW264.7,A,Mouse,Monocyte/Macrophage,Blood,120,Live/Dead,Propidium Iodide,cell membrane integrity,Y,N,N,1.83,3.66,0.393700787,2,159.6,3,3.0,-122.60844,372.66,567.35,5.176822,-6.209,0.319,104,3742.3635,1,2.945,3.264,1.328588388,6.528,209.62745,0.306372549,92.61364,2,0
1346,Fe2O3,PEG to the PEI,361.4,4.01e-08,12.1,RAW264.7,A,Mouse,Monocyte/Macrophage,Blood,120,Live/Dead,Propidium Iodide,cell membrane integrity,Y,N,N,1.83,3.66,0.393700787,2,159.6,3,3.0,-122.60844,372.66,567.35,5.176822,-6.209,0.319,104,3742.3635,1,2.945,3.264,1.328588388,6.528,209.62745,0.306372549,75.568184,2,0
1347,Fe2O3,PEG to the PEI,361.4,8.01e-08,12.1,RAW264.7,A,Mouse,Monocyte/Macrophage,Blood,120,Live/Dead,Propidium Iodide,cell membrane integrity,Y,N,N,1.83,3.66,0.393700787,2,159.6,3,3.0,-122.60844,372.66,567.35,5.176822,-6.209,0.319,104,3742.3635,1,2.945,3.264,1.328588388,6.528,209.62745,0.306372549,74.431816,2,0
1348,Fe2O3,PEG to the PEI,361.4,1.6e-07,12.1,RAW264.7,A,Mouse,Monocyte/Macrophage,Blood,120,Live/Dead,Propidium Iodide,cell membrane integrity,Y,N,N,1.83,3.66,0.393700787,2,159.6,3,3.0,-122.60844,372.66,567.35,5.176822,-6.209,0.319,104,3742.3635,1,2.945,3.264,1.328588388,6.528,209.62745,0.306372549,53.409092,2,0
1349,Fe2O3,PEG to the PEI,361.4,3.21e-07,12.1,RAW264.7,A,Mouse,Monocyte/Macrophage,Blood,120,Live/Dead,Propidium iodide,cell membrane integrity,Y,N,N,1.83,3.66,0.526315789,2,159.6,3,3.0,-855.36225,348.9,495.89,7.043021,-7.043,-2.143,56,472.8478,3,4.593,2.45,4.30523449,4.9,412.02254,0.408163265,43.75,1,1
1350,Fe2O3,PEG to the PEI,361.4,2e-08,12.1,RAW264.7,A,Mouse,Monocyte/Macrophage,Blood,168,Live/Dead,Propidium iodide,cell membrane integrity,Y,N,N,1.83,3.66,0.526315789,2,159.6,3,3.0,-855.36225,348.9,495.89,7.043021,-7.043,-2.143,56,472.8478,3,4.593,2.45,4.30523449,4.9,412.02254,0.408163265,69.88636,2,0
1351,Fe2O3,PEG to the PEI,361.4,4.01e-08,12.1,RAW264.7,A,Mouse,Monocyte/Macrophage,Blood,168,Live/Dead,Propidium iodide,cell membrane integrity,Y,N,N,1.83,3.66,0.526315789,2,159.6,3,3.0,-855.36225,348.9,495.89,7.043021,-7.043,-2.143,56,472.8478,3,4.593,2.45,4.30523449,4.9,412.02254,0.408163265,61.93182,2,0
1352,Fe2O3,PEG to the PEI,361.4,8.01e-08,12.1,RAW264.7,A,Mouse,Monocyte/Macrophage,Blood,168,Live/Dead,Propidium iodide,cell membrane integrity,Y,N,N,1.83,3.66,0.526315789,2,159.6,3,3.0,-855.36225,348.9,495.89,7.043021,-7.043,-2.143,56,472.8478,3,4.593,2.45,4.30523449,4.9,412.02254,0.408163265,55.113636,2,0
1353,Fe2O3,PEG to the PEI,361.4,1.6e-07,12.1,RAW264.7,A,Mouse,Monocyte/Macrophage,Blood,168,Live/Dead,Propidium Iodide,cell membrane integrity,Y,N,N,1.83,3.66,0.526315789,2,159.6,3,3.0,-855.36225,348.9,495.89,7.043021,-7.043,-2.143,56,472.8478,3,4.593,2.45,4.30523449,4.9,412.02254,0.408163265,50.56818,2,0
1354,Fe2O3,PEG to the PEI,361.4,3.21e-07,12.1,RAW264.7,A,Mouse,Monocyte/Macrophage,Blood,168,Live/Dead,Propidium Iodide,cell membrane integrity,Y,N,N,1.83,3.66,0.526315789,2,159.6,3,3.0,-855.36225,348.9,495.89,7.043021,-7.043,-2.143,56,472.8478,3,4.593,2.45,4.30523449,4.9,412.02254,0.408163265,32.954544,1,1
1355,Fe2O3,PEG to the PEI,361.4,2e-08,12.1,SHSY5Y,H,Human,Epithelial,Bone Marrow,1,LDH,LDH activity assay kit,LDH leakage,Y,N,N,1.83,3.66,0.273224044,2,159.6,3,3.0,-1243.5544,408.48,633.93,10.715248,-10.715,-4.819,128,1165.8436,2,7.767,2.948,10.23173151,5.896,52.909352,0.339213026,92.11166,2,0
1356,Fe2O3,PEG to the PEI,361.4,4.01e-08,12.1,SHSY5Y,H,Human,Epithelial,Bone Marrow,1,LDH,LDH activity assay kit,LDH leakage,Y,N,N,1.83,3.66,0.273224044,2,159.6,3,3.0,-1243.5544,408.48,633.93,10.715248,-10.715,-4.819,128,1165.8436,2,7.767,2.948,10.23173151,5.896,52.909352,0.339213026,92.1278825,2,0
1357,Fe2O3,PEG to the PEI,361.4,8.01e-08,12.1,SHSY5Y,H,Human,Epithelial,Bone Marrow,1,LDH,LDH activity assay kit,LDH leakage,Y,N,N,1.83,3.66,0.273224044,2,159.6,3,3.0,-1243.5544,408.48,633.93,10.715248,-10.715,-4.819,128,1165.8436,2,7.767,2.948,10.23173151,5.896,52.909352,0.339213026,92.141609,2,0
1358,Fe2O3,PEG to the PEI,361.4,1.6e-07,12.1,SHSY5Y,H,Human,Epithelial,Bone Marrow,1,LDH,LDH activity assay kit,LDH leakage,Y,N,N,1.83,3.66,0.273224044,2,159.6,3,3.0,-1243.5544,408.48,633.93,10.715248,-10.715,-4.819,128,1165.8436,2,7.767,2.948,10.23173151,5.896,52.909352,0.339213026,90.741489,2,0
1359,Fe2O3,PEG to the PEI,361.4,3.21e-07,12.1,SHSY5Y,H,Human,Epithelial,Bone Marrow,1,LDH,LDH activity assay kit,LDH leakage,Y,N,N,1.83,3.66,0.273224044,2,159.6,3,3.0,-1243.5544,408.48,633.93,10.715248,-10.715,-4.819,128,1165.8436,2,7.767,2.948,10.23173151,5.896,52.909352,0.339213026,91.701108,2,0
1360,Fe2O3,PEG to the PEI,361.4,2e-08,12.1,SHSY5Y,H,Human,Epithelial,Bone Marrow,4,LDH,LDH activity assay kit,LDH leakage,Y,N,N,1.83,3.66,0.273224044,2,159.6,3,3.0,-1243.5544,408.48,633.93,10.715248,-10.715,-4.819,128,1165.8436,2,7.767,2.948,10.23173151,5.896,52.909352,0.339213026,93.644055,2,0
1361,Fe2O3,PEG to the PEI,361.4,4.01e-08,12.1,SHSY5Y,H,Human,Epithelial,Bone Marrow,4,LDH,LDH activity assay kit,LDH leakage,Y,N,N,1.83,3.66,0.273224044,2,159.6,3,3.0,-1243.5544,408.48,633.93,10.715248,-10.715,-4.819,128,1165.8436,2,7.767,2.948,10.23173151,5.896,52.909352,0.339213026,93.6590295,2,0
1362,Fe2O3,PEG to the PEI,361.4,8.01e-08,12.1,SHSY5Y,H,Human,Epithelial,Bone Marrow,4,LDH,LDH activity assay kit,LDH leakage,Y,N,N,1.83,3.66,0.273224044,2,159.6,3,3.0,-1243.5544,408.48,633.93,10.715248,-10.715,-4.819,128,1165.8436,2,7.767,2.948,10.23173151,5.896,52.909352,0.339213026,95.0878506,2,0
1363,Fe2O3,PEG to the PEI,361.4,1.6e-07,12.1,SHSY5Y,H,Human,Epithelial,Bone Marrow,4,LDH,LDH activity assay kit,LDH leakage,Y,N,N,1.83,3.66,0.273224044,2,159.6,3,3.0,-1243.5544,408.48,633.93,10.715248,-10.715,-4.819,128,1165.8436,2,7.767,2.948,10.23173151,5.896,52.909352,0.339213026,95.105321,2,0
1364,Fe2O3,PEG to the PEI,361.4,3.21e-07,12.1,SHSY5Y,H,Human,Epithelial,Bone Marrow,4,LDH,LDH activity assay kit,LDH leakage,Y,N,N,1.83,3.66,0.273224044,2,159.6,3,3.0,-1243.5544,408.48,633.93,10.715248,-10.715,-4.819,128,1165.8436,2,7.767,2.948,10.23173151,5.896,52.909352,0.339213026,91.820905,2,0
1365,Fe2O3,PEG to the PEI,361.4,2e-08,12.1,SHSY5Y,H,Human,Epithelial,Bone Marrow,24,LDH,LDH activity assay kit,LDH leakage,Y,N,N,1.83,3.66,0.273224044,2,159.6,3,3.0,-1243.5544,408.48,633.93,10.715248,-10.715,-4.819,128,1165.8436,2,7.767,2.948,10.23173151,5.896,52.909352,0.339213026,96.122342,2,0
1366,Fe2O3,PEG to the PEI,361.4,4.01e-08,12.1,SHSY5Y,H,Human,Epithelial,Bone Marrow,24,LDH,LDH activity assay kit,LDH leakage,Y,N,N,1.83,3.66,0.273224044,2,159.6,3,3.0,-1243.5544,408.48,633.93,10.715248,-10.715,-4.819,128,1165.8436,2,7.767,2.948,10.23173151,5.896,52.909352,0.339213026,97.551163,2,0
1367,Fe2O3,PEG to the PEI,361.4,8.01e-08,12.1,SHSY5Y,H,Human,Epithelial,Bone Marrow,24,LDH,LDH activity assay kit,LDH leakage,Y,N,N,1.83,3.66,0.273224044,2,159.6,3,3.0,-1243.5544,408.48,633.93,10.715248,-10.715,-4.819,128,1165.8436,2,7.767,2.948,10.23173151,5.896,52.909352,0.339213026,96.152291,2,0
1368,Fe2O3,PEG to the PEI,361.4,1.6e-07,12.1,SHSY5Y,H,Human,Epithelial,Bone Marrow,24,LDH,LDH activity assay kit,LDH leakage,Y,N,N,1.83,3.66,0.273224044,2,159.6,3,3.0,-1243.5544,408.48,633.93,10.715248,-10.715,-4.819,128,1165.8436,2,7.767,2.948,10.23173151,5.896,52.909352,0.339213026,94.7521715,2,0
1369,Fe2O3,PEG to the PEI,361.4,3.21e-07,12.1,SHSY5Y,H,Human,Epithelial,Bone Marrow,24,LDH,LDH activity assay kit,LDH leakage,Y,N,N,1.83,3.66,0.273224044,2,159.6,3,3.0,-1243.5544,408.48,633.93,10.715248,-10.715,-4.819,128,1165.8436,2,7.767,2.948,10.23173151,5.896,52.909352,0.339213026,85.335679,2,0
1370,Fe2O3,PEG to the PEI,361.4,2e-08,12.1,SHSY5Y,H,Human,Epithelial,Bone Marrow,72,LDH,LDH activity assay kit,LDH leakage,Y,N,N,1.83,3.66,0.273224044,2,159.6,3,3.0,-1243.5544,408.48,633.93,10.715248,-10.715,-4.819,128,1165.8436,2,7.767,2.948,10.23173151,5.896,52.909352,0.339213026,23.12519,1,1
1371,Fe2O3,PEG to the PEI,361.4,4.01e-08,12.1,SHSY5Y,H,Human,Epithelial,Bone Marrow,72,LDH,LDH activity assay kit,LDH leakage,Y,N,N,1.83,3.66,0.273224044,2,159.6,3,3.0,-1243.5544,408.48,633.93,10.715248,-10.715,-4.819,128,1165.8436,2,7.767,2.948,10.23173151,5.896,52.909352,0.339213026,23.14016,1,1
1372,Fe2O3,PEG to the PEI,361.4,8.01e-08,12.1,SHSY5Y,H,Human,Epithelial,Bone Marrow,72,LDH,LDH activity assay kit,LDH leakage,Y,N,N,1.83,3.66,0.273224044,2,159.6,3,3.0,-1243.5544,408.48,633.93,10.715248,-10.715,-4.819,128,1165.8436,2,7.767,2.948,10.23173151,5.896,52.909352,0.339213026,28.81801,1,1
1373,Fe2O3,PEG to the PEI,361.4,1.6e-07,12.1,SHSY5Y,H,Human,Epithelial,Bone Marrow,72,LDH,LDH activity assay kit,LDH leakage,Y,N,N,1.83,3.66,0.273224044,2,159.6,3,3.0,-1243.5544,408.48,633.93,10.715248,-10.715,-4.819,128,1165.8436,2,7.767,2.948,10.23173151,5.896,52.909352,0.339213026,38.266945,1,1
1374,Fe2O3,PEG to the PEI,361.4,3.21e-07,12.1,SHSY5Y,H,Human,Epithelial,Bone Marrow,72,LDH,LDH activity assay kit,LDH leakage,Y,N,N,1.83,3.66,0.273224044,2,159.6,3,3.0,-1243.5544,408.48,633.93,10.715248,-10.715,-4.819,128,1165.8436,2,7.767,2.948,10.23173151,5.896,52.909352,0.339213026,34.50958,1,1
1375,Fe2O3,PEG to the PEI,361.4,2e-08,12.1,RAW264.7,A,Mouse,Monocyte/Macrophage,Blood,1,LDH,LDH activity assay kit,LDH leakage,Y,N,N,1.83,3.66,0.273224044,2,159.6,3,3.0,-1243.5544,408.48,633.93,10.715248,-10.715,-4.819,128,1165.8436,2,7.767,2.948,10.23173151,5.896,52.909352,0.339213026,94.855769,2,0
1376,Fe2O3,PEG to the PEI,361.4,4.01e-08,12.1,RAW264.7,A,Mouse,Monocyte/Macrophage,Blood,1,LDH,LDH activity assay kit,LDH leakage,Y,N,N,1.83,3.66,0.273224044,2,159.6,3,3.0,-1243.5544,408.48,633.93,10.715248,-10.715,-4.819,128,1165.8436,2,7.767,2.948,10.23173151,5.896,52.909352,0.339213026,93.9800825,2,0
1377,Fe2O3,PEG to the PEI,361.4,8.01e-08,12.1,RAW264.7,A,Mouse,Monocyte/Macrophage,Blood,1,LDH,LDH activity assay kit,LDH leakage,Y,N,N,1.83,3.66,0.273224044,2,159.6,3,3.0,-1243.5544,408.48,633.93,10.715248,-10.715,-4.819,128,1165.8436,2,7.767,2.948,10.23173151,5.896,52.909352,0.339213026,93.995932,2,0
1378,Fe2O3,PEG to the PEI,361.4,1.6e-07,12.1,RAW264.7,A,Mouse,Monocyte/Macrophage,Blood,1,LDH,LDH activity assay kit,LDH leakage,Y,N,N,1.83,3.66,0.273224044,2,159.6,3,3.0,-1243.5544,408.48,633.93,10.715248,-10.715,-4.819,128,1165.8436,2,7.767,2.948,10.23173151,5.896,52.909352,0.339213026,93.116283,2,0
1379,Fe2O3,PEG to the PEI,361.4,3.21e-07,12.1,RAW264.7,A,Mouse,Monocyte/Macrophage,Blood,1,LDH,LDH activity assay kit,LDH leakage,Y,N,N,1.83,3.66,0.273224044,2,159.6,3,3.0,-1243.5544,408.48,633.93,10.715248,-10.715,-4.819,128,1165.8436,2,7.767,2.948,10.23173151,5.896,52.909352,0.339213026,93.133453,2,0
1380,Fe2O3,PEG to the PEI,361.4,2e-08,12.1,RAW264.7,A,Mouse,Monocyte/Macrophage,Blood,4,LDH,LDH activity assay kit,LDH leakage,Y,N,N,1.83,3.66,0.273224044,2,159.6,3,3.0,-1243.5544,408.48,633.93,10.715248,-10.715,-4.819,128,1165.8436,2,7.767,2.948,10.23173151,5.896,52.909352,0.339213026,93.6327133,2,0
1381,Fe2O3,PEG to the PEI,361.4,4.01e-08,12.1,RAW264.7,A,Mouse,Monocyte/Macrophage,Blood,4,LDH,LDH activity assay kit,LDH leakage,Y,N,N,1.83,3.66,0.273224044,2,159.6,3,3.0,-1243.5544,408.48,633.93,10.715248,-10.715,-4.819,128,1165.8436,2,7.767,2.948,10.23173151,5.896,52.909352,0.339213026,93.199493,2,0
1382,Fe2O3,PEG to the PEI,361.4,8.01e-08,12.1,RAW264.7,A,Mouse,Monocyte/Macrophage,Blood,4,LDH,LDH activity assay kit,LDH leakage,Y,N,N,1.83,3.66,0.273224044,2,159.6,3,3.0,-1243.5544,408.48,633.93,10.715248,-10.715,-4.819,128,1165.8436,2,7.767,2.948,10.23173151,5.896,52.909352,0.339213026,94.1095204,2,0
1383,Fe2O3,PEG to the PEI,361.4,1.6e-07,12.1,RAW264.7,A,Mouse,Monocyte/Macrophage,Blood,4,LDH,LDH activity assay kit,LDH leakage,Y,N,N,1.83,3.66,0.273224044,2,159.6,3,3.0,-1243.5544,408.48,633.93,10.715248,-10.715,-4.819,128,1165.8436,2,7.767,2.948,10.23173151,5.896,52.909352,0.339213026,92.787405,2,0
1384,Fe2O3,PEG to the PEI,361.4,3.21e-07,12.1,RAW264.7,A,Mouse,Monocyte/Macrophage,Blood,4,LDH,LDH activity assay kit,LDH leakage,Y,N,N,1.83,3.66,0.273224044,2,159.6,3,3.0,-1243.5544,408.48,633.93,10.715248,-10.715,-4.819,128,1165.8436,2,7.767,2.948,10.23173151,5.896,52.909352,0.339213026,96.3720415,2,0
1385,Fe2O3,PEG to the PEI,361.4,2e-08,12.1,RAW264.7,A,Mouse,Monocyte/Macrophage,Blood,24,LDH,LDH activity assay kit,LDH leakage,Y,N,N,1.83,3.66,0.273224044,2,159.6,3,3.0,-1243.5544,408.48,633.93,10.715248,-10.715,-4.819,128,1165.8436,2,7.767,2.948,10.23173151,5.896,52.909352,0.339213026,93.301194,2,0
1386,Fe2O3,PEG to the PEI,361.4,4.01e-08,12.1,RAW264.7,A,Mouse,Monocyte/Macrophage,Blood,24,LDH,LDH activity assay kit,LDH leakage,Y,N,N,1.83,3.66,0.273224044,2,159.6,3,3.0,-1243.5544,408.48,633.93,10.715248,-10.715,-4.819,128,1165.8436,2,7.767,2.948,10.23173151,5.896,52.909352,0.339213026,92.869294,2,0
1387,Fe2O3,PEG to the PEI,361.4,8.01e-08,12.1,RAW264.7,A,Mouse,Monocyte/Macrophage,Blood,24,LDH,LDH activity assay kit,LDH leakage,Y,N,N,1.83,3.66,0.273224044,2,159.6,3,3.0,-1243.5544,408.48,633.93,10.715248,-10.715,-4.819,128,1165.8436,2,7.767,2.948,10.23173151,5.896,52.909352,0.339213026,92.436074,2,0
1388,Fe2O3,PEG to the PEI,361.4,1.6e-07,12.1,RAW264.7,A,Mouse,Monocyte/Macrophage,Blood,24,LDH,LDH activity assay kit,LDH leakage,Y,N,N,1.83,3.66,0.273224044,2,159.6,3,3.0,-1243.5544,408.48,633.93,10.715248,-10.715,-4.819,128,1165.8436,2,7.767,2.948,10.23173151,5.896,52.909352,0.339213026,91.113958,2,0
1389,Fe2O3,PEG to the PEI,361.4,3.21e-07,12.1,RAW264.7,A,Mouse,Monocyte/Macrophage,Blood,24,LDH,LDH activity assay kit,LDH leakage,Y,N,N,1.83,3.66,0.273224044,2,159.6,3,3.0,-1243.5544,408.48,633.93,10.715248,-10.715,-4.819,128,1165.8436,2,7.767,2.948,10.23173151,5.896,52.909352,0.339213026,91.132449,2,0
1390,Fe2O3,PEG to the PEI,361.4,2e-08,12.1,RAW264.7,A,Mouse,Monocyte/Macrophage,Blood,72,LDH,LDH activity assay kit,LDH leakage,Y,N,N,1.83,3.66,0.273224044,2,159.6,3,3.0,-1243.5544,408.48,633.93,10.715248,-10.715,-4.819,128,1165.8436,2,7.767,2.948,10.23173151,5.896,52.909352,0.339213026,88.05896,2,0
1391,Fe2O3,PEG to the PEI,361.4,4.01e-08,12.1,RAW264.7,A,Mouse,Monocyte/Macrophage,Blood,72,LDH,LDH activity assay kit,LDH leakage,Y,N,N,1.83,3.66,0.273224044,2,159.6,3,3.0,-1243.5544,408.48,633.93,10.715248,-10.715,-4.819,128,1165.8436,2,7.767,2.948,10.23173151,5.896,52.909352,0.339213026,88.072168,2,0
1392,Fe2O3,PEG to the PEI,361.4,8.01e-08,12.1,RAW264.7,A,Mouse,Monocyte/Macrophage,Blood,72,LDH,LDH activity assay kit,LDH leakage,Y,N,N,1.83,3.66,0.273224044,2,159.6,3,3.0,-1243.5544,408.48,633.93,10.715248,-10.715,-4.819,128,1165.8436,2,7.767,2.948,10.23173151,5.896,52.909352,0.339213026,89.871091,2,0
1393,Fe2O3,PEG to the PEI,361.4,1.6e-07,12.1,RAW264.7,A,Mouse,Monocyte/Macrophage,Blood,72,LDH,LDH activity assay kit,LDH leakage,Y,N,N,1.83,3.66,0.273224044,2,159.6,3,3.0,-1243.5544,408.48,633.93,10.715248,-10.715,-4.819,128,1165.8436,2,7.767,2.948,10.23173151,5.896,52.909352,0.339213026,90.333368,2,0
1394,Fe2O3,PEG to the PEI,361.4,3.21e-07,12.1,RAW264.7,A,Mouse,Monocyte/Macrophage,Blood,72,LDH,LDH activity assay kit,LDH leakage,Y,N,N,1.83,3.66,0.273224044,2,159.6,3,3.0,-1243.5544,408.48,633.93,10.715248,-10.715,-4.819,128,1165.8436,2,7.767,2.948,10.23173151,5.896,52.909352,0.339213026,91.689825,2,0
1395,Fe2O3,,196.4,7.99e-08,-27.7,A549,H,Human,Epithelial,Lung,24,Alamar Blue,Alamar Blue,cell metabolic activity,N,Y,N,1.83,3.66,0.273224044,2,159.6,3,3.0,-1243.5544,408.48,633.93,10.715248,-10.715,-4.819,128,1165.8436,2,7.767,2.948,10.23173151,5.896,52.909352,0.339213026,96.346596,2,0
1396,Fe2O3,,196.4,7.99e-08,-27.7,A549,H,Human,Epithelial,Lung,72,Alamar Blue,Alamar Blue,cell metabolic activity,N,Y,N,1.83,3.66,0.273224044,2,159.6,3,3.0,-1243.5544,408.48,633.93,10.715248,-10.715,-4.819,128,1165.8436,2,7.767,2.948,10.23173151,5.896,52.909352,0.339213026,95.28805,2,0
1397,Fe2O3,,196.4,7.99e-07,-27.7,A549,H,Human,Epithelial,Lung,24,Alamar Blue,Alamar Blue,cell metabolic activity,N,Y,N,1.83,3.66,0.273224044,2,159.6,3,3.0,-1243.5544,408.48,633.93,10.715248,-10.715,-4.819,128,1165.8436,2,7.767,2.948,10.23173151,5.896,52.909352,0.339213026,95.04239,2,0
1398,Fe2O3,,196.4,7.99e-07,-27.7,A549,H,Human,Epithelial,Lung,72,Alamar Blue,Alamar Blue,cell metabolic activity,N,Y,N,1.83,3.66,0.273224044,2,159.6,3,3.0,-1243.5544,408.48,633.93,10.715248,-10.715,-4.819,128,1165.8436,2,7.767,2.948,10.23173151,5.896,52.909352,0.339213026,91.270515,2,0
1399,Fe2O3,,196.4,7.99e-06,-27.7,A549,H,Human,Epithelial,Lung,24,Alamar Blue,Alamar Blue,cell metabolic activity,N,Y,N,1.83,3.66,0.273224044,2,159.6,3,3.0,-1243.5544,408.48,633.93,10.715248,-10.715,-4.819,128,1165.8436,2,7.767,2.948,10.23173151,5.896,52.909352,0.339213026,93.7379,2,0
1400,Fe2O3,,196.4,7.99e-06,-27.7,A549,H,Human,Epithelial,Lung,72,Alamar Blue,Alamar Blue,cell metabolic activity,N,Y,N,1.83,3.66,0.273224044,2,159.6,3,3.0,-1243.5544,408.48,633.93,10.715248,-10.715,-4.819,128,1165.8436,2,7.767,2.948,10.23173151,5.896,52.909352,0.339213026,88.29703,2,0
1401,Fe2O3,,196.4,7.99e-08,17.7,A549,H,Human,Epithelial,Lung,24,LDH,LDH activity assay kit,LDH leakage,N,Y,N,1.83,3.66,0.273224044,2,159.6,3,3.0,-1243.5544,408.48,633.93,10.715248,-10.715,-4.819,128,1165.8436,2,7.767,2.948,10.23173151,5.896,52.909352,0.339213026,97.32284,2,0
1402,Fe2O3,,196.4,7.99e-07,17.7,A549,H,Human,Epithelial,Lung,24,LDH,LDH activity assay kit,LDH leakage,N,Y,N,1.83,3.66,0.273224044,2,159.6,3,3.0,-1243.5544,408.48,633.93,10.715248,-10.715,-4.819,128,1165.8436,2,7.767,2.948,10.23173151,5.896,52.909352,0.339213026,91.02362,2,0
1403,Fe2O3,,196.4,7.99e-06,17.7,A549,H,Human,Epithelial,Lung,24,LDH,LDH activity assay kit,LDH leakage,N,Y,N,1.83,3.66,0.273224044,2,159.6,3,3.0,-1243.5544,408.48,633.93,10.715248,-10.715,-4.819,128,1165.8436,2,7.767,2.948,10.23173151,5.896,52.909352,0.339213026,-58.89764,1,1
1404,Fe2O3,,196.4,7.99e-08,17.7,A549,H,Human,Epithelial,Lung,24,Live/Dead,Propidium Iodide,cell membrane integrity,N,Y,N,1.83,3.66,0.526315789,2,159.6,3,3.0,-855.36225,348.9,495.89,7.043021,-7.043,-2.143,56,472.8478,3,4.593,2.45,4.30523449,4.9,412.02254,0.408163265,99.49775452,2,0
1405,Fe2O3,,196.4,7.99e-07,17.7,A549,H,Human,Epithelial,Lung,24,Live/Dead,Propidium Iodide,cell membrane integrity,N,Y,N,1.83,3.66,0.526315789,2,159.6,3,3.0,-855.36225,348.9,495.89,7.043021,-7.043,-2.143,56,472.8478,3,4.593,2.45,4.30523449,4.9,412.02254,0.408163265,99.48388338,2,0
1406,Fe2O3,,196.4,7.99e-06,17.7,A549,H,Human,Epithelial,Lung,24,Live/Dead,Propidium Iodide,cell membrane integrity,N,Y,N,1.83,3.66,0.526315789,2,159.6,3,3.0,-855.36225,348.9,495.89,7.043021,-7.043,-2.143,56,472.8478,3,4.593,2.45,4.30523449,4.9,412.02254,0.408163265,98.21391782,2,0
1407,Fe2O3,BSA,12.0,0.175124059,-33.33,HeLa,H,Human,Epithelial,Cervix,6,Alamar Blue,Alamar Blue,cell metabolic activity,N,Y,N,1.83,3.66,0.273224044,2,159.6,3,3.0,-1243.5544,408.48,633.93,10.715248,-10.715,-4.819,128,1165.8436,2,7.767,2.948,10.23173151,5.896,52.909352,0.339213026,116.68046,2,0
1408,Fe2O3,BSA,12.0,0.350248118,-33.33,HeLa,H,Human,Epithelial,Cervix,6,Alamar Blue,Alamar Blue,cell metabolic activity,N,Y,N,1.83,3.66,0.273224044,2,159.6,3,3.0,-1243.5544,408.48,633.93,10.715248,-10.715,-4.819,128,1165.8436,2,7.767,2.948,10.23173151,5.896,52.909352,0.339213026,125.76342,2,0
1409,Fe2O3,BSA,12.0,0.700496235,-33.33,HeLa,H,Human,Epithelial,Cervix,6,Alamar Blue,Alamar Blue,cell metabolic activity,N,Y,N,1.83,3.66,0.273224044,2,159.6,3,3.0,-1243.5544,408.48,633.93,10.715248,-10.715,-4.819,128,1165.8436,2,7.767,2.948,10.23173151,5.896,52.909352,0.339213026,118.42655,2,0
1410,Fe2O3,BSA,12.0,1.400992471,-33.33,HeLa,H,Human,Epithelial,Cervix,6,Alamar Blue,Alamar Blue,cell metabolic activity,N,Y,N,1.83,3.66,0.273224044,2,159.6,3,3.0,-1243.5544,408.48,633.93,10.715248,-10.715,-4.819,128,1165.8436,2,7.767,2.948,10.23173151,5.896,52.909352,0.339213026,106.33531,2,0
1411,Fe2O3,BSA,12.0,2.801984942,-33.33,HeLa,H,Human,Epithelial,Cervix,6,Alamar Blue,Alamar Blue,cell metabolic activity,N,Y,N,1.83,3.66,0.273224044,2,159.6,3,3.0,-1243.5544,408.48,633.93,10.715248,-10.715,-4.819,128,1165.8436,2,7.767,2.948,10.23173151,5.896,52.909352,0.339213026,60.540848,2,0
1412,Fe2O3,BSA,12.0,0.175124059,-33.33,HepG2,H,Human,Epithelial,liver,6,Alamar Blue,Alamar Blue,cell metabolic activity,N,Y,N,1.83,3.66,0.273224044,2,159.6,3,3.0,-1243.5544,408.48,633.93,10.715248,-10.715,-4.819,128,1165.8436,2,7.767,2.948,10.23173151,5.896,52.909352,0.339213026,80.49265,2,0
1413,Fe2O3,BSA,12.0,0.350248118,-33.33,HepG2,H,Human,Epithelial,liver,6,Alamar Blue,Alamar Blue,cell metabolic activity,N,Y,N,1.83,3.66,0.273224044,2,159.6,3,3.0,-1243.5544,408.48,633.93,10.715248,-10.715,-4.819,128,1165.8436,2,7.767,2.948,10.23173151,5.896,52.909352,0.339213026,86.55028,2,0
1414,Fe2O3,BSA,12.0,0.700496235,-33.33,HepG2,H,Human,Epithelial,liver,6,Alamar Blue,Alamar Blue,cell metabolic activity,N,Y,N,1.83,3.66,0.273224044,2,159.6,3,3.0,-1243.5544,408.48,633.93,10.715248,-10.715,-4.819,128,1165.8436,2,7.767,2.948,10.23173151,5.896,52.909352,0.339213026,79.64488,2,0
1415,Fe2O3,BSA,12.0,1.400992471,-33.33,HepG2,H,Human,Epithelial,liver,6,Alamar Blue,Alamar Blue,cell metabolic activity,N,Y,N,1.83,3.66,0.273224044,2,159.6,3,3.0,-1243.5544,408.48,633.93,10.715248,-10.715,-4.819,128,1165.8436,2,7.767,2.948,10.23173151,5.896,52.909352,0.339213026,75.76418,2,0
1416,Fe2O3,BSA,12.0,2.801984942,-33.33,HepG2,H,Human,Epithelial,liver,6,Alamar Blue,Alamar Blue,cell metabolic activity,N,Y,N,1.83,3.66,0.273224044,2,159.6,3,3.0,-1243.5544,408.48,633.93,10.715248,-10.715,-4.819,128,1165.8436,2,7.767,2.948,10.23173151,5.896,52.909352,0.339213026,38.179634,1,1
1417,Fe2O3,BSA,12.0,0.175124059,-33.33,GH3,A,Rat,Epithelial,pituitary gland,6,Alamar Blue,Alamar Blue,cell metabolic activity,N,Y,N,1.83,3.66,0.273224044,2,159.6,3,3.0,-1243.5544,408.48,633.93,10.715248,-10.715,-4.819,128,1165.8436,2,7.767,2.948,10.23173151,5.896,52.909352,0.339213026,99.99025,2,0
1418,Fe2O3,BSA,12.0,0.350248118,-33.33,GH3,A,Rat,Epithelial,pituitary gland,6,Alamar Blue,Alamar Blue,cell metabolic activity,N,Y,N,1.83,3.66,0.273224044,2,159.6,3,3.0,-1243.5544,408.48,633.93,10.715248,-10.715,-4.819,128,1165.8436,2,7.767,2.948,10.23173151,5.896,52.909352,0.339213026,108.20964,2,0
1419,Fe2O3,BSA,12.0,0.700496235,-33.33,GH3,A,Rat,Epithelial,pituitary gland,6,Alamar Blue,Alamar Blue,cell metabolic activity,N,Y,N,1.83,3.66,0.273224044,2,159.6,3,3.0,-1243.5544,408.48,633.93,10.715248,-10.715,-4.819,128,1165.8436,2,7.767,2.948,10.23173151,5.896,52.909352,0.339213026,114.267265,2,0
1420,Fe2O3,BSA,12.0,1.400992471,-33.33,GH3,A,Rat,Epithelial,pituitary gland,6,Alamar Blue,Alamar Blue,cell metabolic activity,N,Y,N,1.83,3.66,0.273224044,2,159.6,3,3.0,-1243.5544,408.48,633.93,10.715248,-10.715,-4.819,128,1165.8436,2,7.767,2.948,10.23173151,5.896,52.909352,0.339213026,97.42418,2,0
1421,Fe2O3,BSA,12.0,2.801984942,-33.33,GH3,A,Rat,Epithelial,pituitary gland,6,Alamar Blue,Alamar Blue,cell metabolic activity,N,Y,N,1.83,3.66,0.273224044,2,159.6,3,3.0,-1243.5544,408.48,633.93,10.715248,-10.715,-4.819,128,1165.8436,2,7.767,2.948,10.23173151,5.896,52.909352,0.339213026,54.22169,2,0
1422,Fe2O3,BSA,12.0,0.175124059,-33.33,MCF7,H,Human,Epithelial,Breast,6,Alamar Blue,Alamar Blue,cell metabolic activity,N,Y,N,1.83,3.66,0.273224044,2,159.6,3,3.0,-1243.5544,408.48,633.93,10.715248,-10.715,-4.819,128,1165.8436,2,7.767,2.948,10.23173151,5.896,52.909352,0.339213026,106.52736,2,0
1423,Fe2O3,BSA,12.0,0.350248118,-33.33,MCF7,H,Human,Epithelial,Breast,6,Alamar Blue,Alamar Blue,cell metabolic activity,N,Y,N,1.83,3.66,0.273224044,2,159.6,3,3.0,-1243.5544,408.48,633.93,10.715248,-10.715,-4.819,128,1165.8436,2,7.767,2.948,10.23173151,5.896,52.909352,0.339213026,101.78246,2,0
1424,Fe2O3,BSA,12.0,0.700496235,-33.33,MCF7,H,Human,Epithelial,Breast,6,Alamar Blue,Alamar Blue,cell metabolic activity,N,Y,N,1.83,3.66,0.273224044,2,159.6,3,3.0,-1243.5544,408.48,633.93,10.715248,-10.715,-4.819,128,1165.8436,2,7.767,2.948,10.23173151,5.896,52.909352,0.339213026,105.678314,2,0
1425,Fe2O3,BSA,12.0,1.400992471,-33.33,MCF7,H,Human,Epithelial,Breast,6,Alamar Blue,Alamar Blue,cell metabolic activity,N,Y,N,1.83,3.66,0.273224044,2,159.6,3,3.0,-1243.5544,408.48,633.93,10.715248,-10.715,-4.819,128,1165.8436,2,7.767,2.948,10.23173151,5.896,52.909352,0.339213026,100.06985,2,0
1426,Fe2O3,BSA,12.0,2.801984942,-33.33,MCF7,H,Human,Epithelial,Breast,6,Alamar Blue,Alamar Blue,cell metabolic activity,N,Y,N,1.83,3.66,0.273224044,2,159.6,3,3.0,-1243.5544,408.48,633.93,10.715248,-10.715,-4.819,128,1165.8436,2,7.767,2.948,10.23173151,5.896,52.909352,0.339213026,47.361145,1,1
1427,Fe2O3,BSA,12.0,0.175124059,-33.33,V14,A,Mouse,Epithelial,Breast,6,Alamar Blue,Alamar Blue,cell metabolic activity,N,Y,N,1.83,3.66,0.273224044,2,159.6,3,3.0,-1243.5544,408.48,633.93,10.715248,-10.715,-4.819,128,1165.8436,2,7.767,2.948,10.23173151,5.896,52.909352,0.339213026,98.91,2,0
1428,Fe2O3,BSA,12.0,0.350248118,-33.33,V14,A,Mouse,Epithelial,Breast,6,Alamar Blue,Alamar Blue,cell metabolic activity,N,Y,N,1.83,3.66,0.273224044,2,159.6,3,3.0,-1243.5544,408.48,633.93,10.715248,-10.715,-4.819,128,1165.8436,2,7.767,2.948,10.23173151,5.896,52.909352,0.339213026,100.214516,2,0
1429,Fe2O3,BSA,12.0,0.700496235,-33.33,V14,A,Mouse,Epithelial,Breast,6,Alamar Blue,Alamar Blue,cell metabolic activity,N,Y,N,1.83,3.66,0.273224044,2,159.6,3,3.0,-1243.5544,408.48,633.93,10.715248,-10.715,-4.819,128,1165.8436,2,7.767,2.948,10.23173151,5.896,52.909352,0.339213026,95.038155,2,0
1430,Fe2O3,BSA,12.0,1.400992471,-33.33,V14,A,Mouse,Epithelial,Breast,6,Alamar Blue,Alamar Blue,cell metabolic activity,N,Y,N,1.83,3.66,0.273224044,2,159.6,3,3.0,-1243.5544,408.48,633.93,10.715248,-10.715,-4.819,128,1165.8436,2,7.767,2.948,10.23173151,5.896,52.909352,0.339213026,91.15683,2,0
1431,Fe2O3,BSA,12.0,2.801984942,-33.33,V14,A,Mouse,Epithelial,Breast,6,Alamar Blue,Alamar Blue,cell metabolic activity,N,Y,N,1.83,3.66,0.273224044,2,159.6,3,3.0,-1243.5544,408.48,633.93,10.715248,-10.715,-4.819,128,1165.8436,2,7.767,2.948,10.23173151,5.896,52.909352,0.339213026,65.6711,2,0
1432,Fe2O3,,14.0,0.110282206,17.7,A549,H,Human,Epithelial,Lung,48,Live/Dead,Propidium Iodide,cell membrane integrity,N,N,N,1.83,3.66,0.526315789,2,159.6,3,3.0,-855.36225,348.9,495.89,7.043021,-7.043,-2.143,56,472.8478,3,4.593,2.45,4.30523449,4.9,412.02254,0.408163265,63.070538,2,0
1433,Fe2O3,,14.0,0.110282206,-33.33,MCF7,H,Human,Epithelial,Breast,48,Live/Dead,Propidium Iodide,cell membrane integrity,N,N,N,1.83,3.66,0.526315789,2,159.6,3,3.0,-855.36225,348.9,495.89,7.043021,-7.043,-2.143,56,472.8478,3,4.593,2.45,4.30523449,4.9,412.02254,0.408163265,73.029045,2,0
1434,Fe2O3,,14.0,0.110282206,17.7,T98G,H,Human,Fibroblast,Brain,48,Live/Dead,Propidium Iodide,cell membrane integrity,N,N,N,1.83,3.66,0.526315789,2,159.6,3,3.0,-855.36225,348.9,495.89,7.043021,-7.043,-2.143,56,472.8478,3,4.593,2.45,4.30523449,4.9,412.02254,0.408163265,76.34855,2,0
1435,Fe2O3,,14.0,0.110282206,17.7,A549,H,Human,Epithelial,Lung,96,Live/Dead,Propidium Iodide,cell membrane integrity,N,N,N,1.83,3.66,0.526315789,2,159.6,3,3.0,-855.36225,348.9,495.89,7.043021,-7.043,-2.143,56,472.8478,3,4.593,2.45,4.30523449,4.9,412.02254,0.408163265,81.47948,2,0
1436,Fe2O3,,14.0,0.110282206,-33.33,MCF7,H,Human,Epithelial,Breast,96,Live/Dead,Propidium Iodide,cell membrane integrity,N,N,N,1.83,3.66,0.526315789,2,159.6,3,3.0,-855.36225,348.9,495.89,7.043021,-7.043,-2.143,56,472.8478,3,4.593,2.45,4.30523449,4.9,412.02254,0.408163265,97.015015,2,0
1437,Fe2O3,,14.0,0.110282206,17.7,T98G,H,Human,Fibroblast,Brain,96,Live/Dead,Propidium Iodide,cell membrane integrity,N,N,N,1.83,3.66,0.526315789,2,159.6,3,3.0,-855.36225,348.9,495.89,7.043021,-7.043,-2.143,56,472.8478,3,4.593,2.45,4.30523449,4.9,412.02254,0.408163265,93.21722,2,0
1438,Fe2O3,COOH,20.0,0.0005,-33.33,HeLa,H,Human,Epithelial,Cervix,24,Live/Dead,Propidium Iodide,cell membrane integrity,N,N,N,1.83,3.66,0.526315789,2,159.6,3,3.0,-855.36225,348.9,495.89,7.043021,-7.043,-2.143,56,472.8478,3,4.593,2.45,4.30523449,4.9,412.02254,0.408163265,99.803925,2,0
1439,Fe2O3,COOH,20.0,0.005,-33.33,HeLa,H,Human,Epithelial,Cervix,24,Live/Dead,propidium iodide  Annexin V,cell membrane integrity,N,N,N,1.83,3.66,0.273224044,2,159.6,3,3.0,-1243.5544,408.48,633.93,10.715248,-10.715,-4.819,128,1165.8436,2,7.767,2.948,10.23173151,5.896,52.909352,0.339213026,92.54902,2,0
1440,Fe2O3,COOH,20.0,0.05,-33.33,HeLa,H,Human,Epithelial,Cervix,24,Live/Dead,propidium iodide  Annexin V,cell membrane integrity,N,N,N,1.83,3.66,0.273224044,2,159.6,3,3.0,-1243.5544,408.48,633.93,10.715248,-10.715,-4.819,128,1165.8436,2,7.767,2.948,10.23173151,5.896,52.909352,0.339213026,88.039215,2,0
1441,Fe2O3,COOH,20.0,0.0005,-40.5,MG63,H,Human,Fibroblast,Bone,24,Live/Dead,propidium iodide  Annexin V,cell membrane integrity,N,N,N,1.83,3.66,0.273224044,2,159.6,3,3.0,-1243.5544,408.48,633.93,10.715248,-10.715,-4.819,128,1165.8436,2,7.767,2.948,10.23173151,5.896,52.909352,0.339213026,98.43137,2,0
1442,Fe2O3,COOH,20.0,0.005,-40.5,MG63,H,Human,Fibroblast,Bone,24,Live/Dead,Sytox Red,cell membrane integrity,N,N,N,1.83,3.66,0.526315789,2,159.6,3,3.0,-855.36225,348.9,495.89,7.043021,-7.043,-2.143,56,472.8478,3,4.593,2.45,4.30523449,4.9,412.02254,0.408163265,91.56863,2,0
1443,Fe2O3,COOH,20.0,0.05,-40.5,MG63,H,Human,Fibroblast,Bone,24,Live/Dead,Sytox Red,cell membrane integrity,N,N,N,1.83,3.66,0.526315789,2,159.6,3,3.0,-855.36225,348.9,495.89,7.043021,-7.043,-2.143,56,472.8478,3,4.593,2.45,4.30523449,4.9,412.02254,0.408163265,82.15686,2,0
1444,Fe2O3,NH2,20.0,0.0005,-33.33,HeLa,H,Human,Epithelial,Cervix,24,Live/Dead,Sytox Red,cell membrane integrity,N,N,N,1.83,3.66,0.649350649,2,159.6,3,3.0,-1395.23559,502.72,681.67,10.088616,-10.089,-3.015,108,911.082,2,6.552,3.537,6.068519084,7.074,277.174898,0.282725474,98.24219,2,0
1445,Fe2O3,NH2,20.0,0.005,-33.33,HeLa,H,Human,Epithelial,Cervix,24,Live/Dead,Sytox Red,cell membrane integrity,N,N,N,1.83,3.66,0.649350649,2,159.6,3,3.0,-1395.23559,502.72,681.67,10.088616,-10.089,-3.015,108,911.082,2,6.552,3.537,6.068519084,7.074,277.174898,0.282725474,90.625,2,0
1446,Fe2O3,NH2,20.0,0.05,-33.33,HeLa,H,Human,Epithelial,Cervix,24,Live/Dead,Sytox Red,cell membrane integrity,N,N,N,1.83,3.66,0.606060606,2,159.6,3,3.0,-725.87448,322.92,463.16,5.91594,-5.916,-2.018,62,1351.451,2,3.967,1.949,4.037221396,3.898,216.66638,0.513083633,79.296875,2,0
1447,Fe2O3,NH2,20.0,0.0005,-40.5,MG63,H,Human,Fibroblast,Bone,24,Live/Dead,Trypan Blue,cell membrane integrity,N,N,N,1.83,3.66,0.273224044,2,159.6,3,3.0,-1243.5544,408.48,633.93,10.715248,-10.715,-4.819,128,1165.8436,2,7.767,2.948,10.23173151,5.896,52.909352,0.339213026,99.80469,2,0
1448,Fe2O3,NH2,20.0,0.005,-40.5,MG63,H,Human,Fibroblast,Bone,24,Live/Dead,Trypan Blue,cell membrane integrity,N,N,N,1.83,3.66,0.273224044,2,159.6,3,3.0,-1243.5544,408.48,633.93,10.715248,-10.715,-4.819,128,1165.8436,2,7.767,2.948,10.23173151,5.896,52.909352,0.339213026,94.72656,2,0
1449,Fe2O3,NH2,20.0,0.05,-40.5,MG63,H,Human,Fibroblast,Bone,24,Live/Dead,Trypan Blue,cell membrane integrity,N,N,N,1.83,3.66,0.273224044,2,159.6,3,3.0,-1243.5544,408.48,633.93,10.715248,-10.715,-4.819,128,1165.8436,2,7.767,2.948,10.23173151,5.896,52.909352,0.339213026,88.671875,2,0
1450,Fe2O3,,13.5,0.001,12.1,SHSY5Y,H,Human,Epithelial,Bone Marrow,48,MTS,Tetrazolium Salt,cell metabolic activity,N,N,N,1.83,3.66,0.273224044,2,159.6,3,3.0,-1243.5544,408.48,633.93,10.715248,-10.715,-4.819,128,1165.8436,2,7.767,2.948,10.23173151,5.896,52.909352,0.339213026,84.26982,2,0
1451,Fe2O3,,13.5,0.1,12.1,SHSY5Y,H,Human,Epithelial,Bone Marrow,48,MTS,Tetrazolium Salt,cell metabolic activity,N,N,N,1.83,3.66,0.273224044,2,159.6,3,3.0,-1243.5544,408.48,633.93,10.715248,-10.715,-4.819,128,1165.8436,2,7.767,2.948,10.23173151,5.896,52.909352,0.339213026,82.371574,2,0
1452,Fe2O3,,13.5,1.0,12.1,SHSY5Y,H,Human,Epithelial,Bone Marrow,48,MTS,Tetrazolium Salt,cell metabolic activity,N,N,N,1.83,3.66,0.273224044,2,159.6,3,3.0,-1243.5544,408.48,633.93,10.715248,-10.715,-4.819,128,1165.8436,2,7.767,2.948,10.23173151,5.896,52.909352,0.339213026,61.130886,2,0
1453,Fe2O3,,13.5,10.0,12.1,SHSY5Y,H,Human,Epithelial,Bone Marrow,48,MTS,Tetrazolium Salt,cell metabolic activity,N,N,N,1.83,3.66,0.273224044,2,159.6,3,3.0,-1243.5544,408.48,633.93,10.715248,-10.715,-4.819,128,1165.8436,2,7.767,2.948,10.23173151,5.896,52.909352,0.339213026,69.08662,2,0
1454,Fe2O3,,13.5,100.0,12.1,SHSY5Y,H,Human,Epithelial,Bone Marrow,48,MTS,Tetrazolium Salt,cell metabolic activity,N,N,N,1.83,3.66,0.273224044,2,159.6,3,3.0,-1243.5544,408.48,633.93,10.715248,-10.715,-4.819,128,1165.8436,2,7.767,2.948,10.23173151,5.896,52.909352,0.339213026,78.13834,2,0
1455,Fe2O3,,13.5,0.001,12.1,H4,H,Human,Epithelial,Brain,48,MTS,Tetrazolium Salt,cell metabolic activity,N,N,N,1.83,3.66,0.273224044,2,159.6,3,3.0,-1243.5544,408.48,633.93,10.715248,-10.715,-4.819,128,1165.8436,2,7.767,2.948,10.23173151,5.896,52.909352,0.339213026,101.673546,2,0
1456,Fe2O3,,13.5,0.1,12.1,H4,H,Human,Epithelial,Brain,48,MTS,Tetrazolium Salt,cell metabolic activity,N,N,N,1.83,3.66,0.273224044,2,159.6,3,3.0,-1243.5544,408.48,633.93,10.715248,-10.715,-4.819,128,1165.8436,2,7.767,2.948,10.23173151,5.896,52.909352,0.339213026,93.43899,2,0
1457,Fe2O3,,13.5,1.0,12.1,H4,H,Human,Epithelial,Brain,48,MTS,Tetrazolium Salt,cell metabolic activity,N,N,N,1.83,3.66,0.273224044,2,159.6,3,3.0,-1243.5544,408.48,633.93,10.715248,-10.715,-4.819,128,1165.8436,2,7.767,2.948,10.23173151,5.896,52.909352,0.339213026,87.846344,2,0
1458,Fe2O3,,13.5,10.0,12.1,H4,H,Human,Epithelial,Brain,48,MTS,Tetrazolium Salt,cell metabolic activity,N,N,N,1.83,3.66,0.273224044,2,159.6,3,3.0,-1243.5544,408.48,633.93,10.715248,-10.715,-4.819,128,1165.8436,2,7.767,2.948,10.23173151,5.896,52.909352,0.339213026,84.520706,2,0
1459,Fe2O3,,13.5,100.0,12.1,H4,H,Human,Epithelial,Brain,48,MTS,Tetrazolium Salt,cell metabolic activity,N,N,N,1.83,3.66,0.273224044,2,159.6,3,3.0,-1243.5544,408.48,633.93,10.715248,-10.715,-4.819,128,1165.8436,2,7.767,2.948,10.23173151,5.896,52.909352,0.339213026,86.864334,2,0
1460,Fe2O3,,13.5,0.001,17.7,SHSY5Y,H,Human,Epithelial,Bone Marrow,48,Live/Dead,Trypan Blue,cell membrane integrity,N,N,N,1.83,3.66,0.273224044,2,159.6,3,3.0,-1243.5544,408.48,633.93,10.715248,-10.715,-4.819,128,1165.8436,2,7.767,2.948,10.23173151,5.896,52.909352,0.339213026,97.64653,2,0
1461,Fe2O3,,13.5,0.1,17.7,SHSY5Y,H,Human,Epithelial,Bone Marrow,48,Live/Dead,Trypan Blue,cell membrane integrity,N,N,N,1.83,3.66,0.273224044,2,159.6,3,3.0,-1243.5544,408.48,633.93,10.715248,-10.715,-4.819,128,1165.8436,2,7.767,2.948,10.23173151,5.896,52.909352,0.339213026,98.492836,2,0
1462,Fe2O3,,13.5,1.0,17.7,SHSY5Y,H,Human,Epithelial,Bone Marrow,48,Live/Dead,Trypan Blue,cell membrane integrity,N,N,N,1.83,3.66,0.273224044,2,159.6,3,3.0,-1243.5544,408.48,633.93,10.715248,-10.715,-4.819,128,1165.8436,2,7.767,2.948,10.23173151,5.896,52.909352,0.339213026,96.617325,2,0
1463,Fe2O3,,13.5,10.0,17.7,SHSY5Y,H,Human,Epithelial,Bone Marrow,48,Live/Dead,Trypan Blue,cell membrane integrity,N,N,N,1.83,3.66,0.273224044,2,159.6,3,3.0,-1243.5544,408.48,633.93,10.715248,-10.715,-4.819,128,1165.8436,2,7.767,2.948,10.23173151,5.896,52.909352,0.339213026,99.58113,2,0
1464,Fe2O3,,13.5,100.0,17.7,SHSY5Y,H,Human,Epithelial,Bone Marrow,48,Live/Dead,Trypan Blue,cell membrane integrity,N,N,N,1.83,3.66,0.273224044,2,159.6,3,3.0,-1243.5544,408.48,633.93,10.715248,-10.715,-4.819,128,1165.8436,2,7.767,2.948,10.23173151,5.896,52.909352,0.339213026,98.008865,2,0
1465,Fe2O3,,13.5,0.001,17.7,H4,H,Human,Epithelial,Brain,48,Live/Dead,Trypan Blue,cell membrane integrity,N,N,N,1.83,3.66,0.273224044,2,159.6,3,3.0,-1243.5544,408.48,633.93,10.715248,-10.715,-4.819,128,1165.8436,2,7.767,2.948,10.23173151,5.896,52.909352,0.339213026,100.04773,2,0
1466,Fe2O3,,13.5,0.1,17.7,H4,H,Human,Epithelial,Brain,48,Live/Dead,Trypan Blue,cell membrane integrity,N,N,N,1.83,3.66,0.273224044,2,159.6,3,3.0,-1243.5544,408.48,633.93,10.715248,-10.715,-4.819,128,1165.8436,2,7.767,2.948,10.23173151,5.896,52.909352,0.339213026,99.98777,2,0
1467,Fe2O3,,13.5,1.0,17.7,H4,H,Human,Epithelial,Brain,48,Live/Dead,Trypan Blue,cell membrane integrity,N,N,N,1.83,3.66,0.273224044,2,159.6,3,3.0,-1243.5544,408.48,633.93,10.715248,-10.715,-4.819,128,1165.8436,2,7.767,2.948,10.23173151,5.896,52.909352,0.339213026,99.92608,2,0
1468,Fe2O3,,13.5,10.0,17.7,H4,H,Human,Epithelial,Brain,48,Live/Dead,Trypan Blue,cell membrane integrity,N,N,N,1.83,3.66,0.273224044,2,159.6,3,3.0,-1243.5544,408.48,633.93,10.715248,-10.715,-4.819,128,1165.8436,2,7.767,2.948,10.23173151,5.896,52.909352,0.339213026,98.65619,2,0
1469,Fe2O3,,13.5,100.0,17.7,H4,H,Human,Epithelial,Brain,48,Live/Dead,Trypan Blue,cell membrane integrity,N,N,N,1.83,3.66,0.273224044,2,159.6,3,3.0,-1243.5544,408.48,633.93,10.715248,-10.715,-4.819,128,1165.8436,2,7.767,2.948,10.23173151,5.896,52.909352,0.339213026,99.80574,2,0
1470,Fe2O3,PEG,18.4,4.86e-05,-23.5,SKOV3,H,Human,Epithelial,Ovary,24,MTT,Tetrazolium Salt,cell metabolic activity,N,N,Y,1.83,3.66,0.273224044,2,159.6,3,3.0,-1243.5544,408.48,633.93,10.715248,-10.715,-4.819,128,1165.8436,2,7.767,2.948,10.23173151,5.896,52.909352,0.339213026,89.89899,2,0
1471,Fe2O3,PEG,18.4,9.72e-05,-23.5,SKOV3,H,Human,Epithelial,Ovary,24,MTT,Tetrazolium Salt,cell metabolic activity,N,N,Y,1.83,3.66,0.273224044,2,159.6,3,3.0,-1243.5544,408.48,633.93,10.715248,-10.715,-4.819,128,1165.8436,2,7.767,2.948,10.23173151,5.896,52.909352,0.339213026,90.40404,2,0
1472,Fe2O3,PEG,18.4,0.000485776,-23.5,SKOV3,H,Human,Epithelial,Ovary,24,MTT,Tetrazolium Salt,cell metabolic activity,N,N,Y,1.83,3.66,0.273224044,2,159.6,3,3.0,-1243.5544,408.48,633.93,10.715248,-10.715,-4.819,128,1165.8436,2,7.767,2.948,10.23173151,5.896,52.909352,0.339213026,93.93939,2,0
1473,Fe2O3,PEG,18.4,0.000971552,-23.5,SKOV3,H,Human,Epithelial,Ovary,24,MTT,Tetrazolium Salt,cell metabolic activity,N,N,Y,1.83,3.66,0.273224044,2,159.6,3,3.0,-1243.5544,408.48,633.93,10.715248,-10.715,-4.819,128,1165.8436,2,7.767,2.948,10.23173151,5.896,52.909352,0.339213026,91.91919,2,0
1474,Fe2O3,PEG,18.4,0.00485776,-23.5,SKOV3,H,Human,Epithelial,Ovary,24,MTT,Tetrazolium Salt,cell metabolic activity,N,N,Y,1.83,3.66,0.273224044,2,159.6,3,3.0,-1243.5544,408.48,633.93,10.715248,-10.715,-4.819,128,1165.8436,2,7.767,2.948,10.23173151,5.896,52.909352,0.339213026,80.80808,2,0
1475,Fe2O3,PEG,18.4,0.009715521,-23.5,SKOV3,H,Human,Epithelial,Ovary,24,MTT,Tetrazolium Salt,cell metabolic activity,N,N,Y,1.83,3.66,0.273224044,2,159.6,3,3.0,-1243.5544,408.48,633.93,10.715248,-10.715,-4.819,128,1165.8436,2,7.767,2.948,10.23173151,5.896,52.909352,0.339213026,74.747475,2,0
1476,Fe2O3,PEG,18.4,4.86e-05,-23.5,SKOV3,H,Human,Epithelial,Ovary,48,MTT,Tetrazolium Salt,cell metabolic activity,N,N,Y,1.83,3.66,0.273224044,2,159.6,3,3.0,-1243.5544,408.48,633.93,10.715248,-10.715,-4.819,128,1165.8436,2,7.767,2.948,10.23173151,5.896,52.909352,0.339213026,105.55556,2,0
1477,Fe2O3,PEG,18.4,9.72e-05,-23.5,SKOV3,H,Human,Epithelial,Ovary,48,MTT,Tetrazolium Salt,cell metabolic activity,N,N,Y,1.83,3.66,0.273224044,2,159.6,3,3.0,-1243.5544,408.48,633.93,10.715248,-10.715,-4.819,128,1165.8436,2,7.767,2.948,10.23173151,5.896,52.909352,0.339213026,96.969696,2,0
1478,Fe2O3,PEG,18.4,0.000485776,-23.5,SKOV3,H,Human,Epithelial,Ovary,48,MTT,Tetrazolium Salt,cell metabolic activity,N,N,Y,1.83,3.66,0.273224044,2,159.6,3,3.0,-1243.5544,408.48,633.93,10.715248,-10.715,-4.819,128,1165.8436,2,7.767,2.948,10.23173151,5.896,52.909352,0.339213026,94.44444,2,0
1479,Fe2O3,PEG,18.4,0.000971552,-23.5,SKOV3,H,Human,Epithelial,Ovary,48,MTT,Tetrazolium Salt,cell metabolic activity,N,N,Y,1.83,3.66,0.273224044,2,159.6,3,3.0,-1243.5544,408.48,633.93,10.715248,-10.715,-4.819,128,1165.8436,2,7.767,2.948,10.23173151,5.896,52.909352,0.339213026,89.393936,2,0
1480,Fe2O3,PEG,18.4,0.00485776,-23.5,SKOV3,H,Human,Epithelial,Ovary,48,MTT,Tetrazolium Salt,cell metabolic activity,N,N,Y,1.83,3.66,0.273224044,2,159.6,3,3.0,-1243.5544,408.48,633.93,10.715248,-10.715,-4.819,128,1165.8436,2,7.767,2.948,10.23173151,5.896,52.909352,0.339213026,87.37374,2,0
1481,Fe2O3,PEG,18.4,0.009715521,-23.5,SKOV3,H,Human,Epithelial,Ovary,48,MTT,Tetrazolium Salt,cell metabolic activity,N,N,Y,1.83,3.66,0.273224044,2,159.6,3,3.0,-1243.5544,408.48,633.93,10.715248,-10.715,-4.819,128,1165.8436,2,7.767,2.948,10.23173151,5.896,52.909352,0.339213026,82.828285,2,0
1482,Fe2O3,folic acid with intermediate organic (PEG) coating,326.5,8.69e-09,-23.5,SKOV3,H,Human,Epithelial,Ovary,24,MTT,Tetrazolium Salt,cell metabolic activity,N,N,Y,1.83,3.66,0.273224044,2,159.6,3,3.0,-1243.5544,408.48,633.93,10.715248,-10.715,-4.819,128,1165.8436,2,7.767,2.948,10.23173151,5.896,52.909352,0.339213026,88.359535,2,0
1483,Fe2O3,folic acid with intermediate organic (PEG) coating,326.5,1.74e-08,-23.5,SKOV3,H,Human,Epithelial,Ovary,24,MTT,Tetrazolium Salt,cell metabolic activity,N,N,Y,1.83,3.66,0.273224044,2,159.6,3,3.0,-1243.5544,408.48,633.93,10.715248,-10.715,-4.819,128,1165.8436,2,7.767,2.948,10.23173151,5.896,52.909352,0.339213026,87.291214,2,0
1484,Fe2O3,folic acid with intermediate organic (PEG) coating,326.5,8.69e-08,-23.5,SKOV3,H,Human,Epithelial,Ovary,24,MTT,Tetrazolium Salt,cell metabolic activity,N,N,Y,1.83,3.66,0.273224044,2,159.6,3,3.0,-1243.5544,408.48,633.93,10.715248,-10.715,-4.819,128,1165.8436,2,7.767,2.948,10.23173151,5.896,52.909352,0.339213026,86.72798,2,0
1485,Fe2O3,folic acid with intermediate organic (PEG) coating,326.5,1.74e-07,-23.5,SKOV3,H,Human,Epithelial,Ovary,24,MTT,Tetrazolium Salt,cell metabolic activity,N,N,Y,1.83,3.66,0.273224044,2,159.6,3,3.0,-1243.5544,408.48,633.93,10.715248,-10.715,-4.819,128,1165.8436,2,7.767,2.948,10.23173151,5.896,52.909352,0.339213026,90.683495,2,0
1486,Fe2O3,folic acid with intermediate organic (PEG) coating,326.5,8.69e-07,-23.5,SKOV3,H,Human,Epithelial,Ovary,24,MTT,Tetrazolium Salt,cell metabolic activity,N,N,Y,1.83,3.66,0.273224044,2,159.6,3,3.0,-1243.5544,408.48,633.93,10.715248,-10.715,-4.819,128,1165.8436,2,7.767,2.948,10.23173151,5.896,52.909352,0.339213026,88.110214,2,0
1487,Fe2O3,folic acid with intermediate organic (PEG) coating,326.5,1.74e-06,-23.5,SKOV3,H,Human,Epithelial,Ovary,24,MTT,Tetrazolium Salt,cell metabolic activity,N,N,Y,1.83,3.66,0.273224044,2,159.6,3,3.0,-1243.5544,408.48,633.93,10.715248,-10.715,-4.819,128,1165.8436,2,7.767,2.948,10.23173151,5.896,52.909352,0.339213026,85.534355,2,0
1488,Fe2O3,folic acid with intermediate organic (PEG) coating,326.5,8.69e-09,-23.5,SKOV3,H,Human,Epithelial,Ovary,48,MTT,Tetrazolium Salt,cell metabolic activity,N,N,Y,1.83,3.66,0.273224044,2,159.6,3,3.0,-1243.5544,408.48,633.93,10.715248,-10.715,-4.819,128,1165.8436,2,7.767,2.948,10.23173151,5.896,52.909352,0.339213026,97.88402,2,0
1489,Fe2O3,folic acid with intermediate organic (PEG) coating,326.5,1.74e-08,-23.5,SKOV3,H,Human,Epithelial,Ovary,48,MTT,Tetrazolium Salt,cell metabolic activity,N,N,Y,1.83,3.66,0.273224044,2,159.6,3,3.0,-1243.5544,408.48,633.93,10.715248,-10.715,-4.819,128,1165.8436,2,7.767,2.948,10.23173151,5.896,52.909352,0.339213026,98.82833,2,0
1490,Fe2O3,folic acid with intermediate organic (PEG) coating,326.5,8.69e-08,-23.5,SKOV3,H,Human,Epithelial,Ovary,48,MTT,Tetrazolium Salt,cell metabolic activity,N,N,Y,1.83,3.66,0.273224044,2,159.6,3,3.0,-1243.5544,408.48,633.93,10.715248,-10.715,-4.819,128,1165.8436,2,7.767,2.948,10.23173151,5.896,52.909352,0.339213026,92.73359,2,0
1491,Fe2O3,folic acid with intermediate organic (PEG) coating,326.5,1.74e-07,-23.5,SKOV3,H,Human,Epithelial,Ovary,48,MTT,Tetrazolium Salt,cell metabolic activity,N,N,Y,1.83,3.66,0.273224044,2,159.6,3,3.0,-1243.5544,408.48,633.93,10.715248,-10.715,-4.819,128,1165.8436,2,7.767,2.948,10.23173151,5.896,52.909352,0.339213026,92.671585,2,0
1492,Fe2O3,folic acid with intermediate organic (PEG) coating,326.5,8.69e-07,-23.5,SKOV3,H,Human,Epithelial,Ovary,48,MTT,Tetrazolium Salt,cell metabolic activity,N,N,Y,1.83,3.66,0.273224044,2,159.6,3,3.0,-1243.5544,408.48,633.93,10.715248,-10.715,-4.819,128,1165.8436,2,7.767,2.948,10.23173151,5.896,52.909352,0.339213026,88.08567,2,0
1493,Fe2O3,folic acid with intermediate organic (PEG) coating,326.5,1.74e-06,-23.5,SKOV3,H,Human,Epithelial,Ovary,48,MTT,Tetrazolium Salt,cell metabolic activity,N,N,Y,1.83,3.66,0.273224044,2,159.6,3,3.0,-1243.5544,408.48,633.93,10.715248,-10.715,-4.819,128,1165.8436,2,7.767,2.948,10.23173151,5.896,52.909352,0.339213026,86.01491,2,0
1494,Fe2O3,folic acid with intermediate inorganic (silica) coating,274.1,1.47e-08,-27.7,SKOV3,H,Human,Epithelial,Ovary,24,MTT,Tetrazolium Salt,cell metabolic activity,N,N,Y,1.83,3.66,0.273224044,2,159.6,3,3.0,-1243.5544,408.48,633.93,10.715248,-10.715,-4.819,128,1165.8436,2,7.767,2.948,10.23173151,5.896,52.909352,0.339213026,87.878784,2,0
1495,Fe2O3,folic acid with intermediate inorganic (silica) coating,274.1,2.94e-08,-27.7,SKOV3,H,Human,Epithelial,Ovary,24,MTT,Tetrazolium Salt,cell metabolic activity,N,N,Y,1.83,3.66,0.273224044,2,159.6,3,3.0,-1243.5544,408.48,633.93,10.715248,-10.715,-4.819,128,1165.8436,2,7.767,2.948,10.23173151,5.896,52.909352,0.339213026,86.36364,2,0
1496,Fe2O3,folic acid with intermediate inorganic (silica) coating,274.1,1.47e-07,-27.7,SKOV3,H,Human,Epithelial,Ovary,24,MTT,Tetrazolium Salt,cell metabolic activity,N,N,Y,1.83,3.66,0.273224044,2,159.6,3,3.0,-1243.5544,408.48,633.93,10.715248,-10.715,-4.819,128,1165.8436,2,7.767,2.948,10.23173151,5.896,52.909352,0.339213026,83.333336,2,0
1497,Fe2O3,folic acid with intermediate inorganic (silica) coating,274.1,2.94e-07,-27.7,SKOV3,H,Human,Epithelial,Ovary,24,MTT,Tetrazolium Salt,cell metabolic activity,N,N,Y,1.83,3.66,0.273224044,2,159.6,3,3.0,-1243.5544,408.48,633.93,10.715248,-10.715,-4.819,128,1165.8436,2,7.767,2.948,10.23173151,5.896,52.909352,0.339213026,91.91919,2,0
1498,Fe2O3,folic acid with intermediate inorganic (silica) coating,274.1,1.47e-06,-27.7,SKOV3,H,Human,Epithelial,Ovary,24,MTT,Tetrazolium Salt,cell metabolic activity,N,N,Y,1.83,3.66,0.273224044,2,159.6,3,3.0,-1243.5544,408.48,633.93,10.715248,-10.715,-4.819,128,1165.8436,2,7.767,2.948,10.23173151,5.896,52.909352,0.339213026,85.85859,2,0
1499,Fe2O3,folic acid with intermediate inorganic (silica) coating,274.1,2.94e-06,-27.7,SKOV3,H,Human,Epithelial,Ovary,24,MTT,Tetrazolium Salt,cell metabolic activity,N,N,Y,1.83,3.66,0.273224044,2,159.6,3,3.0,-1243.5544,408.48,633.93,10.715248,-10.715,-4.819,128,1165.8436,2,7.767,2.948,10.23173151,5.896,52.909352,0.339213026,83.83839,2,0
1500,Fe2O3,folic acid with intermediate inorganic (silica) coating,274.1,1.47e-08,-27.7,SKOV3,H,Human,Epithelial,Ovary,48,MTT,Tetrazolium Salt,cell metabolic activity,N,N,Y,1.83,3.66,0.273224044,2,159.6,3,3.0,-1243.5544,408.48,633.93,10.715248,-10.715,-4.819,128,1165.8436,2,7.767,2.948,10.23173151,5.896,52.909352,0.339213026,93.43434,2,0
1501,Fe2O3,folic acid with intermediate inorganic (silica) coating,274.1,2.94e-08,-27.7,SKOV3,H,Human,Epithelial,Ovary,48,MTT,Tetrazolium Salt,cell metabolic activity,N,N,Y,1.83,3.66,0.273224044,2,159.6,3,3.0,-1243.5544,408.48,633.93,10.715248,-10.715,-4.819,128,1165.8436,2,7.767,2.948,10.23173151,5.896,52.909352,0.339213026,87.37374,2,0
1502,Fe2O3,folic acid with intermediate inorganic (silica) coating,274.1,1.47e-07,-27.7,SKOV3,H,Human,Epithelial,Ovary,48,MTT,Tetrazolium Salt,cell metabolic activity,N,N,Y,1.83,3.66,0.273224044,2,159.6,3,3.0,-1243.5544,408.48,633.93,10.715248,-10.715,-4.819,128,1165.8436,2,7.767,2.948,10.23173151,5.896,52.909352,0.339213026,88.383835,2,0
1503,Fe2O3,folic acid with intermediate inorganic (silica) coating,274.1,2.94e-07,-27.7,SKOV3,H,Human,Epithelial,Ovary,48,MTT,Tetrazolium Salt,cell metabolic activity,N,N,Y,1.83,3.66,0.273224044,2,159.6,3,3.0,-1243.5544,408.48,633.93,10.715248,-10.715,-4.819,128,1165.8436,2,7.767,2.948,10.23173151,5.896,52.909352,0.339213026,89.393936,2,0
1504,Fe2O3,folic acid with intermediate inorganic (silica) coating,274.1,1.47e-06,-27.7,SKOV3,H,Human,Epithelial,Ovary,48,MTT,Tetrazolium Salt,cell metabolic activity,N,N,Y,1.83,3.66,0.273224044,2,159.6,3,3.0,-1243.5544,408.48,633.93,10.715248,-10.715,-4.819,128,1165.8436,2,7.767,2.948,10.23173151,5.896,52.909352,0.339213026,85.35354,2,0
1505,Fe2O3,folic acid with intermediate inorganic (silica) coating,274.1,2.94e-06,-27.7,SKOV3,H,Human,Epithelial,Ovary,48,MTT,Tetrazolium Salt,cell metabolic activity,N,N,Y,1.83,3.66,0.273224044,2,159.6,3,3.0,-1243.5544,408.48,633.93,10.715248,-10.715,-4.819,128,1165.8436,2,7.767,2.948,10.23173151,5.896,52.909352,0.339213026,83.333336,2,0
1506,Fe2O3,,36.0,0.000129722,42.28,A549,H,Human,Epithelial,Lung,24,MTT,Tetrazolium Salt,cell metabolic activity,N,N,N,1.83,3.66,0.273224044,2,159.6,3,3.0,-1243.5544,408.48,633.93,10.715248,-10.715,-4.819,128,1165.8436,2,7.767,2.948,10.23173151,5.896,52.909352,0.339213026,84.31279,2,0
1507,Fe2O3,,36.0,0.000324304,42.28,A549,H,Human,Epithelial,Lung,24,MTT,Tetrazolium Salt,cell metabolic activity,N,N,N,1.83,3.66,0.273224044,2,159.6,3,3.0,-1243.5544,408.48,633.93,10.715248,-10.715,-4.819,128,1165.8436,2,7.767,2.948,10.23173151,5.896,52.909352,0.339213026,72.735,2,0
1508,Fe2O3,,36.0,0.000648608,42.28,A549,H,Human,Epithelial,Lung,24,MTT,Tetrazolium Salt,cell metabolic activity,N,N,N,1.83,3.66,0.273224044,2,159.6,3,3.0,-1243.5544,408.48,633.93,10.715248,-10.715,-4.819,128,1165.8436,2,7.767,2.948,10.23173151,5.896,52.909352,0.339213026,56.729298,2,0
1509,Fe2O3,,36.0,0.000129722,42.28,A549,H,Human,Epithelial,Lung,24,NR,toluylene red,lysosomal uptake,N,N,N,1.83,3.66,0.273224044,2,159.6,3,3.0,-1243.5544,408.48,633.93,10.715248,-10.715,-4.819,128,1165.8436,2,7.767,2.948,10.23173151,5.896,52.909352,0.339213026,86.00683,2,0
1510,Fe2O3,,36.0,0.000324304,42.28,A549,H,Human,Epithelial,Lung,24,NR,toluylene red,lysosomal uptake,N,N,N,1.83,3.66,0.273224044,2,159.6,3,3.0,-1243.5544,408.48,633.93,10.715248,-10.715,-4.819,128,1165.8436,2,7.767,2.948,10.23173151,5.896,52.909352,0.339213026,78.22526,2,0
1511,Fe2O3,,36.0,0.000648608,42.28,A549,H,Human,Epithelial,Lung,24,NR,toluylene red,lysosomal uptake,N,N,N,1.83,3.66,0.273224044,2,159.6,3,3.0,-1243.5544,408.48,633.93,10.715248,-10.715,-4.819,128,1165.8436,2,7.767,2.948,10.23173151,5.896,52.909352,0.339213026,65.52901,2,0
1512,Fe3O4,,22.0,43.1890818,-39.67,A549,H,Human,Epithelial,Lung,24,MTT,Tetrazolium Salt,cell metabolic activity,N,N,N,1.83,5.49,0.182149362,3,231.54,4,2.666666667,-276.77172,391.89,596.11,8.287526,-8.288,-3.526,98,1005.8496,5,5.907,2.381,7.327309744,4.762,279.547817,0.4199916,84.0,2,0
1513,Fe3O4,,22.0,107.9727045,-39.67,A549,H,Human,Epithelial,Lung,24,MTT,Tetrazolium Salt,cell metabolic activity,N,N,N,1.83,5.49,0.182149362,3,231.54,4,2.666666667,-276.77172,391.89,596.11,8.287526,-8.288,-3.526,98,1005.8496,5,5.907,2.381,7.327309744,4.762,279.547817,0.4199916,72.0,2,0
1514,Fe3O4,,22.0,215.945409,-39.67,A549,H,Human,Epithelial,Lung,24,MTT,Tetrazolium Salt,cell metabolic activity,N,N,N,1.83,5.49,0.182149362,3,231.54,4,2.666666667,-276.77172,391.89,596.11,8.287526,-8.288,-3.526,98,1005.8496,5,5.907,2.381,7.327309744,4.762,279.547817,0.4199916,56.0,2,0
1515,Fe3O4,,22.0,43.1890818,-39.67,A549,H,Human,Epithelial,Lung,24,NRU,NeutralRed,cell metabolic activity,N,N,N,1.83,5.49,0.182149362,3,231.54,4,2.666666667,-276.77172,391.89,596.11,8.287526,-8.288,-3.526,98,1005.8496,5,5.907,2.381,7.327309744,4.762,279.547817,0.4199916,87.0,2,0
1516,Fe3O4,,22.0,107.9727045,-39.67,A549,H,Human,Epithelial,Lung,24,NRU,NeutralRed,cell metabolic activity,N,N,N,1.83,5.49,0.182149362,3,231.54,4,2.666666667,-276.77172,391.89,596.11,8.287526,-8.288,-3.526,98,1005.8496,5,5.907,2.381,7.327309744,4.762,279.547817,0.4199916,79.0,2,0
1517,Fe3O4,,22.0,215.945409,-39.67,A549,H,Human,Epithelial,Lung,24,NRU,NeutralRed,cell metabolic activity,N,N,N,1.83,5.49,0.182149362,3,231.54,4,2.666666667,-276.77172,391.89,596.11,8.287526,-8.288,-3.526,98,1005.8496,5,5.907,2.381,7.327309744,4.762,279.547817,0.4199916,65.0,2,0
1518,Fe3O4,PEG,18.4,2.15945409,-23.5,SKOV3,H,Human,Epithelial,Ovary,24,MTT,Tetrazolium Salt,cell metabolic activity,N,N,N,1.83,5.49,0.182149362,3,231.54,4,2.666666667,-276.77172,391.89,596.11,8.287526,-8.288,-3.526,98,1005.8496,5,5.907,2.381,7.327309744,4.762,279.547817,0.4199916,88.907,2,0
1519,Fe3O4,PEG,18.4,4.31890818,-23.5,SKOV3,H,Human,Epithelial,Ovary,24,MTT,Tetrazolium Salt,cell metabolic activity,N,N,N,1.83,5.49,0.182149362,3,231.54,4,2.666666667,-276.77172,391.89,596.11,8.287526,-8.288,-3.526,98,1005.8496,5,5.907,2.381,7.327309744,4.762,279.547817,0.4199916,89.723,2,0
1520,Fe3O4,PEG,18.4,21.5945409,-23.5,SKOV3,H,Human,Epithelial,Ovary,24,MTT,Tetrazolium Salt,cell metabolic activity,N,N,N,1.83,5.49,0.182149362,3,231.54,4,2.666666667,-276.77172,391.89,596.11,8.287526,-8.288,-3.526,98,1005.8496,5,5.907,2.381,7.327309744,4.762,279.547817,0.4199916,93.312,2,0
1521,Fe3O4,PEG,18.4,43.1890818,-23.5,SKOV3,H,Human,Epithelial,Ovary,24,MTT,Tetrazolium Salt,cell metabolic activity,N,N,N,1.83,5.49,0.182149362,3,231.54,4,2.666666667,-276.77172,391.89,596.11,8.287526,-8.288,-3.526,98,1005.8496,5,5.907,2.381,7.327309744,4.762,279.547817,0.4199916,91.517,2,0
1522,Fe3O4,PEG,18.4,215.945409,-23.5,SKOV3,H,Human,Epithelial,Ovary,24,MTT,Tetrazolium Salt,cell metabolic activity,N,N,N,1.83,5.49,0.182149362,3,231.54,4,2.666666667,-276.77172,391.89,596.11,8.287526,-8.288,-3.526,98,1005.8496,5,5.907,2.381,7.327309744,4.762,279.547817,0.4199916,80.914,2,0
1523,Fe3O4,PEG,18.4,431.890818,-23.5,SKOV3,H,Human,Epithelial,Ovary,24,MTT,Tetrazolium Salt,cell metabolic activity,N,N,N,1.83,5.49,0.182149362,3,231.54,4,2.666666667,-276.77172,391.89,596.11,8.287526,-8.288,-3.526,98,1005.8496,5,5.907,2.381,7.327309744,4.762,279.547817,0.4199916,74.388,2,0
1524,Fe3O4,PEG-FA,338.6,2.15945409,-23.5,SKOV3,H,Human,Epithelial,Ovary,24,MTT,Tetrazolium Salt,cell metabolic activity,N,N,N,1.83,5.49,0.182149362,3,231.54,4,2.666666667,-276.77172,391.89,596.11,8.287526,-8.288,-3.526,98,1005.8496,5,5.907,2.381,7.327309744,4.762,279.547817,0.4199916,88.699,2,0
1525,Fe3O4,PEG-FA,338.6,4.31890818,-23.5,SKOV3,H,Human,Epithelial,Ovary,24,MTT,Tetrazolium Salt,cell metabolic activity,N,N,N,1.83,5.49,0.182149362,3,231.54,4,2.666666667,-276.77172,391.89,596.11,8.287526,-8.288,-3.526,98,1005.8496,5,5.907,2.381,7.327309744,4.762,279.547817,0.4199916,87.158,2,0
1526,Fe3O4,PEG-FA,338.6,21.5945409,-23.5,SKOV3,H,Human,Epithelial,Ovary,24,MTT,Tetrazolium Salt,cell metabolic activity,N,N,N,1.83,5.49,0.182149362,3,231.54,4,2.666666667,-276.77172,391.89,596.11,8.287526,-8.288,-3.526,98,1005.8496,5,5.907,2.381,7.327309744,4.762,279.547817,0.4199916,86.473,2,0
1527,Fe3O4,PEG-FA,338.6,43.1890818,-23.5,SKOV3,H,Human,Epithelial,Ovary,24,MTT,Tetrazolium Salt,cell metabolic activity,N,N,N,1.83,5.49,0.182149362,3,231.54,4,2.666666667,-276.77172,391.89,596.11,8.287526,-8.288,-3.526,98,1005.8496,5,5.907,2.381,7.327309744,4.762,279.547817,0.4199916,90.925,2,0
1528,Fe3O4,PEG-FA,338.6,215.945409,-23.5,SKOV3,H,Human,Epithelial,Ovary,24,MTT,Tetrazolium Salt,cell metabolic activity,N,N,N,1.83,5.49,0.182149362,3,231.54,4,2.666666667,-276.77172,391.89,596.11,8.287526,-8.288,-3.526,98,1005.8496,5,5.907,2.381,7.327309744,4.762,279.547817,0.4199916,88.014,2,0
1529,Fe3O4,PEG-FA,338.6,431.890818,-23.5,SKOV3,H,Human,Epithelial,Ovary,24,MTT,Tetrazolium Salt,cell metabolic activity,N,N,N,1.83,5.49,0.182149362,3,231.54,4,2.666666667,-276.77172,391.89,596.11,8.287526,-8.288,-3.526,98,1005.8496,5,5.907,2.381,7.327309744,4.762,279.547817,0.4199916,85.616,2,0
1530,Fe3O4,Silica-FA,338.6,2.15945409,-27.7,SKOV3,H,Human,Epithelial,Ovary,24,MTT,Tetrazolium Salt,cell metabolic activity,N,N,N,1.83,5.49,0.182149362,3,231.54,4,2.666666667,-276.77172,391.89,596.11,8.287526,-8.288,-3.526,98,1005.8496,5,5.907,2.381,7.327309744,4.762,279.547817,0.4199916,87.873,2,0
1531,Fe3O4,Silica-FA,338.6,4.31890818,-27.7,SKOV3,H,Human,Epithelial,Ovary,24,MTT,Tetrazolium Salt,cell metabolic activity,N,N,N,1.83,5.49,0.182149362,3,231.54,4,2.666666667,-276.77172,391.89,596.11,8.287526,-8.288,-3.526,98,1005.8496,5,5.907,2.381,7.327309744,4.762,279.547817,0.4199916,86.455,2,0
1532,Fe3O4,Silica-FA,338.6,21.5945409,-27.7,SKOV3,H,Human,Epithelial,Ovary,24,MTT,Tetrazolium Salt,cell metabolic activity,N,N,N,1.83,5.49,0.182149362,3,231.54,4,2.666666667,-276.77172,391.89,596.11,8.287526,-8.288,-3.526,98,1005.8496,5,5.907,2.381,7.327309744,4.762,279.547817,0.4199916,83.445,2,0
1533,Fe3O4,Silica-FA,338.6,43.1890818,-27.7,SKOV3,H,Human,Epithelial,Ovary,24,MTT,Tetrazolium Salt,cell metabolic activity,N,N,N,1.83,5.49,0.182149362,3,231.54,4,2.666666667,-276.77172,391.89,596.11,8.287526,-8.288,-3.526,98,1005.8496,5,5.907,2.381,7.327309744,4.762,279.547817,0.4199916,91.639,2,0
1534,Fe3O4,Silica-FA,338.6,215.945409,-27.7,SKOV3,H,Human,Epithelial,Ovary,24,MTT,Tetrazolium Salt,cell metabolic activity,N,N,N,1.83,5.49,0.182149362,3,231.54,4,2.666666667,-276.77172,391.89,596.11,8.287526,-8.288,-3.526,98,1005.8496,5,5.907,2.381,7.327309744,4.762,279.547817,0.4199916,85.786,2,0
1535,Fe3O4,Silica-FA,338.6,431.890818,-27.7,SKOV3,H,Human,Epithelial,Ovary,24,MTT,Tetrazolium Salt,cell metabolic activity,N,N,N,1.83,5.49,0.182149362,3,231.54,4,2.666666667,-276.77172,391.89,596.11,8.287526,-8.288,-3.526,98,1005.8496,5,5.907,2.381,7.327309744,4.762,279.547817,0.4199916,84.114,2,0
1536,Fe3O4,PEG,18.4,2.15945409,-23.5,SKOV3,H,Human,Epithelial,Ovary,48,MTT,Tetrazolium Salt,cell metabolic activity,N,N,N,1.83,5.49,0.182149362,3,231.54,4,2.666666667,-276.77172,391.89,596.11,8.287526,-8.288,-3.526,98,1005.8496,5,5.907,2.381,7.327309744,4.762,279.547817,0.4199916,105.22,2,0
1537,Fe3O4,PEG,18.4,4.31890818,-23.5,SKOV3,H,Human,Epithelial,Ovary,48,MTT,Tetrazolium Salt,cell metabolic activity,N,N,N,1.83,5.49,0.182149362,3,231.54,4,2.666666667,-276.77172,391.89,596.11,8.287526,-8.288,-3.526,98,1005.8496,5,5.907,2.381,7.327309744,4.762,279.547817,0.4199916,96.9,2,0
1538,Fe3O4,PEG,18.4,21.5945409,-23.5,SKOV3,H,Human,Epithelial,Ovary,48,MTT,Tetrazolium Salt,cell metabolic activity,N,N,N,1.83,5.49,0.182149362,3,231.54,4,2.666666667,-276.77172,391.89,596.11,8.287526,-8.288,-3.526,98,1005.8496,5,5.907,2.381,7.327309744,4.762,279.547817,0.4199916,94.29,2,0
1539,Fe3O4,PEG,18.4,43.1890818,-23.5,SKOV3,H,Human,Epithelial,Ovary,48,MTT,Tetrazolium Salt,cell metabolic activity,N,N,N,1.83,5.49,0.182149362,3,231.54,4,2.666666667,-276.77172,391.89,596.11,8.287526,-8.288,-3.526,98,1005.8496,5,5.907,2.381,7.327309744,4.762,279.547817,0.4199916,89.886,2,0
1540,Fe3O4,PEG,18.4,215.945409,-23.5,SKOV3,H,Human,Epithelial,Ovary,48,MTT,Tetrazolium Salt,cell metabolic activity,N,N,N,1.83,5.49,0.182149362,3,231.54,4,2.666666667,-276.77172,391.89,596.11,8.287526,-8.288,-3.526,98,1005.8496,5,5.907,2.381,7.327309744,4.762,279.547817,0.4199916,86.949,2,0
1541,Fe3O4,PEG,18.4,431.890818,-23.5,SKOV3,H,Human,Epithelial,Ovary,48,MTT,Tetrazolium Salt,cell metabolic activity,N,N,N,1.83,5.49,0.182149362,3,231.54,4,2.666666667,-276.77172,391.89,596.11,8.287526,-8.288,-3.526,98,1005.8496,5,5.907,2.381,7.327309744,4.762,279.547817,0.4199916,82.545,2,0
1542,Fe3O4,PEG-FA,338.6,2.15945409,-23.5,SKOV3,H,Human,Epithelial,Ovary,48,MTT,Tetrazolium Salt,cell metabolic activity,N,N,N,1.83,5.49,0.182149362,3,231.54,4,2.666666667,-276.77172,391.89,596.11,8.287526,-8.288,-3.526,98,1005.8496,5,5.907,2.381,7.327309744,4.762,279.547817,0.4199916,98.288,2,0
1543,Fe3O4,PEG-FA,338.6,4.31890818,-23.5,SKOV3,H,Human,Epithelial,Ovary,48,MTT,Tetrazolium Salt,cell metabolic activity,N,N,N,1.83,5.49,0.182149362,3,231.54,4,2.666666667,-276.77172,391.89,596.11,8.287526,-8.288,-3.526,98,1005.8496,5,5.907,2.381,7.327309744,4.762,279.547817,0.4199916,99.144,2,0
1544,Fe3O4,PEG-FA,338.6,21.5945409,-23.5,SKOV3,H,Human,Epithelial,Ovary,48,MTT,Tetrazolium Salt,cell metabolic activity,N,N,N,1.83,5.49,0.182149362,3,231.54,4,2.666666667,-276.77172,391.89,596.11,8.287526,-8.288,-3.526,98,1005.8496,5,5.907,2.381,7.327309744,4.762,279.547817,0.4199916,93.151,2,0
1545,Fe3O4,PEG-FA,338.6,43.1890818,-23.5,SKOV3,H,Human,Epithelial,Ovary,48,MTT,Tetrazolium Salt,cell metabolic activity,N,N,N,1.83,5.49,0.182149362,3,231.54,4,2.666666667,-276.77172,391.89,596.11,8.287526,-8.288,-3.526,98,1005.8496,5,5.907,2.381,7.327309744,4.762,279.547817,0.4199916,92.979,2,0
1546,Fe3O4,PEG-FA,338.6,215.945409,-23.5,SKOV3,H,Human,Epithelial,Ovary,48,MTT,Tetrazolium Salt,cell metabolic activity,N,N,N,1.83,5.49,0.182149362,3,231.54,4,2.666666667,-276.77172,391.89,596.11,8.287526,-8.288,-3.526,98,1005.8496,5,5.907,2.381,7.327309744,4.762,279.547817,0.4199916,88.87,2,0
1547,Fe3O4,PEG-FA,338.6,431.890818,-23.5,SKOV3,H,Human,Epithelial,Ovary,48,MTT,Tetrazolium Salt,cell metabolic activity,N,N,N,1.83,5.49,0.182149362,3,231.54,4,2.666666667,-276.77172,391.89,596.11,8.287526,-8.288,-3.526,98,1005.8496,5,5.907,2.381,7.327309744,4.762,279.547817,0.4199916,86.473,2,0
1548,Fe3O4,Silica-FA,338.6,2.15945409,-27.7,SKOV3,H,Human,Epithelial,Ovary,48,MTT,Tetrazolium Salt,cell metabolic activity,N,N,N,1.83,5.49,0.182149362,3,231.54,4,2.666666667,-276.77172,391.89,596.11,8.287526,-8.288,-3.526,98,1005.8496,5,5.907,2.381,7.327309744,4.762,279.547817,0.4199916,93.144,2,0
1549,Fe3O4,Silica-FA,338.6,4.31890818,-27.7,SKOV3,H,Human,Epithelial,Ovary,48,MTT,Tetrazolium Salt,cell metabolic activity,N,N,N,1.83,5.49,0.182149362,3,231.54,4,2.666666667,-276.77172,391.89,596.11,8.287526,-8.288,-3.526,98,1005.8496,5,5.907,2.381,7.327309744,4.762,279.547817,0.4199916,87.793,2,0
1550,Fe3O4,Silica-FA,338.6,21.5945409,-27.7,SKOV3,H,Human,Epithelial,Ovary,48,MTT,Tetrazolium Salt,cell metabolic activity,N,N,N,1.83,5.49,0.182149362,3,231.54,4,2.666666667,-276.77172,391.89,596.11,8.287526,-8.288,-3.526,98,1005.8496,5,5.907,2.381,7.327309744,4.762,279.547817,0.4199916,88.629,2,0
1551,Fe3O4,Silica-FA,338.6,43.1890818,-27.7,SKOV3,H,Human,Epithelial,Ovary,48,MTT,Tetrazolium Salt,cell metabolic activity,N,N,N,1.83,5.49,0.182149362,3,231.54,4,2.666666667,-276.77172,391.89,596.11,8.287526,-8.288,-3.526,98,1005.8496,5,5.907,2.381,7.327309744,4.762,279.547817,0.4199916,90.301,2,0
1552,Fe3O4,Silica-FA,338.6,215.945409,-27.7,SKOV3,H,Human,Epithelial,Ovary,48,MTT,Tetrazolium Salt,cell metabolic activity,N,N,N,1.83,5.49,0.182149362,3,231.54,4,2.666666667,-276.77172,391.89,596.11,8.287526,-8.288,-3.526,98,1005.8496,5,5.907,2.381,7.327309744,4.762,279.547817,0.4199916,85.786,2,0
1553,Fe3O4,Silica-FA,338.6,431.890818,-27.7,SKOV3,H,Human,Epithelial,Ovary,48,MTT,Tetrazolium Salt,cell metabolic activity,N,N,N,1.83,5.49,0.182149362,3,231.54,4,2.666666667,-276.77172,391.89,596.11,8.287526,-8.288,-3.526,98,1005.8496,5,5.907,2.381,7.327309744,4.762,279.547817,0.4199916,83.445,2,0
1554,Fe3O4,PEG-FA,338.6,2.15945409,-23.5,SKOV3,H,Human,Epithelial,Ovary,24,LDH,LDHrelease,LDH leakage,N,N,N,1.83,5.49,0.182149362,3,231.54,4,2.666666667,-276.77172,391.89,596.11,8.287526,-8.288,-3.526,98,1005.8496,5,5.907,2.381,7.327309744,4.762,279.547817,0.4199916,96.743,2,0
1555,Fe3O4,PEG-FA,338.6,4.31890818,-23.5,SKOV3,H,Human,Epithelial,Ovary,24,LDH,LDHrelease,LDH leakage,N,N,N,1.83,5.49,0.182149362,3,231.54,4,2.666666667,-276.77172,391.89,596.11,8.287526,-8.288,-3.526,98,1005.8496,5,5.907,2.381,7.327309744,4.762,279.547817,0.4199916,83.225,2,0
1556,Fe3O4,PEG-FA,338.6,21.5945409,-23.5,SKOV3,H,Human,Epithelial,Ovary,24,LDH,LDHrelease,LDH leakage,N,N,N,1.83,5.49,0.182149362,3,231.54,4,2.666666667,-276.77172,391.89,596.11,8.287526,-8.288,-3.526,98,1005.8496,5,5.907,2.381,7.327309744,4.762,279.547817,0.4199916,82.573,2,0
1557,Fe3O4,PEG-FA,338.6,43.1890818,-23.5,SKOV3,H,Human,Epithelial,Ovary,24,LDH,LDHrelease,LDH leakage,N,N,N,1.83,5.49,0.182149362,3,231.54,4,2.666666667,-276.77172,391.89,596.11,8.287526,-8.288,-3.526,98,1005.8496,5,5.907,2.381,7.327309744,4.762,279.547817,0.4199916,80.945,2,0
1558,Fe3O4,PEG-FA,338.6,215.945409,-23.5,SKOV3,H,Human,Epithelial,Ovary,24,LDH,LDHrelease,LDH leakage,N,N,N,1.83,5.49,0.182149362,3,231.54,4,2.666666667,-276.77172,391.89,596.11,8.287526,-8.288,-3.526,98,1005.8496,5,5.907,2.381,7.327309744,4.762,279.547817,0.4199916,80.945,2,0
1559,Fe3O4,PEG-FA,338.6,431.890818,-23.5,SKOV3,H,Human,Epithelial,Ovary,24,LDH,LDHrelease,LDH leakage,N,N,N,1.83,5.49,0.182149362,3,231.54,4,2.666666667,-276.77172,391.89,596.11,8.287526,-8.288,-3.526,98,1005.8496,5,5.907,2.381,7.327309744,4.762,279.547817,0.4199916,79.316,2,0
1560,Fe3O4,Silica-FA,338.6,2.15945409,-27.7,SKOV3,H,Human,Epithelial,Ovary,24,LDH,LDHrelease,LDH leakage,N,N,N,1.83,5.49,0.182149362,3,231.54,4,2.666666667,-276.77172,391.89,596.11,8.287526,-8.288,-3.526,98,1005.8496,5,5.907,2.381,7.327309744,4.762,279.547817,0.4199916,96.743,2,0
1561,Fe3O4,Silica-FA,338.6,4.31890818,-27.7,SKOV3,H,Human,Epithelial,Ovary,24,LDH,LDHrelease,LDH leakage,N,N,N,1.83,5.49,0.182149362,3,231.54,4,2.666666667,-276.77172,391.89,596.11,8.287526,-8.288,-3.526,98,1005.8496,5,5.907,2.381,7.327309744,4.762,279.547817,0.4199916,82.573,2,0
1562,Fe3O4,Silica-FA,338.6,21.5945409,-27.7,SKOV3,H,Human,Epithelial,Ovary,24,LDH,LDHrelease,LDH leakage,N,N,N,1.83,5.49,0.182149362,3,231.54,4,2.666666667,-276.77172,391.89,596.11,8.287526,-8.288,-3.526,98,1005.8496,5,5.907,2.381,7.327309744,4.762,279.547817,0.4199916,76.873,2,0
1563,Fe3O4,Silica-FA,338.6,43.1890818,-27.7,SKOV3,H,Human,Epithelial,Ovary,24,LDH,LDHrelease,LDH leakage,N,N,N,1.83,5.49,0.182149362,3,231.54,4,2.666666667,-276.77172,391.89,596.11,8.287526,-8.288,-3.526,98,1005.8496,5,5.907,2.381,7.327309744,4.762,279.547817,0.4199916,76.873,2,0
1564,Fe3O4,Silica-FA,338.6,215.945409,-27.7,SKOV3,H,Human,Epithelial,Ovary,24,LDH,LDHrelease,LDH leakage,N,N,N,1.83,5.49,0.182149362,3,231.54,4,2.666666667,-276.77172,391.89,596.11,8.287526,-8.288,-3.526,98,1005.8496,5,5.907,2.381,7.327309744,4.762,279.547817,0.4199916,91.205,2,0
1565,Fe3O4,Silica-FA,338.6,431.890818,-27.7,SKOV3,H,Human,Epithelial,Ovary,24,LDH,LDHrelease,LDH leakage,N,N,N,1.83,5.49,0.182149362,3,231.54,4,2.666666667,-276.77172,391.89,596.11,8.287526,-8.288,-3.526,98,1005.8496,5,5.907,2.381,7.327309744,4.762,279.547817,0.4199916,91.205,2,0
1566,IronOxide,Silica,10.0,31.3283208,-31.8,SHSY5Y,H,Human,Epithelial,Bone Marrow,3,MTT,Tetrazolium Salt,cell metabolic activity,N,N,N,1.83,3.66,0.273224044,2,159.6,3,3.0,-1243.5544,408.48,633.93,10.715248,-10.715,-4.819,128,1165.8436,2,7.767,2.948,10.23173151,5.896,52.909352,0.339213026,99.752,2,0
1567,IronOxide,Silica,10.0,62.6566416,-31.8,SHSY5Y,H,Human,Epithelial,Bone Marrow,3,MTT,Tetrazolium Salt,cell metabolic activity,N,N,N,1.83,3.66,0.273224044,2,159.6,3,3.0,-1243.5544,408.48,633.93,10.715248,-10.715,-4.819,128,1165.8436,2,7.767,2.948,10.23173151,5.896,52.909352,0.339213026,103.22,2,0
1568,IronOxide,Silica,10.0,156.641604,-31.8,SHSY5Y,H,Human,Epithelial,Bone Marrow,3,MTT,Tetrazolium Salt,cell metabolic activity,N,N,N,1.83,3.66,0.273224044,2,159.6,3,3.0,-1243.5544,408.48,633.93,10.715248,-10.715,-4.819,128,1165.8436,2,7.767,2.948,10.23173151,5.896,52.909352,0.339213026,99.257,2,0
1569,IronOxide,Silica,10.0,313.283208,-31.8,SHSY5Y,H,Human,Epithelial,Bone Marrow,3,MTT,Tetrazolium Salt,cell metabolic activity,N,N,N,1.83,3.66,0.273224044,2,159.6,3,3.0,-1243.5544,408.48,633.93,10.715248,-10.715,-4.819,128,1165.8436,2,7.767,2.948,10.23173151,5.896,52.909352,0.339213026,100.25,2,0
1570,IronOxide,Silica,10.0,469.924812,-31.8,SHSY5Y,H,Human,Epithelial,Bone Marrow,3,MTT,Tetrazolium Salt,cell metabolic activity,N,N,N,1.83,3.66,0.273224044,2,159.6,3,3.0,-1243.5544,408.48,633.93,10.715248,-10.715,-4.819,128,1165.8436,2,7.767,2.948,10.23173151,5.896,52.909352,0.339213026,97.525,2,0
1571,IronOxide,Silica,10.0,626.566416,-31.8,SHSY5Y,H,Human,Epithelial,Bone Marrow,3,MTT,Tetrazolium Salt,cell metabolic activity,N,N,N,1.83,3.66,0.273224044,2,159.6,3,3.0,-1243.5544,408.48,633.93,10.715248,-10.715,-4.819,128,1165.8436,2,7.767,2.948,10.23173151,5.896,52.909352,0.339213026,98.267,2,0
1572,IronOxide,Silica,10.0,939.8496241,-31.8,SHSY5Y,H,Human,Epithelial,Bone Marrow,3,MTT,Tetrazolium Salt,cell metabolic activity,N,N,N,1.83,3.66,0.273224044,2,159.6,3,3.0,-1243.5544,408.48,633.93,10.715248,-10.715,-4.819,128,1165.8436,2,7.767,2.948,10.23173151,5.896,52.909352,0.339213026,99.01,2,0
1573,IronOxide,Silica,10.0,1096.491228,-31.8,SHSY5Y,H,Human,Epithelial,Bone Marrow,3,MTT,Tetrazolium Salt,cell metabolic activity,N,N,N,1.83,3.66,0.273224044,2,159.6,3,3.0,-1243.5544,408.48,633.93,10.715248,-10.715,-4.819,128,1165.8436,2,7.767,2.948,10.23173151,5.896,52.909352,0.339213026,98.267,2,0
1574,IronOxide,Silica,10.0,1253.132832,-31.8,SHSY5Y,H,Human,Epithelial,Bone Marrow,3,MTT,Tetrazolium Salt,cell metabolic activity,N,N,N,1.83,3.66,0.273224044,2,159.6,3,3.0,-1243.5544,408.48,633.93,10.715248,-10.715,-4.819,128,1165.8436,2,7.767,2.948,10.23173151,5.896,52.909352,0.339213026,96.535,2,0
1575,IronOxide,Silica,10.0,1879.699248,-31.8,SHSY5Y,H,Human,Epithelial,Bone Marrow,3,MTT,Tetrazolium Salt,cell metabolic activity,N,N,N,1.83,3.66,0.273224044,2,159.6,3,3.0,-1243.5544,408.48,633.93,10.715248,-10.715,-4.819,128,1165.8436,2,7.767,2.948,10.23173151,5.896,52.909352,0.339213026,97.277,2,0
1576,IronOxide,OleicAcid,10.9,31.3283208,-45.4,SHSY5Y,H,Human,Epithelial,Bone Marrow,3,MTT,Tetrazolium Salt,cell metabolic activity,N,N,N,1.83,3.66,0.273224044,2,159.6,3,3.0,-1243.5544,408.48,633.93,10.715248,-10.715,-4.819,128,1165.8436,2,7.767,2.948,10.23173151,5.896,52.909352,0.339213026,96.923,2,0
1577,IronOxide,OleicAcid,10.9,62.6566416,-45.4,SHSY5Y,H,Human,Epithelial,Bone Marrow,3,MTT,Tetrazolium Salt,cell metabolic activity,N,N,N,1.83,3.66,0.273224044,2,159.6,3,3.0,-1243.5544,408.48,633.93,10.715248,-10.715,-4.819,128,1165.8436,2,7.767,2.948,10.23173151,5.896,52.909352,0.339213026,97.788,2,0
1578,IronOxide,OleicAcid,10.9,156.641604,-45.4,SHSY5Y,H,Human,Epithelial,Bone Marrow,3,MTT,Tetrazolium Salt,cell metabolic activity,N,N,N,1.83,3.66,0.273224044,2,159.6,3,3.0,-1243.5544,408.48,633.93,10.715248,-10.715,-4.819,128,1165.8436,2,7.767,2.948,10.23173151,5.896,52.909352,0.339213026,100.1,2,0
1579,IronOxide,OleicAcid,10.9,313.283208,-45.4,SHSY5Y,H,Human,Epithelial,Bone Marrow,3,MTT,Tetrazolium Salt,cell metabolic activity,N,N,N,1.83,3.66,0.273224044,2,159.6,3,3.0,-1243.5544,408.48,633.93,10.715248,-10.715,-4.819,128,1165.8436,2,7.767,2.948,10.23173151,5.896,52.909352,0.339213026,93.173,2,0
1580,IronOxide,OleicAcid,10.9,469.924812,-45.4,SHSY5Y,H,Human,Epithelial,Bone Marrow,3,MTT,Tetrazolium Salt,cell metabolic activity,N,N,N,1.83,3.66,0.273224044,2,159.6,3,3.0,-1243.5544,408.48,633.93,10.715248,-10.715,-4.819,128,1165.8436,2,7.767,2.948,10.23173151,5.896,52.909352,0.339213026,94.615,2,0
1581,IronOxide,OleicAcid,10.9,626.566416,-45.4,SHSY5Y,H,Human,Epithelial,Bone Marrow,3,MTT,Tetrazolium Salt,cell metabolic activity,N,N,N,1.83,3.66,0.273224044,2,159.6,3,3.0,-1243.5544,408.48,633.93,10.715248,-10.715,-4.819,128,1165.8436,2,7.767,2.948,10.23173151,5.896,52.909352,0.339213026,96.346,2,0
1582,IronOxide,OleicAcid,10.9,939.8496241,-45.4,SHSY5Y,H,Human,Epithelial,Bone Marrow,3,MTT,Tetrazolium Salt,cell metabolic activity,N,N,N,1.83,3.66,0.273224044,2,159.6,3,3.0,-1243.5544,408.48,633.93,10.715248,-10.715,-4.819,128,1165.8436,2,7.767,2.948,10.23173151,5.896,52.909352,0.339213026,91.442,2,0
1583,IronOxide,OleicAcid,10.9,1096.491228,-45.4,SHSY5Y,H,Human,Epithelial,Bone Marrow,3,MTT,Tetrazolium Salt,cell metabolic activity,N,N,N,1.83,3.66,0.273224044,2,159.6,3,3.0,-1243.5544,408.48,633.93,10.715248,-10.715,-4.819,128,1165.8436,2,7.767,2.948,10.23173151,5.896,52.909352,0.339213026,93.173,2,0
1584,IronOxide,OleicAcid,10.9,1253.132832,-45.4,SHSY5Y,H,Human,Epithelial,Bone Marrow,3,MTT,Tetrazolium Salt,cell metabolic activity,N,N,N,1.83,3.66,0.273224044,2,159.6,3,3.0,-1243.5544,408.48,633.93,10.715248,-10.715,-4.819,128,1165.8436,2,7.767,2.948,10.23173151,5.896,52.909352,0.339213026,94.615,2,0
1585,IronOxide,OleicAcid,10.9,1879.699248,-45.4,SHSY5Y,H,Human,Epithelial,Bone Marrow,3,MTT,Tetrazolium Salt,cell metabolic activity,N,N,N,1.83,3.66,0.273224044,2,159.6,3,3.0,-1243.5544,408.48,633.93,10.715248,-10.715,-4.819,128,1165.8436,2,7.767,2.948,10.23173151,5.896,52.909352,0.339213026,96.346,2,0
1586,IronOxide,Silica,10.0,31.3283208,-31.8,SHSY5Y,H,Human,Epithelial,Bone Marrow,6,MTT,Tetrazolium Salt,cell metabolic activity,N,N,N,1.83,3.66,0.273224044,2,159.6,3,3.0,-1243.5544,408.48,633.93,10.715248,-10.715,-4.819,128,1165.8436,2,7.767,2.948,10.23173151,5.896,52.909352,0.339213026,94.554,2,0
1587,IronOxide,Silica,10.0,62.6566416,-31.8,SHSY5Y,H,Human,Epithelial,Bone Marrow,6,MTT,Tetrazolium Salt,cell metabolic activity,N,N,N,1.83,3.66,0.273224044,2,159.6,3,3.0,-1243.5544,408.48,633.93,10.715248,-10.715,-4.819,128,1165.8436,2,7.767,2.948,10.23173151,5.896,52.909352,0.339213026,101.73,2,0
1588,IronOxide,Silica,10.0,156.641604,-31.8,SHSY5Y,H,Human,Epithelial,Bone Marrow,6,MTT,Tetrazolium Salt,cell metabolic activity,N,N,N,1.83,3.66,0.273224044,2,159.6,3,3.0,-1243.5544,408.48,633.93,10.715248,-10.715,-4.819,128,1165.8436,2,7.767,2.948,10.23173151,5.896,52.909352,0.339213026,100.5,2,0
1589,IronOxide,Silica,10.0,313.283208,-31.8,SHSY5Y,H,Human,Epithelial,Bone Marrow,6,MTT,Tetrazolium Salt,cell metabolic activity,N,N,N,1.83,3.66,0.273224044,2,159.6,3,3.0,-1243.5544,408.48,633.93,10.715248,-10.715,-4.819,128,1165.8436,2,7.767,2.948,10.23173151,5.896,52.909352,0.339213026,96.287,2,0
1590,IronOxide,Silica,10.0,469.924812,-31.8,SHSY5Y,H,Human,Epithelial,Bone Marrow,6,MTT,Tetrazolium Salt,cell metabolic activity,N,N,N,1.83,3.66,0.273224044,2,159.6,3,3.0,-1243.5544,408.48,633.93,10.715248,-10.715,-4.819,128,1165.8436,2,7.767,2.948,10.23173151,5.896,52.909352,0.339213026,95.05,2,0
1591,IronOxide,Silica,10.0,626.566416,-31.8,SHSY5Y,H,Human,Epithelial,Bone Marrow,6,MTT,Tetrazolium Salt,cell metabolic activity,N,N,N,1.83,3.66,0.273224044,2,159.6,3,3.0,-1243.5544,408.48,633.93,10.715248,-10.715,-4.819,128,1165.8436,2,7.767,2.948,10.23173151,5.896,52.909352,0.339213026,100.99,2,0
1592,IronOxide,Silica,10.0,939.8496241,-31.8,SHSY5Y,H,Human,Epithelial,Bone Marrow,6,MTT,Tetrazolium Salt,cell metabolic activity,N,N,N,1.83,3.66,0.273224044,2,159.6,3,3.0,-1243.5544,408.48,633.93,10.715248,-10.715,-4.819,128,1165.8436,2,7.767,2.948,10.23173151,5.896,52.909352,0.339213026,96.535,2,0
1593,IronOxide,Silica,10.0,1096.491228,-31.8,SHSY5Y,H,Human,Epithelial,Bone Marrow,6,MTT,Tetrazolium Salt,cell metabolic activity,N,N,N,1.83,3.66,0.273224044,2,159.6,3,3.0,-1243.5544,408.48,633.93,10.715248,-10.715,-4.819,128,1165.8436,2,7.767,2.948,10.23173151,5.896,52.909352,0.339213026,95.792,2,0
1594,IronOxide,Silica,10.0,1253.132832,-31.8,SHSY5Y,H,Human,Epithelial,Bone Marrow,6,MTT,Tetrazolium Salt,cell metabolic activity,N,N,N,1.83,3.66,0.273224044,2,159.6,3,3.0,-1243.5544,408.48,633.93,10.715248,-10.715,-4.819,128,1165.8436,2,7.767,2.948,10.23173151,5.896,52.909352,0.339213026,96.04,2,0
1595,IronOxide,Silica,10.0,1879.699248,-31.8,SHSY5Y,H,Human,Epithelial,Bone Marrow,6,MTT,Tetrazolium Salt,cell metabolic activity,N,N,N,1.83,3.66,0.273224044,2,159.6,3,3.0,-1243.5544,408.48,633.93,10.715248,-10.715,-4.819,128,1165.8436,2,7.767,2.948,10.23173151,5.896,52.909352,0.339213026,96.04,2,0
1596,IronOxide,OleicAcid,10.9,31.3283208,-45.4,SHSY5Y,H,Human,Epithelial,Bone Marrow,6,MTT,Tetrazolium Salt,cell metabolic activity,N,N,N,1.83,3.66,0.273224044,2,159.6,3,3.0,-1243.5544,408.48,633.93,10.715248,-10.715,-4.819,128,1165.8436,2,7.767,2.948,10.23173151,5.896,52.909352,0.339213026,100.38,2,0
1597,IronOxide,OleicAcid,10.9,62.6566416,-45.4,SHSY5Y,H,Human,Epithelial,Bone Marrow,6,MTT,Tetrazolium Salt,cell metabolic activity,N,N,N,1.83,3.66,0.273224044,2,159.6,3,3.0,-1243.5544,408.48,633.93,10.715248,-10.715,-4.819,128,1165.8436,2,7.767,2.948,10.23173151,5.896,52.909352,0.339213026,96.923,2,0
1598,IronOxide,OleicAcid,10.9,156.641604,-45.4,SHSY5Y,H,Human,Epithelial,Bone Marrow,6,MTT,Tetrazolium Salt,cell metabolic activity,N,N,N,1.83,3.66,0.273224044,2,159.6,3,3.0,-1243.5544,408.48,633.93,10.715248,-10.715,-4.819,128,1165.8436,2,7.767,2.948,10.23173151,5.896,52.909352,0.339213026,101.54,2,0
1599,IronOxide,OleicAcid,10.9,313.283208,-45.4,SHSY5Y,H,Human,Epithelial,Bone Marrow,6,MTT,Tetrazolium Salt,cell metabolic activity,N,N,N,1.83,3.66,0.273224044,2,159.6,3,3.0,-1243.5544,408.48,633.93,10.715248,-10.715,-4.819,128,1165.8436,2,7.767,2.948,10.23173151,5.896,52.909352,0.339213026,96.346,2,0
1600,IronOxide,OleicAcid,10.9,469.924812,-45.4,SHSY5Y,H,Human,Epithelial,Bone Marrow,6,MTT,Tetrazolium Salt,cell metabolic activity,N,N,N,1.83,3.66,0.273224044,2,159.6,3,3.0,-1243.5544,408.48,633.93,10.715248,-10.715,-4.819,128,1165.8436,2,7.767,2.948,10.23173151,5.896,52.909352,0.339213026,100.1,2,0
1601,IronOxide,OleicAcid,10.9,626.566416,-45.4,SHSY5Y,H,Human,Epithelial,Bone Marrow,6,MTT,Tetrazolium Salt,cell metabolic activity,N,N,N,1.83,3.66,0.273224044,2,159.6,3,3.0,-1243.5544,408.48,633.93,10.715248,-10.715,-4.819,128,1165.8436,2,7.767,2.948,10.23173151,5.896,52.909352,0.339213026,100.38,2,0
1602,IronOxide,OleicAcid,10.9,939.8496241,-45.4,SHSY5Y,H,Human,Epithelial,Bone Marrow,6,MTT,Tetrazolium Salt,cell metabolic activity,N,N,N,1.83,3.66,0.273224044,2,159.6,3,3.0,-1243.5544,408.48,633.93,10.715248,-10.715,-4.819,128,1165.8436,2,7.767,2.948,10.23173151,5.896,52.909352,0.339213026,101.54,2,0
1603,IronOxide,OleicAcid,10.9,1096.491228,-45.4,SHSY5Y,H,Human,Epithelial,Bone Marrow,6,MTT,Tetrazolium Salt,cell metabolic activity,N,N,N,1.83,3.66,0.273224044,2,159.6,3,3.0,-1243.5544,408.48,633.93,10.715248,-10.715,-4.819,128,1165.8436,2,7.767,2.948,10.23173151,5.896,52.909352,0.339213026,98.654,2,0
1604,IronOxide,OleicAcid,10.9,1253.132832,-45.4,SHSY5Y,H,Human,Epithelial,Bone Marrow,6,MTT,Tetrazolium Salt,cell metabolic activity,N,N,N,1.83,3.66,0.273224044,2,159.6,3,3.0,-1243.5544,408.48,633.93,10.715248,-10.715,-4.819,128,1165.8436,2,7.767,2.948,10.23173151,5.896,52.909352,0.339213026,101.25,2,0
1605,IronOxide,OleicAcid,10.9,1879.699248,-45.4,SHSY5Y,H,Human,Epithelial,Bone Marrow,6,MTT,Tetrazolium Salt,cell metabolic activity,N,N,N,1.83,3.66,0.273224044,2,159.6,3,3.0,-1243.5544,408.48,633.93,10.715248,-10.715,-4.819,128,1165.8436,2,7.767,2.948,10.23173151,5.896,52.909352,0.339213026,100.1,2,0
1606,IronOxide,Silica,10.0,31.3283208,-31.8,SHSY5Y,H,Human,Epithelial,Bone Marrow,24,MTT,Tetrazolium Salt,cell metabolic activity,N,N,N,1.83,3.66,0.273224044,2,159.6,3,3.0,-1243.5544,408.48,633.93,10.715248,-10.715,-4.819,128,1165.8436,2,7.767,2.948,10.23173151,5.896,52.909352,0.339213026,96.535,2,0
1607,IronOxide,Silica,10.0,62.6566416,-31.8,SHSY5Y,H,Human,Epithelial,Bone Marrow,24,MTT,Tetrazolium Salt,cell metabolic activity,N,N,N,1.83,3.66,0.273224044,2,159.6,3,3.0,-1243.5544,408.48,633.93,10.715248,-10.715,-4.819,128,1165.8436,2,7.767,2.948,10.23173151,5.896,52.909352,0.339213026,89.109,2,0
1608,IronOxide,Silica,10.0,156.641604,-31.8,SHSY5Y,H,Human,Epithelial,Bone Marrow,24,MTT,Tetrazolium Salt,cell metabolic activity,N,N,N,1.83,3.66,0.273224044,2,159.6,3,3.0,-1243.5544,408.48,633.93,10.715248,-10.715,-4.819,128,1165.8436,2,7.767,2.948,10.23173151,5.896,52.909352,0.339213026,99.257,2,0
1609,IronOxide,Silica,10.0,313.283208,-31.8,SHSY5Y,H,Human,Epithelial,Bone Marrow,24,MTT,Tetrazolium Salt,cell metabolic activity,N,N,N,1.83,3.66,0.273224044,2,159.6,3,3.0,-1243.5544,408.48,633.93,10.715248,-10.715,-4.819,128,1165.8436,2,7.767,2.948,10.23173151,5.896,52.909352,0.339213026,93.069,2,0
1610,IronOxide,Silica,10.0,469.924812,-31.8,SHSY5Y,H,Human,Epithelial,Bone Marrow,24,MTT,Tetrazolium Salt,cell metabolic activity,N,N,N,1.83,3.66,0.273224044,2,159.6,3,3.0,-1243.5544,408.48,633.93,10.715248,-10.715,-4.819,128,1165.8436,2,7.767,2.948,10.23173151,5.896,52.909352,0.339213026,99.01,2,0
1611,IronOxide,Silica,10.0,626.566416,-31.8,SHSY5Y,H,Human,Epithelial,Bone Marrow,24,MTT,Tetrazolium Salt,cell metabolic activity,N,N,N,1.83,3.66,0.273224044,2,159.6,3,3.0,-1243.5544,408.48,633.93,10.715248,-10.715,-4.819,128,1165.8436,2,7.767,2.948,10.23173151,5.896,52.909352,0.339213026,103.22,2,0
1612,IronOxide,Silica,10.0,939.8496241,-31.8,SHSY5Y,H,Human,Epithelial,Bone Marrow,24,MTT,Tetrazolium Salt,cell metabolic activity,N,N,N,1.83,3.66,0.273224044,2,159.6,3,3.0,-1243.5544,408.48,633.93,10.715248,-10.715,-4.819,128,1165.8436,2,7.767,2.948,10.23173151,5.896,52.909352,0.339213026,107.67,2,0
1613,IronOxide,Silica,10.0,1096.491228,-31.8,SHSY5Y,H,Human,Epithelial,Bone Marrow,24,MTT,Tetrazolium Salt,cell metabolic activity,N,N,N,1.83,3.66,0.273224044,2,159.6,3,3.0,-1243.5544,408.48,633.93,10.715248,-10.715,-4.819,128,1165.8436,2,7.767,2.948,10.23173151,5.896,52.909352,0.339213026,107.18,2,0
1614,IronOxide,Silica,10.0,1253.132832,-31.8,SHSY5Y,H,Human,Epithelial,Bone Marrow,24,MTT,Tetrazolium Salt,cell metabolic activity,N,N,N,1.83,3.66,0.273224044,2,159.6,3,3.0,-1243.5544,408.48,633.93,10.715248,-10.715,-4.819,128,1165.8436,2,7.767,2.948,10.23173151,5.896,52.909352,0.339213026,106.19,2,0
1615,IronOxide,Silica,10.0,1879.699248,-31.8,SHSY5Y,H,Human,Epithelial,Bone Marrow,24,MTT,Tetrazolium Salt,cell metabolic activity,N,N,N,1.83,3.66,0.273224044,2,159.6,3,3.0,-1243.5544,408.48,633.93,10.715248,-10.715,-4.819,128,1165.8436,2,7.767,2.948,10.23173151,5.896,52.909352,0.339213026,96.04,2,0
1616,IronOxide,OleicAcid,10.9,31.3283208,-45.4,SHSY5Y,H,Human,Epithelial,Bone Marrow,24,MTT,Tetrazolium Salt,cell metabolic activity,N,N,N,1.83,3.66,0.273224044,2,159.6,3,3.0,-1243.5544,408.48,633.93,10.715248,-10.715,-4.819,128,1165.8436,2,7.767,2.948,10.23173151,5.896,52.909352,0.339213026,96.058,2,0
1617,IronOxide,OleicAcid,10.9,62.6566416,-45.4,SHSY5Y,H,Human,Epithelial,Bone Marrow,24,MTT,Tetrazolium Salt,cell metabolic activity,N,N,N,1.83,3.66,0.273224044,2,159.6,3,3.0,-1243.5544,408.48,633.93,10.715248,-10.715,-4.819,128,1165.8436,2,7.767,2.948,10.23173151,5.896,52.909352,0.339213026,88.558,2,0
1618,IronOxide,OleicAcid,10.9,156.641604,-45.4,SHSY5Y,H,Human,Epithelial,Bone Marrow,24,MTT,Tetrazolium Salt,cell metabolic activity,N,N,N,1.83,3.66,0.273224044,2,159.6,3,3.0,-1243.5544,408.48,633.93,10.715248,-10.715,-4.819,128,1165.8436,2,7.767,2.948,10.23173151,5.896,52.909352,0.339213026,98.654,2,0
1619,IronOxide,OleicAcid,10.9,313.283208,-45.4,SHSY5Y,H,Human,Epithelial,Bone Marrow,24,MTT,Tetrazolium Salt,cell metabolic activity,N,N,N,1.83,3.66,0.273224044,2,159.6,3,3.0,-1243.5544,408.48,633.93,10.715248,-10.715,-4.819,128,1165.8436,2,7.767,2.948,10.23173151,5.896,52.909352,0.339213026,92.596,2,0
1620,IronOxide,OleicAcid,10.9,469.924812,-45.4,SHSY5Y,H,Human,Epithelial,Bone Marrow,24,MTT,Tetrazolium Salt,cell metabolic activity,N,N,N,1.83,3.66,0.273224044,2,159.6,3,3.0,-1243.5544,408.48,633.93,10.715248,-10.715,-4.819,128,1165.8436,2,7.767,2.948,10.23173151,5.896,52.909352,0.339213026,98.654,2,0
1621,IronOxide,OleicAcid,10.9,626.566416,-45.4,SHSY5Y,H,Human,Epithelial,Bone Marrow,24,MTT,Tetrazolium Salt,cell metabolic activity,N,N,N,1.83,3.66,0.273224044,2,159.6,3,3.0,-1243.5544,408.48,633.93,10.715248,-10.715,-4.819,128,1165.8436,2,7.767,2.948,10.23173151,5.896,52.909352,0.339213026,102.69,2,0
1622,IronOxide,OleicAcid,10.9,939.8496241,-45.4,SHSY5Y,H,Human,Epithelial,Bone Marrow,24,MTT,Tetrazolium Salt,cell metabolic activity,N,N,N,1.83,3.66,0.273224044,2,159.6,3,3.0,-1243.5544,408.48,633.93,10.715248,-10.715,-4.819,128,1165.8436,2,7.767,2.948,10.23173151,5.896,52.909352,0.339213026,107.31,2,0
1623,IronOxide,OleicAcid,10.9,1096.491228,-45.4,SHSY5Y,H,Human,Epithelial,Bone Marrow,24,MTT,Tetrazolium Salt,cell metabolic activity,N,N,N,1.83,3.66,0.273224044,2,159.6,3,3.0,-1243.5544,408.48,633.93,10.715248,-10.715,-4.819,128,1165.8436,2,7.767,2.948,10.23173151,5.896,52.909352,0.339213026,106.44,2,0
1624,IronOxide,OleicAcid,10.9,1253.132832,-45.4,SHSY5Y,H,Human,Epithelial,Bone Marrow,24,MTT,Tetrazolium Salt,cell metabolic activity,N,N,N,1.83,3.66,0.273224044,2,159.6,3,3.0,-1243.5544,408.48,633.93,10.715248,-10.715,-4.819,128,1165.8436,2,7.767,2.948,10.23173151,5.896,52.909352,0.339213026,105.87,2,0
1625,IronOxide,OleicAcid,10.9,1879.699248,-45.4,SHSY5Y,H,Human,Epithelial,Bone Marrow,24,MTT,Tetrazolium Salt,cell metabolic activity,N,N,N,1.83,3.66,0.273224044,2,159.6,3,3.0,-1243.5544,408.48,633.93,10.715248,-10.715,-4.819,128,1165.8436,2,7.767,2.948,10.23173151,5.896,52.909352,0.339213026,95.481,2,0
1626,IronOxide,Silica,10.0,31.3283208,-31.8,SHSY5Y,H,Human,Epithelial,Bone Marrow,3,NRU,NeutralRed,cell metabolic activity,N,N,N,1.83,3.66,0.273224044,2,159.6,3,3.0,-1243.5544,408.48,633.93,10.715248,-10.715,-4.819,128,1165.8436,2,7.767,2.948,10.23173151,5.896,52.909352,0.339213026,108.02,2,0
1627,IronOxide,Silica,10.0,62.6566416,-31.8,SHSY5Y,H,Human,Epithelial,Bone Marrow,3,NRU,NeutralRed,cell metabolic activity,N,N,N,1.83,3.66,0.273224044,2,159.6,3,3.0,-1243.5544,408.48,633.93,10.715248,-10.715,-4.819,128,1165.8436,2,7.767,2.948,10.23173151,5.896,52.909352,0.339213026,99.543,2,0
1628,IronOxide,Silica,10.0,156.641604,-31.8,SHSY5Y,H,Human,Epithelial,Bone Marrow,3,NRU,NeutralRed,cell metabolic activity,N,N,N,1.83,3.66,0.273224044,2,159.6,3,3.0,-1243.5544,408.48,633.93,10.715248,-10.715,-4.819,128,1165.8436,2,7.767,2.948,10.23173151,5.896,52.909352,0.339213026,102.54,2,0
1629,IronOxide,Silica,10.0,313.283208,-31.8,SHSY5Y,H,Human,Epithelial,Bone Marrow,3,NRU,NeutralRed,cell metabolic activity,N,N,N,1.83,3.66,0.273224044,2,159.6,3,3.0,-1243.5544,408.48,633.93,10.715248,-10.715,-4.819,128,1165.8436,2,7.767,2.948,10.23173151,5.896,52.909352,0.339213026,111.02,2,0
1630,IronOxide,Silica,10.0,469.924812,-31.8,SHSY5Y,H,Human,Epithelial,Bone Marrow,3,NRU,NeutralRed,cell metabolic activity,N,N,N,1.83,3.66,0.273224044,2,159.6,3,3.0,-1243.5544,408.48,633.93,10.715248,-10.715,-4.819,128,1165.8436,2,7.767,2.948,10.23173151,5.896,52.909352,0.339213026,101.79,2,0
1631,IronOxide,Silica,10.0,626.566416,-31.8,SHSY5Y,H,Human,Epithelial,Bone Marrow,3,NRU,NeutralRed,cell metabolic activity,N,N,N,1.83,3.66,0.273224044,2,159.6,3,3.0,-1243.5544,408.48,633.93,10.715248,-10.715,-4.819,128,1165.8436,2,7.767,2.948,10.23173151,5.896,52.909352,0.339213026,106.78,2,0
1632,IronOxide,Silica,10.0,939.8496241,-31.8,SHSY5Y,H,Human,Epithelial,Bone Marrow,3,NRU,NeutralRed,cell metabolic activity,N,N,N,1.83,3.66,0.273224044,2,159.6,3,3.0,-1243.5544,408.48,633.93,10.715248,-10.715,-4.819,128,1165.8436,2,7.767,2.948,10.23173151,5.896,52.909352,0.339213026,106.78,2,0
1633,IronOxide,Silica,10.0,1096.491228,-31.8,SHSY5Y,H,Human,Epithelial,Bone Marrow,3,NRU,NeutralRed,cell metabolic activity,N,N,N,1.83,3.66,0.273224044,2,159.6,3,3.0,-1243.5544,408.48,633.93,10.715248,-10.715,-4.819,128,1165.8436,2,7.767,2.948,10.23173151,5.896,52.909352,0.339213026,103.78,2,0
1634,IronOxide,Silica,10.0,1253.132832,-31.8,SHSY5Y,H,Human,Epithelial,Bone Marrow,3,NRU,NeutralRed,cell metabolic activity,N,N,N,1.83,3.66,0.273224044,2,159.6,3,3.0,-1243.5544,408.48,633.93,10.715248,-10.715,-4.819,128,1165.8436,2,7.767,2.948,10.23173151,5.896,52.909352,0.339213026,111.52,2,0
1635,IronOxide,Silica,10.0,1879.699248,-31.8,SHSY5Y,H,Human,Epithelial,Bone Marrow,3,NRU,NeutralRed,cell metabolic activity,N,N,N,1.83,3.66,0.273224044,2,159.6,3,3.0,-1243.5544,408.48,633.93,10.715248,-10.715,-4.819,128,1165.8436,2,7.767,2.948,10.23173151,5.896,52.909352,0.339213026,101.79,2,0
1636,IronOxide,OleicAcid,10.9,31.3283208,-45.4,SHSY5Y,H,Human,Epithelial,Bone Marrow,3,NRU,NeutralRed,cell metabolic activity,N,N,N,1.83,3.66,0.273224044,2,159.6,3,3.0,-1243.5544,408.48,633.93,10.715248,-10.715,-4.819,128,1165.8436,2,7.767,2.948,10.23173151,5.896,52.909352,0.339213026,102.39,2,0
1637,IronOxide,OleicAcid,10.9,62.6566416,-45.4,SHSY5Y,H,Human,Epithelial,Bone Marrow,3,NRU,NeutralRed,cell metabolic activity,N,N,N,1.83,3.66,0.273224044,2,159.6,3,3.0,-1243.5544,408.48,633.93,10.715248,-10.715,-4.819,128,1165.8436,2,7.767,2.948,10.23173151,5.896,52.909352,0.339213026,103.76,2,0
1638,IronOxide,OleicAcid,10.9,156.641604,-45.4,SHSY5Y,H,Human,Epithelial,Bone Marrow,3,NRU,NeutralRed,cell metabolic activity,N,N,N,1.83,3.66,0.273224044,2,159.6,3,3.0,-1243.5544,408.48,633.93,10.715248,-10.715,-4.819,128,1165.8436,2,7.767,2.948,10.23173151,5.896,52.909352,0.339213026,108.99,2,0
1639,IronOxide,OleicAcid,10.9,313.283208,-45.4,SHSY5Y,H,Human,Epithelial,Bone Marrow,3,NRU,NeutralRed,cell metabolic activity,N,N,N,1.83,3.66,0.273224044,2,159.6,3,3.0,-1243.5544,408.48,633.93,10.715248,-10.715,-4.819,128,1165.8436,2,7.767,2.948,10.23173151,5.896,52.909352,0.339213026,107.61,2,0
1640,IronOxide,OleicAcid,10.9,469.924812,-45.4,SHSY5Y,H,Human,Epithelial,Bone Marrow,3,NRU,NeutralRed,cell metabolic activity,N,N,N,1.83,3.66,0.273224044,2,159.6,3,3.0,-1243.5544,408.48,633.93,10.715248,-10.715,-4.819,128,1165.8436,2,7.767,2.948,10.23173151,5.896,52.909352,0.339213026,112.02,2,0
1641,IronOxide,OleicAcid,10.9,626.566416,-45.4,SHSY5Y,H,Human,Epithelial,Bone Marrow,3,NRU,NeutralRed,cell metabolic activity,N,N,N,1.83,3.66,0.273224044,2,159.6,3,3.0,-1243.5544,408.48,633.93,10.715248,-10.715,-4.819,128,1165.8436,2,7.767,2.948,10.23173151,5.896,52.909352,0.339213026,109.82,2,0
1642,IronOxide,OleicAcid,10.9,939.8496241,-45.4,SHSY5Y,H,Human,Epithelial,Bone Marrow,3,NRU,NeutralRed,cell metabolic activity,N,N,N,1.83,3.66,0.273224044,2,159.6,3,3.0,-1243.5544,408.48,633.93,10.715248,-10.715,-4.819,128,1165.8436,2,7.767,2.948,10.23173151,5.896,52.909352,0.339213026,81.743,2,0
1643,IronOxide,OleicAcid,10.9,1096.491228,-45.4,SHSY5Y,H,Human,Epithelial,Bone Marrow,3,NRU,NeutralRed,cell metabolic activity,N,N,N,1.83,3.66,0.273224044,2,159.6,3,3.0,-1243.5544,408.48,633.93,10.715248,-10.715,-4.819,128,1165.8436,2,7.767,2.948,10.23173151,5.896,52.909352,0.339213026,111.74,2,0
1644,IronOxide,OleicAcid,10.9,1253.132832,-45.4,SHSY5Y,H,Human,Epithelial,Bone Marrow,3,NRU,NeutralRed,cell metabolic activity,N,N,N,1.83,3.66,0.273224044,2,159.6,3,3.0,-1243.5544,408.48,633.93,10.715248,-10.715,-4.819,128,1165.8436,2,7.767,2.948,10.23173151,5.896,52.909352,0.339213026,108.44,2,0
1645,IronOxide,OleicAcid,10.9,1879.699248,-45.4,SHSY5Y,H,Human,Epithelial,Bone Marrow,3,NRU,NeutralRed,cell metabolic activity,N,N,N,1.83,3.66,0.273224044,2,159.6,3,3.0,-1243.5544,408.48,633.93,10.715248,-10.715,-4.819,128,1165.8436,2,7.767,2.948,10.23173151,5.896,52.909352,0.339213026,115.87,2,0
1646,IronOxide,Silica,10.0,31.3283208,-31.8,SHSY5Y,H,Human,Epithelial,Bone Marrow,6,NRU,NeutralRed,cell metabolic activity,N,N,N,1.83,3.66,0.273224044,2,159.6,3,3.0,-1243.5544,408.48,633.93,10.715248,-10.715,-4.819,128,1165.8436,2,7.767,2.948,10.23173151,5.896,52.909352,0.339213026,93.555,2,0
1647,IronOxide,Silica,10.0,62.6566416,-31.8,SHSY5Y,H,Human,Epithelial,Bone Marrow,6,NRU,NeutralRed,cell metabolic activity,N,N,N,1.83,3.66,0.273224044,2,159.6,3,3.0,-1243.5544,408.48,633.93,10.715248,-10.715,-4.819,128,1165.8436,2,7.767,2.948,10.23173151,5.896,52.909352,0.339213026,101.29,2,0
1648,IronOxide,Silica,10.0,156.641604,-31.8,SHSY5Y,H,Human,Epithelial,Bone Marrow,6,NRU,NeutralRed,cell metabolic activity,N,N,N,1.83,3.66,0.273224044,2,159.6,3,3.0,-1243.5544,408.48,633.93,10.715248,-10.715,-4.819,128,1165.8436,2,7.767,2.948,10.23173151,5.896,52.909352,0.339213026,100.04,2,0
1649,IronOxide,Silica,10.0,313.283208,-31.8,SHSY5Y,H,Human,Epithelial,Bone Marrow,6,NRU,NeutralRed,cell metabolic activity,N,N,N,1.83,3.66,0.273224044,2,159.6,3,3.0,-1243.5544,408.48,633.93,10.715248,-10.715,-4.819,128,1165.8436,2,7.767,2.948,10.23173151,5.896,52.909352,0.339213026,98.295,2,0
1650,IronOxide,Silica,10.0,469.924812,-31.8,SHSY5Y,H,Human,Epithelial,Bone Marrow,6,NRU,NeutralRed,cell metabolic activity,N,N,N,1.83,3.66,0.273224044,2,159.6,3,3.0,-1243.5544,408.48,633.93,10.715248,-10.715,-4.819,128,1165.8436,2,7.767,2.948,10.23173151,5.896,52.909352,0.339213026,100.04,2,0
1651,IronOxide,Silica,10.0,626.566416,-31.8,SHSY5Y,H,Human,Epithelial,Bone Marrow,6,NRU,NeutralRed,cell metabolic activity,N,N,N,1.83,3.66,0.273224044,2,159.6,3,3.0,-1243.5544,408.48,633.93,10.715248,-10.715,-4.819,128,1165.8436,2,7.767,2.948,10.23173151,5.896,52.909352,0.339213026,95.8,2,0
1652,IronOxide,Silica,10.0,939.8496241,-31.8,SHSY5Y,H,Human,Epithelial,Bone Marrow,6,NRU,NeutralRed,cell metabolic activity,N,N,N,1.83,3.66,0.273224044,2,159.6,3,3.0,-1243.5544,408.48,633.93,10.715248,-10.715,-4.819,128,1165.8436,2,7.767,2.948,10.23173151,5.896,52.909352,0.339213026,100.04,2,0
1653,IronOxide,Silica,10.0,1096.491228,-31.8,SHSY5Y,H,Human,Epithelial,Bone Marrow,6,NRU,NeutralRed,cell metabolic activity,N,N,N,1.83,3.66,0.273224044,2,159.6,3,3.0,-1243.5544,408.48,633.93,10.715248,-10.715,-4.819,128,1165.8436,2,7.767,2.948,10.23173151,5.896,52.909352,0.339213026,102.54,2,0
1654,IronOxide,Silica,10.0,1253.132832,-31.8,SHSY5Y,H,Human,Epithelial,Bone Marrow,6,NRU,NeutralRed,cell metabolic activity,N,N,N,1.83,3.66,0.273224044,2,159.6,3,3.0,-1243.5544,408.48,633.93,10.715248,-10.715,-4.819,128,1165.8436,2,7.767,2.948,10.23173151,5.896,52.909352,0.339213026,98.046,2,0
1655,IronOxide,Silica,10.0,1879.699248,-31.8,SHSY5Y,H,Human,Epithelial,Bone Marrow,6,NRU,NeutralRed,cell metabolic activity,N,N,N,1.83,3.66,0.273224044,2,159.6,3,3.0,-1243.5544,408.48,633.93,10.715248,-10.715,-4.819,128,1165.8436,2,7.767,2.948,10.23173151,5.896,52.909352,0.339213026,94.553,2,0
1656,IronOxide,OleicAcid,10.9,31.3283208,-45.4,SHSY5Y,H,Human,Epithelial,Bone Marrow,6,NRU,NeutralRed,cell metabolic activity,N,N,N,1.83,3.66,0.273224044,2,159.6,3,3.0,-1243.5544,408.48,633.93,10.715248,-10.715,-4.819,128,1165.8436,2,7.767,2.948,10.23173151,5.896,52.909352,0.339213026,96.881,2,0
1657,IronOxide,OleicAcid,10.9,62.6566416,-45.4,SHSY5Y,H,Human,Epithelial,Bone Marrow,6,NRU,NeutralRed,cell metabolic activity,N,N,N,1.83,3.66,0.273224044,2,159.6,3,3.0,-1243.5544,408.48,633.93,10.715248,-10.715,-4.819,128,1165.8436,2,7.767,2.948,10.23173151,5.896,52.909352,0.339213026,101.01,2,0
1658,IronOxide,OleicAcid,10.9,156.641604,-45.4,SHSY5Y,H,Human,Epithelial,Bone Marrow,6,NRU,NeutralRed,cell metabolic activity,N,N,N,1.83,3.66,0.273224044,2,159.6,3,3.0,-1243.5544,408.48,633.93,10.715248,-10.715,-4.819,128,1165.8436,2,7.767,2.948,10.23173151,5.896,52.909352,0.339213026,104.59,2,0
1659,IronOxide,OleicAcid,10.9,313.283208,-45.4,SHSY5Y,H,Human,Epithelial,Bone Marrow,6,NRU,NeutralRed,cell metabolic activity,N,N,N,1.83,3.66,0.273224044,2,159.6,3,3.0,-1243.5544,408.48,633.93,10.715248,-10.715,-4.819,128,1165.8436,2,7.767,2.948,10.23173151,5.896,52.909352,0.339213026,99.633,2,0
1660,IronOxide,OleicAcid,10.9,469.924812,-45.4,SHSY5Y,H,Human,Epithelial,Bone Marrow,6,NRU,NeutralRed,cell metabolic activity,N,N,N,1.83,3.66,0.273224044,2,159.6,3,3.0,-1243.5544,408.48,633.93,10.715248,-10.715,-4.819,128,1165.8436,2,7.767,2.948,10.23173151,5.896,52.909352,0.339213026,101.56,2,0
1661,IronOxide,OleicAcid,10.9,626.566416,-45.4,SHSY5Y,H,Human,Epithelial,Bone Marrow,6,NRU,NeutralRed,cell metabolic activity,N,N,N,1.83,3.66,0.273224044,2,159.6,3,3.0,-1243.5544,408.48,633.93,10.715248,-10.715,-4.819,128,1165.8436,2,7.767,2.948,10.23173151,5.896,52.909352,0.339213026,94.679,2,0
1662,IronOxide,OleicAcid,10.9,939.8496241,-45.4,SHSY5Y,H,Human,Epithelial,Bone Marrow,6,NRU,NeutralRed,cell metabolic activity,N,N,N,1.83,3.66,0.273224044,2,159.6,3,3.0,-1243.5544,408.48,633.93,10.715248,-10.715,-4.819,128,1165.8436,2,7.767,2.948,10.23173151,5.896,52.909352,0.339213026,104.04,2,0
1663,IronOxide,OleicAcid,10.9,1096.491228,-45.4,SHSY5Y,H,Human,Epithelial,Bone Marrow,6,NRU,NeutralRed,cell metabolic activity,N,N,N,1.83,3.66,0.273224044,2,159.6,3,3.0,-1243.5544,408.48,633.93,10.715248,-10.715,-4.819,128,1165.8436,2,7.767,2.948,10.23173151,5.896,52.909352,0.339213026,103.76,2,0
1664,IronOxide,OleicAcid,10.9,1253.132832,-45.4,SHSY5Y,H,Human,Epithelial,Bone Marrow,6,NRU,NeutralRed,cell metabolic activity,N,N,N,1.83,3.66,0.273224044,2,159.6,3,3.0,-1243.5544,408.48,633.93,10.715248,-10.715,-4.819,128,1165.8436,2,7.767,2.948,10.23173151,5.896,52.909352,0.339213026,107.34,2,0
1665,IronOxide,OleicAcid,10.9,1879.699248,-45.4,SHSY5Y,H,Human,Epithelial,Bone Marrow,6,NRU,NeutralRed,cell metabolic activity,N,N,N,1.83,3.66,0.273224044,2,159.6,3,3.0,-1243.5544,408.48,633.93,10.715248,-10.715,-4.819,128,1165.8436,2,7.767,2.948,10.23173151,5.896,52.909352,0.339213026,97.982,2,0
1666,IronOxide,Silica,10.0,31.3283208,-31.8,SHSY5Y,H,Human,Epithelial,Bone Marrow,24,NRU,NeutralRed,cell metabolic activity,N,N,N,1.83,3.66,0.273224044,2,159.6,3,3.0,-1243.5544,408.48,633.93,10.715248,-10.715,-4.819,128,1165.8436,2,7.767,2.948,10.23173151,5.896,52.909352,0.339213026,108.52,2,0
1667,IronOxide,Silica,10.0,62.6566416,-31.8,SHSY5Y,H,Human,Epithelial,Bone Marrow,24,NRU,NeutralRed,cell metabolic activity,N,N,N,1.83,3.66,0.273224044,2,159.6,3,3.0,-1243.5544,408.48,633.93,10.715248,-10.715,-4.819,128,1165.8436,2,7.767,2.948,10.23173151,5.896,52.909352,0.339213026,108.02,2,0
1668,IronOxide,Silica,10.0,156.641604,-31.8,SHSY5Y,H,Human,Epithelial,Bone Marrow,24,NRU,NeutralRed,cell metabolic activity,N,N,N,1.83,3.66,0.273224044,2,159.6,3,3.0,-1243.5544,408.48,633.93,10.715248,-10.715,-4.819,128,1165.8436,2,7.767,2.948,10.23173151,5.896,52.909352,0.339213026,107.28,2,0
1669,IronOxide,Silica,10.0,313.283208,-31.8,SHSY5Y,H,Human,Epithelial,Bone Marrow,24,NRU,NeutralRed,cell metabolic activity,N,N,N,1.83,3.66,0.273224044,2,159.6,3,3.0,-1243.5544,408.48,633.93,10.715248,-10.715,-4.819,128,1165.8436,2,7.767,2.948,10.23173151,5.896,52.909352,0.339213026,105.53,2,0
1670,IronOxide,Silica,10.0,469.924812,-31.8,SHSY5Y,H,Human,Epithelial,Bone Marrow,24,NRU,NeutralRed,cell metabolic activity,N,N,N,1.83,3.66,0.273224044,2,159.6,3,3.0,-1243.5544,408.48,633.93,10.715248,-10.715,-4.819,128,1165.8436,2,7.767,2.948,10.23173151,5.896,52.909352,0.339213026,112.77,2,0
1671,IronOxide,Silica,10.0,626.566416,-31.8,SHSY5Y,H,Human,Epithelial,Bone Marrow,24,NRU,NeutralRed,cell metabolic activity,N,N,N,1.83,3.66,0.273224044,2,159.6,3,3.0,-1243.5544,408.48,633.93,10.715248,-10.715,-4.819,128,1165.8436,2,7.767,2.948,10.23173151,5.896,52.909352,0.339213026,107.28,2,0
1672,IronOxide,Silica,10.0,939.8496241,-31.8,SHSY5Y,H,Human,Epithelial,Bone Marrow,24,NRU,NeutralRed,cell metabolic activity,N,N,N,1.83,3.66,0.273224044,2,159.6,3,3.0,-1243.5544,408.48,633.93,10.715248,-10.715,-4.819,128,1165.8436,2,7.767,2.948,10.23173151,5.896,52.909352,0.339213026,104.28,2,0
1673,IronOxide,Silica,10.0,1096.491228,-31.8,SHSY5Y,H,Human,Epithelial,Bone Marrow,24,NRU,NeutralRed,cell metabolic activity,N,N,N,1.83,3.66,0.273224044,2,159.6,3,3.0,-1243.5544,408.48,633.93,10.715248,-10.715,-4.819,128,1165.8436,2,7.767,2.948,10.23173151,5.896,52.909352,0.339213026,98.046,2,0
1674,IronOxide,Silica,10.0,1253.132832,-31.8,SHSY5Y,H,Human,Epithelial,Bone Marrow,24,NRU,NeutralRed,cell metabolic activity,N,N,N,1.83,3.66,0.273224044,2,159.6,3,3.0,-1243.5544,408.48,633.93,10.715248,-10.715,-4.819,128,1165.8436,2,7.767,2.948,10.23173151,5.896,52.909352,0.339213026,96.05,2,0
1675,IronOxide,Silica,10.0,1879.699248,-31.8,SHSY5Y,H,Human,Epithelial,Bone Marrow,24,NRU,NeutralRed,cell metabolic activity,N,N,N,1.83,3.66,0.273224044,2,159.6,3,3.0,-1243.5544,408.48,633.93,10.715248,-10.715,-4.819,128,1165.8436,2,7.767,2.948,10.23173151,5.896,52.909352,0.339213026,88.316,2,0
1676,IronOxide,OleicAcid,10.9,31.3283208,-45.4,SHSY5Y,H,Human,Epithelial,Bone Marrow,24,NRU,NeutralRed,cell metabolic activity,N,N,N,1.83,3.66,0.273224044,2,159.6,3,3.0,-1243.5544,408.48,633.93,10.715248,-10.715,-4.819,128,1165.8436,2,7.767,2.948,10.23173151,5.896,52.909352,0.339213026,96.881,2,0
1677,IronOxide,OleicAcid,10.9,62.6566416,-45.4,SHSY5Y,H,Human,Epithelial,Bone Marrow,24,NRU,NeutralRed,cell metabolic activity,N,N,N,1.83,3.66,0.273224044,2,159.6,3,3.0,-1243.5544,408.48,633.93,10.715248,-10.715,-4.819,128,1165.8436,2,7.767,2.948,10.23173151,5.896,52.909352,0.339213026,105.96,2,0
1678,IronOxide,OleicAcid,10.9,156.641604,-45.4,SHSY5Y,H,Human,Epithelial,Bone Marrow,24,NRU,NeutralRed,cell metabolic activity,N,N,N,1.83,3.66,0.273224044,2,159.6,3,3.0,-1243.5544,408.48,633.93,10.715248,-10.715,-4.819,128,1165.8436,2,7.767,2.948,10.23173151,5.896,52.909352,0.339213026,104.59,2,0
1679,IronOxide,OleicAcid,10.9,313.283208,-45.4,SHSY5Y,H,Human,Epithelial,Bone Marrow,24,NRU,NeutralRed,cell metabolic activity,N,N,N,1.83,3.66,0.273224044,2,159.6,3,3.0,-1243.5544,408.48,633.93,10.715248,-10.715,-4.819,128,1165.8436,2,7.767,2.948,10.23173151,5.896,52.909352,0.339213026,104.04,2,0
1680,IronOxide,OleicAcid,10.9,469.924812,-45.4,SHSY5Y,H,Human,Epithelial,Bone Marrow,24,NRU,NeutralRed,cell metabolic activity,N,N,N,1.83,3.66,0.273224044,2,159.6,3,3.0,-1243.5544,408.48,633.93,10.715248,-10.715,-4.819,128,1165.8436,2,7.767,2.948,10.23173151,5.896,52.909352,0.339213026,107.06,2,0
1681,IronOxide,OleicAcid,10.9,626.566416,-45.4,SHSY5Y,H,Human,Epithelial,Bone Marrow,24,NRU,NeutralRed,cell metabolic activity,N,N,N,1.83,3.66,0.273224044,2,159.6,3,3.0,-1243.5544,408.48,633.93,10.715248,-10.715,-4.819,128,1165.8436,2,7.767,2.948,10.23173151,5.896,52.909352,0.339213026,105.69,2,0
1682,IronOxide,OleicAcid,10.9,939.8496241,-45.4,SHSY5Y,H,Human,Epithelial,Bone Marrow,24,NRU,NeutralRed,cell metabolic activity,N,N,N,1.83,3.66,0.273224044,2,159.6,3,3.0,-1243.5544,408.48,633.93,10.715248,-10.715,-4.819,128,1165.8436,2,7.767,2.948,10.23173151,5.896,52.909352,0.339213026,104.31,2,0
1683,IronOxide,OleicAcid,10.9,1096.491228,-45.4,SHSY5Y,H,Human,Epithelial,Bone Marrow,24,NRU,NeutralRed,cell metabolic activity,N,N,N,1.83,3.66,0.273224044,2,159.6,3,3.0,-1243.5544,408.48,633.93,10.715248,-10.715,-4.819,128,1165.8436,2,7.767,2.948,10.23173151,5.896,52.909352,0.339213026,102.39,2,0
1684,IronOxide,OleicAcid,10.9,1253.132832,-45.4,SHSY5Y,H,Human,Epithelial,Bone Marrow,24,NRU,NeutralRed,cell metabolic activity,N,N,N,1.83,3.66,0.273224044,2,159.6,3,3.0,-1243.5544,408.48,633.93,10.715248,-10.715,-4.819,128,1165.8436,2,7.767,2.948,10.23173151,5.896,52.909352,0.339213026,96.33,2,0
1685,IronOxide,OleicAcid,10.9,1879.699248,-45.4,SHSY5Y,H,Human,Epithelial,Bone Marrow,24,NRU,NeutralRed,cell metabolic activity,N,N,N,1.83,3.66,0.273224044,2,159.6,3,3.0,-1243.5544,408.48,633.93,10.715248,-10.715,-4.819,128,1165.8436,2,7.767,2.948,10.23173151,5.896,52.909352,0.339213026,97.431,2,0
1686,IronOxide,PEI,10.0,19.5802005,29.28,RAW264.7,A,Mouse,Monocyte/Macrophage,Ascites,48,MTS,Tetrazolium Salt,cell metabolic activity,N,N,N,1.83,3.66,0.273224044,2,159.6,3,3.0,-1243.5544,408.48,633.93,10.715248,-10.715,-4.819,128,1165.8436,2,7.767,2.948,10.23173151,5.896,52.909352,0.339213026,98.282,2,0
1687,IronOxide,PEI,10.0,39.160401,29.28,RAW264.7,A,Mouse,Monocyte/Macrophage,Ascites,48,MTS,Tetrazolium Salt,cell metabolic activity,N,N,N,1.83,3.66,0.273224044,2,159.6,3,3.0,-1243.5544,408.48,633.93,10.715248,-10.715,-4.819,128,1165.8436,2,7.767,2.948,10.23173151,5.896,52.909352,0.339213026,82.646,2,0
1688,IronOxide,PEI,10.0,78.32080201,29.28,RAW264.7,A,Mouse,Monocyte/Macrophage,Ascites,48,MTS,Tetrazolium Salt,cell metabolic activity,N,N,N,1.83,3.66,0.273224044,2,159.6,3,3.0,-1243.5544,408.48,633.93,10.715248,-10.715,-4.819,128,1165.8436,2,7.767,2.948,10.23173151,5.896,52.909352,0.339213026,15.636,1,1
1689,IronOxide,PEI,10.0,156.641604,29.28,RAW264.7,A,Mouse,Monocyte/Macrophage,Ascites,48,MTS,Tetrazolium Salt,cell metabolic activity,N,N,N,1.83,3.66,0.273224044,2,159.6,3,3.0,-1243.5544,408.48,633.93,10.715248,-10.715,-4.819,128,1165.8436,2,7.767,2.948,10.23173151,5.896,52.909352,0.339213026,5.4983,1,1
1690,IronOxide,PEI,10.0,313.283208,29.28,RAW264.7,A,Mouse,Monocyte/Macrophage,Ascites,48,MTS,Tetrazolium Salt,cell metabolic activity,N,N,N,1.83,3.66,0.273224044,2,159.6,3,3.0,-1243.5544,408.48,633.93,10.715248,-10.715,-4.819,128,1165.8436,2,7.767,2.948,10.23173151,5.896,52.909352,0.339213026,2.921,1,1
1691,IronOxide,PEI,10.0,626.566416,29.28,RAW264.7,A,Mouse,Monocyte/Macrophage,Ascites,48,MTS,Tetrazolium Salt,cell metabolic activity,N,N,N,1.83,3.66,0.273224044,2,159.6,3,3.0,-1243.5544,408.48,633.93,10.715248,-10.715,-4.819,128,1165.8436,2,7.767,2.948,10.23173151,5.896,52.909352,0.339213026,1.2027,1,1
1692,IronOxide,PEG,10.0,19.5802005,-0.52,RAW264.7,A,Mouse,Monocyte/Macrophage,Ascites,48,MTS,Tetrazolium Salt,cell metabolic activity,N,N,N,1.83,3.66,0.273224044,2,159.6,3,3.0,-1243.5544,408.48,633.93,10.715248,-10.715,-4.819,128,1165.8436,2,7.767,2.948,10.23173151,5.896,52.909352,0.339213026,100.86,2,0
1693,IronOxide,PEG,10.0,39.160401,-0.52,RAW264.7,A,Mouse,Monocyte/Macrophage,Ascites,48,MTS,Tetrazolium Salt,cell metabolic activity,N,N,N,1.83,3.66,0.273224044,2,159.6,3,3.0,-1243.5544,408.48,633.93,10.715248,-10.715,-4.819,128,1165.8436,2,7.767,2.948,10.23173151,5.896,52.909352,0.339213026,101.89,2,0
1694,IronOxide,PEG,10.0,78.32080201,-0.52,RAW264.7,A,Mouse,Monocyte/Macrophage,Ascites,48,MTS,Tetrazolium Salt,cell metabolic activity,N,N,N,1.83,3.66,0.273224044,2,159.6,3,3.0,-1243.5544,408.48,633.93,10.715248,-10.715,-4.819,128,1165.8436,2,7.767,2.948,10.23173151,5.896,52.909352,0.339213026,103.78,2,0
1695,IronOxide,PEG,10.0,156.641604,-0.52,RAW264.7,A,Mouse,Monocyte/Macrophage,Ascites,48,MTS,Tetrazolium Salt,cell metabolic activity,N,N,N,1.83,3.66,0.273224044,2,159.6,3,3.0,-1243.5544,408.48,633.93,10.715248,-10.715,-4.819,128,1165.8436,2,7.767,2.948,10.23173151,5.896,52.909352,0.339213026,101.2,2,0
1696,IronOxide,PEG,10.0,313.283208,-0.52,RAW264.7,A,Mouse,Monocyte/Macrophage,Ascites,48,MTS,Tetrazolium Salt,cell metabolic activity,N,N,N,1.83,3.66,0.273224044,2,159.6,3,3.0,-1243.5544,408.48,633.93,10.715248,-10.715,-4.819,128,1165.8436,2,7.767,2.948,10.23173151,5.896,52.909352,0.339213026,83.333,2,0
1697,IronOxide,PEG,10.0,626.566416,-0.52,RAW264.7,A,Mouse,Monocyte/Macrophage,Ascites,48,MTS,Tetrazolium Salt,cell metabolic activity,N,N,N,1.83,3.66,0.273224044,2,159.6,3,3.0,-1243.5544,408.48,633.93,10.715248,-10.715,-4.819,128,1165.8436,2,7.767,2.948,10.23173151,5.896,52.909352,0.339213026,56.701,2,0
1698,IronOxide,PEG,30.0,19.5802005,-0.52,RAW264.7,A,Mouse,Monocyte/Macrophage,Ascites,48,MTS,Tetrazolium Salt,cell metabolic activity,N,N,N,1.83,3.66,0.273224044,2,159.6,3,3.0,-1243.5544,408.48,633.93,10.715248,-10.715,-4.819,128,1165.8436,2,7.767,2.948,10.23173151,5.896,52.909352,0.339213026,97.595,2,0
1699,IronOxide,PEG,30.0,39.160401,-0.52,RAW264.7,A,Mouse,Monocyte/Macrophage,Ascites,48,MTS,Tetrazolium Salt,cell metabolic activity,N,N,N,1.83,3.66,0.273224044,2,159.6,3,3.0,-1243.5544,408.48,633.93,10.715248,-10.715,-4.819,128,1165.8436,2,7.767,2.948,10.23173151,5.896,52.909352,0.339213026,97.079,2,0
1700,IronOxide,PEG,30.0,78.32080201,-0.52,RAW264.7,A,Mouse,Monocyte/Macrophage,Ascites,48,MTS,Tetrazolium Salt,cell metabolic activity,N,N,N,1.83,3.66,0.273224044,2,159.6,3,3.0,-1243.5544,408.48,633.93,10.715248,-10.715,-4.819,128,1165.8436,2,7.767,2.948,10.23173151,5.896,52.909352,0.339213026,103.26,2,0
1701,IronOxide,PEG,30.0,156.641604,-0.52,RAW264.7,A,Mouse,Monocyte/Macrophage,Ascites,48,MTS,Tetrazolium Salt,cell metabolic activity,N,N,N,1.83,3.66,0.273224044,2,159.6,3,3.0,-1243.5544,408.48,633.93,10.715248,-10.715,-4.819,128,1165.8436,2,7.767,2.948,10.23173151,5.896,52.909352,0.339213026,107.73,2,0
1702,IronOxide,PEG,30.0,313.283208,-0.52,RAW264.7,A,Mouse,Monocyte/Macrophage,Ascites,48,MTS,Tetrazolium Salt,cell metabolic activity,N,N,N,1.83,3.66,0.273224044,2,159.6,3,3.0,-1243.5544,408.48,633.93,10.715248,-10.715,-4.819,128,1165.8436,2,7.767,2.948,10.23173151,5.896,52.909352,0.339213026,88.144,2,0
1703,IronOxide,PEG,30.0,626.566416,-0.52,RAW264.7,A,Mouse,Monocyte/Macrophage,Ascites,48,MTS,Tetrazolium Salt,cell metabolic activity,N,N,N,1.83,3.66,0.273224044,2,159.6,3,3.0,-1243.5544,408.48,633.93,10.715248,-10.715,-4.819,128,1165.8436,2,7.767,2.948,10.23173151,5.896,52.909352,0.339213026,73.196,2,0
1704,IronOxide,PEI,10.0,19.5802005,29.28,SKOV3,H,Human,Epithelial,Ovary,48,MTS,Tetrazolium Salt,cell metabolic activity,N,N,N,1.83,3.66,0.273224044,2,159.6,3,3.0,-1243.5544,408.48,633.93,10.715248,-10.715,-4.819,128,1165.8436,2,7.767,2.948,10.23173151,5.896,52.909352,0.339213026,70.872,2,0
1705,IronOxide,PEI,10.0,39.160401,29.28,SKOV3,H,Human,Epithelial,Ovary,48,MTS,Tetrazolium Salt,cell metabolic activity,N,N,N,1.83,3.66,0.273224044,2,159.6,3,3.0,-1243.5544,408.48,633.93,10.715248,-10.715,-4.819,128,1165.8436,2,7.767,2.948,10.23173151,5.896,52.909352,0.339213026,8.9054,1,1
1706,IronOxide,PEI,10.0,78.32080201,29.28,SKOV3,H,Human,Epithelial,Ovary,48,MTS,Tetrazolium Salt,cell metabolic activity,N,N,N,1.83,3.66,0.273224044,2,159.6,3,3.0,-1243.5544,408.48,633.93,10.715248,-10.715,-4.819,128,1165.8436,2,7.767,2.948,10.23173151,5.896,52.909352,0.339213026,7.0501,1,1
1707,IronOxide,PEI,10.0,156.641604,29.28,SKOV3,H,Human,Epithelial,Ovary,48,MTS,Tetrazolium Salt,cell metabolic activity,N,N,N,1.83,3.66,0.273224044,2,159.6,3,3.0,-1243.5544,408.48,633.93,10.715248,-10.715,-4.819,128,1165.8436,2,7.767,2.948,10.23173151,5.896,52.909352,0.339213026,3.525,1,1
1708,IronOxide,PEI,10.0,313.283208,29.28,SKOV3,H,Human,Epithelial,Ovary,48,MTS,Tetrazolium Salt,cell metabolic activity,N,N,N,1.83,3.66,0.273224044,2,159.6,3,3.0,-1243.5544,408.48,633.93,10.715248,-10.715,-4.819,128,1165.8436,2,7.767,2.948,10.23173151,5.896,52.909352,0.339213026,2.7829,1,1
1709,IronOxide,PEI,10.0,626.566416,29.28,SKOV3,H,Human,Epithelial,Ovary,48,MTS,Tetrazolium Salt,cell metabolic activity,N,N,N,1.83,3.66,0.273224044,2,159.6,3,3.0,-1243.5544,408.48,633.93,10.715248,-10.715,-4.819,128,1165.8436,2,7.767,2.948,10.23173151,5.896,52.909352,0.339213026,1.4842,1,1
1710,IronOxide,PEG,10.0,19.5802005,-0.52,SKOV3,H,Human,Epithelial,Ovary,48,MTS,Tetrazolium Salt,cell metabolic activity,N,N,N,1.83,3.66,0.273224044,2,159.6,3,3.0,-1243.5544,408.48,633.93,10.715248,-10.715,-4.819,128,1165.8436,2,7.767,2.948,10.23173151,5.896,52.909352,0.339213026,101.11,2,0
1711,IronOxide,PEG,10.0,39.160401,-0.52,SKOV3,H,Human,Epithelial,Ovary,48,MTS,Tetrazolium Salt,cell metabolic activity,N,N,N,1.83,3.66,0.273224044,2,159.6,3,3.0,-1243.5544,408.48,633.93,10.715248,-10.715,-4.819,128,1165.8436,2,7.767,2.948,10.23173151,5.896,52.909352,0.339213026,102.23,2,0
1712,IronOxide,PEG,10.0,78.32080201,-0.52,SKOV3,H,Human,Epithelial,Ovary,48,MTS,Tetrazolium Salt,cell metabolic activity,N,N,N,1.83,3.66,0.273224044,2,159.6,3,3.0,-1243.5544,408.48,633.93,10.715248,-10.715,-4.819,128,1165.8436,2,7.767,2.948,10.23173151,5.896,52.909352,0.339213026,105.38,2,0
1713,IronOxide,PEG,10.0,156.641604,-0.52,SKOV3,H,Human,Epithelial,Ovary,48,MTS,Tetrazolium Salt,cell metabolic activity,N,N,N,1.83,3.66,0.273224044,2,159.6,3,3.0,-1243.5544,408.48,633.93,10.715248,-10.715,-4.819,128,1165.8436,2,7.767,2.948,10.23173151,5.896,52.909352,0.339213026,91.466,2,0
1714,IronOxide,PEG,10.0,313.283208,-0.52,SKOV3,H,Human,Epithelial,Ovary,48,MTS,Tetrazolium Salt,cell metabolic activity,N,N,N,1.83,3.66,0.273224044,2,159.6,3,3.0,-1243.5544,408.48,633.93,10.715248,-10.715,-4.819,128,1165.8436,2,7.767,2.948,10.23173151,5.896,52.909352,0.339213026,77.922,2,0
1715,IronOxide,PEG,10.0,626.566416,-0.52,SKOV3,H,Human,Epithelial,Ovary,48,MTS,Tetrazolium Salt,cell metabolic activity,N,N,N,1.83,3.66,0.273224044,2,159.6,3,3.0,-1243.5544,408.48,633.93,10.715248,-10.715,-4.819,128,1165.8436,2,7.767,2.948,10.23173151,5.896,52.909352,0.339213026,56.215,2,0
1716,IronOxide,PEG,30.0,19.5802005,-0.52,SKOV3,H,Human,Epithelial,Ovary,48,MTS,Tetrazolium Salt,cell metabolic activity,N,N,N,1.83,3.66,0.273224044,2,159.6,3,3.0,-1243.5544,408.48,633.93,10.715248,-10.715,-4.819,128,1165.8436,2,7.767,2.948,10.23173151,5.896,52.909352,0.339213026,98.33,2,0
1717,IronOxide,PEG,30.0,39.160401,-0.52,SKOV3,H,Human,Epithelial,Ovary,48,MTS,Tetrazolium Salt,cell metabolic activity,N,N,N,1.83,3.66,0.273224044,2,159.6,3,3.0,-1243.5544,408.48,633.93,10.715248,-10.715,-4.819,128,1165.8436,2,7.767,2.948,10.23173151,5.896,52.909352,0.339213026,99.629,2,0
1718,IronOxide,PEG,30.0,78.32080201,-0.52,SKOV3,H,Human,Epithelial,Ovary,48,MTS,Tetrazolium Salt,cell metabolic activity,N,N,N,1.83,3.66,0.273224044,2,159.6,3,3.0,-1243.5544,408.48,633.93,10.715248,-10.715,-4.819,128,1165.8436,2,7.767,2.948,10.23173151,5.896,52.909352,0.339213026,100.0,2,0
1719,IronOxide,PEG,30.0,156.641604,-0.52,SKOV3,H,Human,Epithelial,Ovary,48,MTS,Tetrazolium Salt,cell metabolic activity,N,N,N,1.83,3.66,0.273224044,2,159.6,3,3.0,-1243.5544,408.48,633.93,10.715248,-10.715,-4.819,128,1165.8436,2,7.767,2.948,10.23173151,5.896,52.909352,0.339213026,98.887,2,0
1720,IronOxide,PEG,30.0,313.283208,-0.52,SKOV3,H,Human,Epithelial,Ovary,48,MTS,Tetrazolium Salt,cell metabolic activity,N,N,N,1.83,3.66,0.273224044,2,159.6,3,3.0,-1243.5544,408.48,633.93,10.715248,-10.715,-4.819,128,1165.8436,2,7.767,2.948,10.23173151,5.896,52.909352,0.339213026,82.56,2,0
1721,IronOxide,PEG,30.0,626.566416,-0.52,SKOV3,H,Human,Epithelial,Ovary,48,MTS,Tetrazolium Salt,cell metabolic activity,N,N,N,1.83,3.66,0.273224044,2,159.6,3,3.0,-1243.5544,408.48,633.93,10.715248,-10.715,-4.819,128,1165.8436,2,7.767,2.948,10.23173151,5.896,52.909352,0.339213026,66.605,2,0
1722,IronOxide,,6.0,3.13283208,-36.5,HeLa,H,Human,Epithelial,Cervix,24,MTT,Tetrazolium Salt,cell metabolic activity,N,N,N,1.83,3.66,0.273224044,2,159.6,3,3.0,-1243.5544,408.48,633.93,10.715248,-10.715,-4.819,128,1165.8436,2,7.767,2.948,10.23173151,5.896,52.909352,0.339213026,87.183,2,0
1723,IronOxide,,6.0,12.53132832,-36.5,HeLa,H,Human,Epithelial,Cervix,24,MTT,Tetrazolium Salt,cell metabolic activity,N,N,N,1.83,3.66,0.273224044,2,159.6,3,3.0,-1243.5544,408.48,633.93,10.715248,-10.715,-4.819,128,1165.8436,2,7.767,2.948,10.23173151,5.896,52.909352,0.339213026,86.44,2,0
1724,IronOxide,,6.0,25.06265664,-36.5,HeLa,H,Human,Epithelial,Cervix,24,MTT,Tetrazolium Salt,cell metabolic activity,N,N,N,1.83,3.66,0.273224044,2,159.6,3,3.0,-1243.5544,408.48,633.93,10.715248,-10.715,-4.819,128,1165.8436,2,7.767,2.948,10.23173151,5.896,52.909352,0.339213026,84.582,2,0
1725,IronOxide,,6.0,3.13283208,-36.5,HeLa,H,Human,Epithelial,Cervix,48,MTT,Tetrazolium Salt,cell metabolic activity,N,N,N,1.83,3.66,0.273224044,2,159.6,3,3.0,-1243.5544,408.48,633.93,10.715248,-10.715,-4.819,128,1165.8436,2,7.767,2.948,10.23173151,5.896,52.909352,0.339213026,77.523,2,0
1726,IronOxide,,6.0,12.53132832,-36.5,HeLa,H,Human,Epithelial,Cervix,48,MTT,Tetrazolium Salt,cell metabolic activity,N,N,N,1.83,3.66,0.273224044,2,159.6,3,3.0,-1243.5544,408.48,633.93,10.715248,-10.715,-4.819,128,1165.8436,2,7.767,2.948,10.23173151,5.896,52.909352,0.339213026,72.693,2,0
1727,IronOxide,,6.0,25.06265664,-36.5,HeLa,H,Human,Epithelial,Cervix,48,MTT,Tetrazolium Salt,cell metabolic activity,N,N,N,1.83,3.66,0.273224044,2,159.6,3,3.0,-1243.5544,408.48,633.93,10.715248,-10.715,-4.819,128,1165.8436,2,7.767,2.948,10.23173151,5.896,52.909352,0.339213026,65.263,2,0
1728,IronOxide,,6.0,3.13283208,-36.5,HeLa,H,Human,Epithelial,Cervix,72,MTT,Tetrazolium Salt,cell metabolic activity,N,N,N,1.83,3.66,0.273224044,2,159.6,3,3.0,-1243.5544,408.48,633.93,10.715248,-10.715,-4.819,128,1165.8436,2,7.767,2.948,10.23173151,5.896,52.909352,0.339213026,75.294,2,0
1729,IronOxide,,6.0,12.53132832,-36.5,HeLa,H,Human,Epithelial,Cervix,72,MTT,Tetrazolium Salt,cell metabolic activity,N,N,N,1.83,3.66,0.273224044,2,159.6,3,3.0,-1243.5544,408.48,633.93,10.715248,-10.715,-4.819,128,1165.8436,2,7.767,2.948,10.23173151,5.896,52.909352,0.339213026,50.217,2,0
1730,IronOxide,,6.0,25.06265664,-36.5,HeLa,H,Human,Epithelial,Cervix,72,MTT,Tetrazolium Salt,cell metabolic activity,N,N,N,1.83,3.66,0.273224044,2,159.6,3,3.0,-1243.5544,408.48,633.93,10.715248,-10.715,-4.819,128,1165.8436,2,7.767,2.948,10.23173151,5.896,52.909352,0.339213026,42.229,1,1
1731,IronOxide,Chitosan,8.0,3.13283208,11.0,HeLa,H,Human,Epithelial,Cervix,24,MTT,Tetrazolium Salt,cell metabolic activity,N,N,N,1.83,3.66,0.273224044,2,159.6,3,3.0,-1243.5544,408.48,633.93,10.715248,-10.715,-4.819,128,1165.8436,2,7.767,2.948,10.23173151,5.896,52.909352,0.339213026,93.499,2,0
1732,IronOxide,Chitosan,8.0,12.53132832,11.0,HeLa,H,Human,Epithelial,Cervix,24,MTT,Tetrazolium Salt,cell metabolic activity,N,N,N,1.83,3.66,0.273224044,2,159.6,3,3.0,-1243.5544,408.48,633.93,10.715248,-10.715,-4.819,128,1165.8436,2,7.767,2.948,10.23173151,5.896,52.909352,0.339213026,87.74,2,0
1733,IronOxide,Chitosan,8.0,25.06265664,11.0,HeLa,H,Human,Epithelial,Cervix,24,MTT,Tetrazolium Salt,cell metabolic activity,N,N,N,1.83,3.66,0.273224044,2,159.6,3,3.0,-1243.5544,408.48,633.93,10.715248,-10.715,-4.819,128,1165.8436,2,7.767,2.948,10.23173151,5.896,52.909352,0.339213026,86.44,2,0
1734,IronOxide,Chitosan,8.0,3.13283208,11.0,HeLa,H,Human,Epithelial,Cervix,48,MTT,Tetrazolium Salt,cell metabolic activity,N,N,N,1.83,3.66,0.273224044,2,159.6,3,3.0,-1243.5544,408.48,633.93,10.715248,-10.715,-4.819,128,1165.8436,2,7.767,2.948,10.23173151,5.896,52.909352,0.339213026,92.941,2,0
1735,IronOxide,Chitosan,8.0,12.53132832,11.0,HeLa,H,Human,Epithelial,Cervix,48,MTT,Tetrazolium Salt,cell metabolic activity,N,N,N,1.83,3.66,0.273224044,2,159.6,3,3.0,-1243.5544,408.48,633.93,10.715248,-10.715,-4.819,128,1165.8436,2,7.767,2.948,10.23173151,5.896,52.909352,0.339213026,83.653,2,0
1736,IronOxide,Chitosan,8.0,25.06265664,11.0,HeLa,H,Human,Epithelial,Cervix,48,MTT,Tetrazolium Salt,cell metabolic activity,N,N,N,1.83,3.66,0.273224044,2,159.6,3,3.0,-1243.5544,408.48,633.93,10.715248,-10.715,-4.819,128,1165.8436,2,7.767,2.948,10.23173151,5.896,52.909352,0.339213026,78.824,2,0
1737,IronOxide,Chitosan,8.0,3.13283208,11.0,HeLa,H,Human,Epithelial,Cervix,72,MTT,Tetrazolium Salt,cell metabolic activity,N,N,N,1.83,3.66,0.273224044,2,159.6,3,3.0,-1243.5544,408.48,633.93,10.715248,-10.715,-4.819,128,1165.8436,2,7.767,2.948,10.23173151,5.896,52.909352,0.339213026,90.712,2,0
1738,IronOxide,Chitosan,8.0,12.53132832,11.0,HeLa,H,Human,Epithelial,Cervix,72,MTT,Tetrazolium Salt,cell metabolic activity,N,N,N,1.83,3.66,0.273224044,2,159.6,3,3.0,-1243.5544,408.48,633.93,10.715248,-10.715,-4.819,128,1165.8436,2,7.767,2.948,10.23173151,5.896,52.909352,0.339213026,80.31,2,0
1739,IronOxide,Chitosan,8.0,25.06265664,11.0,HeLa,H,Human,Epithelial,Cervix,72,MTT,Tetrazolium Salt,cell metabolic activity,N,N,N,1.83,3.66,0.273224044,2,159.6,3,3.0,-1243.5544,408.48,633.93,10.715248,-10.715,-4.819,128,1165.8436,2,7.767,2.948,10.23173151,5.896,52.909352,0.339213026,71.022,2,0
1740,IronOxide,,6.0,3.13283208,-36.5,A549,H,Human,Epithelial,Lung,24,MTT,Tetrazolium Salt,cell metabolic activity,N,N,N,1.83,3.66,0.273224044,2,159.6,3,3.0,-1243.5544,408.48,633.93,10.715248,-10.715,-4.819,128,1165.8436,2,7.767,2.948,10.23173151,5.896,52.909352,0.339213026,97.447,2,0
1741,IronOxide,,6.0,12.53132832,-36.5,A549,H,Human,Epithelial,Lung,24,MTT,Tetrazolium Salt,cell metabolic activity,N,N,N,1.83,3.66,0.273224044,2,159.6,3,3.0,-1243.5544,408.48,633.93,10.715248,-10.715,-4.819,128,1165.8436,2,7.767,2.948,10.23173151,5.896,52.909352,0.339213026,94.681,2,0
1742,IronOxide,,6.0,25.06265664,-36.5,A549,H,Human,Epithelial,Lung,24,MTT,Tetrazolium Salt,cell metabolic activity,N,N,N,1.83,3.66,0.273224044,2,159.6,3,3.0,-1243.5544,408.48,633.93,10.715248,-10.715,-4.819,128,1165.8436,2,7.767,2.948,10.23173151,5.896,52.909352,0.339213026,91.277,2,0
1743,IronOxide,,6.0,3.13283208,-36.5,A549,H,Human,Epithelial,Lung,48,MTT,Tetrazolium Salt,cell metabolic activity,N,N,N,1.83,3.66,0.273224044,2,159.6,3,3.0,-1243.5544,408.48,633.93,10.715248,-10.715,-4.819,128,1165.8436,2,7.767,2.948,10.23173151,5.896,52.909352,0.339213026,92.766,2,0
1744,IronOxide,,6.0,12.53132832,-36.5,A549,H,Human,Epithelial,Lung,48,MTT,Tetrazolium Salt,cell metabolic activity,N,N,N,1.83,3.66,0.273224044,2,159.6,3,3.0,-1243.5544,408.48,633.93,10.715248,-10.715,-4.819,128,1165.8436,2,7.767,2.948,10.23173151,5.896,52.909352,0.339213026,80.426,2,0
1745,IronOxide,,6.0,25.06265664,-36.5,A549,H,Human,Epithelial,Lung,48,MTT,Tetrazolium Salt,cell metabolic activity,N,N,N,1.83,3.66,0.273224044,2,159.6,3,3.0,-1243.5544,408.48,633.93,10.715248,-10.715,-4.819,128,1165.8436,2,7.767,2.948,10.23173151,5.896,52.909352,0.339213026,63.404,2,0
1746,IronOxide,,6.0,3.13283208,-36.5,A549,H,Human,Epithelial,Lung,72,MTT,Tetrazolium Salt,cell metabolic activity,N,N,N,1.83,3.66,0.273224044,2,159.6,3,3.0,-1243.5544,408.48,633.93,10.715248,-10.715,-4.819,128,1165.8436,2,7.767,2.948,10.23173151,5.896,52.909352,0.339213026,85.745,2,0
1747,IronOxide,,6.0,12.53132832,-36.5,A549,H,Human,Epithelial,Lung,72,MTT,Tetrazolium Salt,cell metabolic activity,N,N,N,1.83,3.66,0.273224044,2,159.6,3,3.0,-1243.5544,408.48,633.93,10.715248,-10.715,-4.819,128,1165.8436,2,7.767,2.948,10.23173151,5.896,52.909352,0.339213026,71.915,2,0
1748,IronOxide,,6.0,25.06265664,-36.5,A549,H,Human,Epithelial,Lung,72,MTT,Tetrazolium Salt,cell metabolic activity,N,N,N,1.83,3.66,0.273224044,2,159.6,3,3.0,-1243.5544,408.48,633.93,10.715248,-10.715,-4.819,128,1165.8436,2,7.767,2.948,10.23173151,5.896,52.909352,0.339213026,45.319,1,1
1749,IronOxide,Chitosan,8.0,3.13283208,11.0,A549,H,Human,Epithelial,Lung,24,MTT,Tetrazolium Salt,cell metabolic activity,N,N,N,1.83,3.66,0.273224044,2,159.6,3,3.0,-1243.5544,408.48,633.93,10.715248,-10.715,-4.819,128,1165.8436,2,7.767,2.948,10.23173151,5.896,52.909352,0.339213026,100.0,2,0
1750,IronOxide,Chitosan,8.0,12.53132832,11.0,A549,H,Human,Epithelial,Lung,24,MTT,Tetrazolium Salt,cell metabolic activity,N,N,N,1.83,3.66,0.273224044,2,159.6,3,3.0,-1243.5544,408.48,633.93,10.715248,-10.715,-4.819,128,1165.8436,2,7.767,2.948,10.23173151,5.896,52.909352,0.339213026,95.532,2,0
1751,IronOxide,Chitosan,8.0,25.06265664,11.0,A549,H,Human,Epithelial,Lung,24,MTT,Tetrazolium Salt,cell metabolic activity,N,N,N,1.83,3.66,0.273224044,2,159.6,3,3.0,-1243.5544,408.48,633.93,10.715248,-10.715,-4.819,128,1165.8436,2,7.767,2.948,10.23173151,5.896,52.909352,0.339213026,93.192,2,0
1752,IronOxide,Chitosan,8.0,3.13283208,11.0,A549,H,Human,Epithelial,Lung,48,MTT,Tetrazolium Salt,cell metabolic activity,N,N,N,1.83,3.66,0.273224044,2,159.6,3,3.0,-1243.5544,408.48,633.93,10.715248,-10.715,-4.819,128,1165.8436,2,7.767,2.948,10.23173151,5.896,52.909352,0.339213026,96.596,2,0
1753,IronOxide,Chitosan,8.0,12.53132832,11.0,A549,H,Human,Epithelial,Lung,48,MTT,Tetrazolium Salt,cell metabolic activity,N,N,N,1.83,3.66,0.273224044,2,159.6,3,3.0,-1243.5544,408.48,633.93,10.715248,-10.715,-4.819,128,1165.8436,2,7.767,2.948,10.23173151,5.896,52.909352,0.339213026,90.426,2,0
1754,IronOxide,Chitosan,8.0,25.06265664,11.0,A549,H,Human,Epithelial,Lung,48,MTT,Tetrazolium Salt,cell metabolic activity,N,N,N,1.83,3.66,0.273224044,2,159.6,3,3.0,-1243.5544,408.48,633.93,10.715248,-10.715,-4.819,128,1165.8436,2,7.767,2.948,10.23173151,5.896,52.909352,0.339213026,83.191,2,0
1755,IronOxide,Chitosan,8.0,3.13283208,11.0,A549,H,Human,Epithelial,Lung,72,MTT,Tetrazolium Salt,cell metabolic activity,N,N,N,1.83,3.66,0.273224044,2,159.6,3,3.0,-1243.5544,408.48,633.93,10.715248,-10.715,-4.819,128,1165.8436,2,7.767,2.948,10.23173151,5.896,52.909352,0.339213026,92.34,2,0
1756,IronOxide,Chitosan,8.0,12.53132832,11.0,A549,H,Human,Epithelial,Lung,72,MTT,Tetrazolium Salt,cell metabolic activity,N,N,N,1.83,3.66,0.273224044,2,159.6,3,3.0,-1243.5544,408.48,633.93,10.715248,-10.715,-4.819,128,1165.8436,2,7.767,2.948,10.23173151,5.896,52.909352,0.339213026,88.085,2,0
1757,IronOxide,Chitosan,8.0,25.06265664,11.0,A549,H,Human,Epithelial,Lung,72,MTT,Tetrazolium Salt,cell metabolic activity,N,N,N,1.83,3.66,0.273224044,2,159.6,3,3.0,-1243.5544,408.48,633.93,10.715248,-10.715,-4.819,128,1165.8436,2,7.767,2.948,10.23173151,5.896,52.909352,0.339213026,74.468,2,0
1758,MgO,,8.0,0.002595309,-27.0,RAW264.7,A,Mouse,Monocyte/Macrophage,Blood,24,WST1,Tetrazolium Salt,cell metabolic activity,Y,N,Y,1.31,1.31,0.763358779,1,40.304,1,2.0,-1695.98652,365.76,573.7,3.537006,-3.537,-0.55,61,685.7866,6,2.0435,1.4935,1.398022179,2.987,353.1119,0.669568129,106.93729,2,0
1759,MgO,,8.0,0.012976546,-27.0,RAW264.7,A,Mouse,Monocyte/Macrophage,Blood,24,WST1,Tetrazolium Salt,cell metabolic activity,Y,N,Y,1.31,1.31,0.763358779,1,40.304,1,2.0,-1695.98652,365.76,573.7,3.537006,-3.537,-0.55,61,685.7866,6,2.0435,1.4935,1.398022179,2.987,353.1119,0.669568129,99.36831,2,0
1760,MgO,,8.0,0.025953092,-27.0,RAW264.7,A,Mouse,Monocyte/Macrophage,Blood,24,WST1,Tetrazolium Salt,cell metabolic activity,Y,N,Y,1.31,1.31,0.763358779,1,40.304,1,2.0,-1695.98652,365.76,573.7,3.537006,-3.537,-0.55,61,685.7866,6,2.0435,1.4935,1.398022179,2.987,353.1119,0.669568129,106.89163,2,0
1761,MgO,,8.0,0.103812368,-27.0,RAW264.7,A,Mouse,Monocyte/Macrophage,Blood,24,WST1,Tetrazolium Salt,cell metabolic activity,Y,N,Y,1.31,1.31,0.763358779,1,40.304,1,2.0,-1695.98652,365.76,573.7,3.537006,-3.537,-0.55,61,685.7866,6,2.0435,1.4935,1.398022179,2.987,353.1119,0.669568129,113.4759,2,0
1762,MgO,,8.0,0.207624736,-27.0,RAW264.7,A,Mouse,Monocyte/Macrophage,Blood,24,WST1,Tetrazolium Salt,cell metabolic activity,Y,N,Y,1.31,1.31,0.763358779,1,40.304,1,2.0,-1695.98652,365.76,573.7,3.537006,-3.537,-0.55,61,685.7866,6,2.0435,1.4935,1.398022179,2.987,353.1119,0.669568129,116.28438,2,0
1763,MgO,,8.0,0.002595309,-27.0,RAW264.7,A,Mouse,Monocyte/Macrophage,Blood,24,LDH,LDH activity assay kit,LDH leakage,Y,N,Y,1.31,1.31,0.763358779,1,40.304,1,2.0,-1695.98652,365.76,573.7,3.537006,-3.537,-0.55,61,685.7866,6,2.0435,1.4935,1.398022179,2.987,353.1119,0.669568129,23.738705,1,1
1764,MgO,,8.0,0.012976546,-27.0,RAW264.7,A,Mouse,Monocyte/Macrophage,Blood,24,LDH,LDH activity assay kit,LDH leakage,Y,N,Y,1.31,1.31,0.763358779,1,40.304,1,2.0,-1695.98652,365.76,573.7,3.537006,-3.537,-0.55,61,685.7866,6,2.0435,1.4935,1.398022179,2.987,353.1119,0.669568129,23.747091,1,1
1765,MgO,,8.0,0.025953092,-27.0,RAW264.7,A,Mouse,Monocyte/Macrophage,Blood,24,LDH,LDH activity assay kit,LDH leakage,Y,N,Y,1.31,1.31,0.763358779,1,40.304,1,2.0,-1695.98652,365.76,573.7,3.537006,-3.537,-0.55,61,685.7866,6,2.0435,1.4935,1.398022179,2.987,353.1119,0.669568129,24.89185,1,1
1766,MgO,,8.0,0.103812368,-27.0,RAW264.7,A,Mouse,Monocyte/Macrophage,Blood,24,LDH,LDH activity assay kit,LDH leakage,Y,N,Y,1.31,1.31,0.763358779,1,40.304,1,2.0,-1695.98652,365.76,573.7,3.537006,-3.537,-0.55,61,685.7866,6,2.0435,1.4935,1.398022179,2.987,353.1119,0.669568129,24.521444,1,1
1767,MgO,,8.0,0.207624736,-27.0,RAW264.7,A,Mouse,Monocyte/Macrophage,Blood,24,LDH,LDH activity assay kit,LDH leakage,Y,N,Y,1.31,1.31,0.763358779,1,40.304,1,2.0,-1695.98652,365.76,573.7,3.537006,-3.537,-0.55,61,685.7866,6,2.0435,1.4935,1.398022179,2.987,353.1119,0.669568129,21.120716,1,1
1768,MnO,,14.0,0.107612432,-45.5,A549,H,Human,Epithelial,Lung,48,Live/Dead,Trypan Blue,cell membrane integrity,N,N,N,1.55,1.55,0.273224044,1,70.937,1,2.0,-1243.5544,408.48,633.93,10.715248,-10.715,-4.819,128,1165.8436,2,7.767,2.948,10.23173151,5.896,52.909352,0.339213026,32.53112,1,1
1769,MnO,,14.0,0.107612432,-33.33,MCF7,H,Human,Epithelial,Breast,48,Live/Dead,Trypan Blue,cell membrane integrity,N,N,N,1.55,1.55,0.273224044,1,70.937,1,2.0,-1243.5544,408.48,633.93,10.715248,-10.715,-4.819,128,1165.8436,2,7.767,2.948,10.23173151,5.896,52.909352,0.339213026,60.414936,2,0
1770,MnO,,14.0,0.107612432,-45.5,T98G,H,Human,Fibroblast,Brain,48,Live/Dead,Trypan Blue,cell membrane integrity,N,N,N,1.55,1.55,0.273224044,1,70.937,1,2.0,-1243.5544,408.48,633.93,10.715248,-10.715,-4.819,128,1165.8436,2,7.767,2.948,10.23173151,5.896,52.909352,0.339213026,29.875519,1,1
1771,MnO,,14.0,0.107612432,-45.5,A549,H,Human,Epithelial,Lung,96,Live/Dead,Trypan Blue,cell membrane integrity,N,N,N,1.55,1.55,0.273224044,1,70.937,1,2.0,-1243.5544,408.48,633.93,10.715248,-10.715,-4.819,128,1165.8436,2,7.767,2.948,10.23173151,5.896,52.909352,0.339213026,77.44945,2,0
1772,MnO,,14.0,0.107612432,-33.33,MCF7,H,Human,Epithelial,Breast,96,Live/Dead,Trypan Blue,cell membrane integrity,N,N,N,1.55,1.55,0.273224044,1,70.937,1,2.0,-1243.5544,408.48,633.93,10.715248,-10.715,-4.819,128,1165.8436,2,7.767,2.948,10.23173151,5.896,52.909352,0.339213026,78.984985,2,0
1773,MnO,,14.0,0.107612432,-45.5,T98G,H,Human,Fibroblast,Brain,96,Live/Dead,Trypan Blue,cell membrane integrity,N,N,N,1.55,1.55,0.273224044,1,70.937,1,2.0,-1243.5544,408.48,633.93,10.715248,-10.715,-4.819,128,1165.8436,2,7.767,2.948,10.23173151,5.896,52.909352,0.339213026,99.189186,2,0
1774,Ni,,65.17,17.0386778,-8.6,A549,H,Human,Epithelial,Lung,24,MTT,Tetrazolium Salt,cell metabolic activity,N,N,N,1.91,1.91,0.0,1,58.69,0,0.0,1014.54805,516.69,936.85,5.657803,-5.658,-2.496,215,2524.53,2,4.077,1.581,5.25677704,3.162,739.059705,0.632511069,94.962,2,0
1775,Ni,,65.17,34.0773556,-8.6,A549,H,Human,Epithelial,Lung,24,MTT,Tetrazolium Salt,cell metabolic activity,N,N,N,1.91,1.91,0.0,1,58.69,0,0.0,1014.54805,516.69,936.85,5.657803,-5.658,-2.496,215,2524.53,2,4.077,1.581,5.25677704,3.162,739.059705,0.632511069,73.056,2,0
1776,Ni,,65.17,85.19338899,-8.6,A549,H,Human,Epithelial,Lung,24,MTT,Tetrazolium Salt,cell metabolic activity,N,N,N,1.91,1.91,0.0,1,58.69,0,0.0,1014.54805,516.69,936.85,5.657803,-5.658,-2.496,215,2524.53,2,4.077,1.581,5.25677704,3.162,739.059705,0.632511069,56.079,2,0
1777,Ni,,65.17,170.386778,-8.6,A549,H,Human,Epithelial,Lung,24,MTT,Tetrazolium Salt,cell metabolic activity,N,N,N,1.91,1.91,0.0,1,58.69,0,0.0,1014.54805,516.69,936.85,5.657803,-5.658,-2.496,215,2524.53,2,4.077,1.581,5.25677704,3.162,739.059705,0.632511069,38.116,1,1
1778,Ni,,65.17,425.966945,-8.6,A549,H,Human,Epithelial,Lung,24,MTT,Tetrazolium Salt,cell metabolic activity,N,N,N,1.91,1.91,0.0,1,58.69,0,0.0,1014.54805,516.69,936.85,5.657803,-5.658,-2.496,215,2524.53,2,4.077,1.581,5.25677704,3.162,739.059705,0.632511069,21.139,1,1
1779,Ni,,65.17,17.0386778,-8.6,A549,H,Human,Epithelial,Lung,48,MTT,Tetrazolium Salt,cell metabolic activity,N,N,N,1.91,1.91,0.0,1,58.69,0,0.0,1014.54805,516.69,936.85,5.657803,-5.658,-2.496,215,2524.53,2,4.077,1.581,5.25677704,3.162,739.059705,0.632511069,92.662,2,0
1780,Ni,,65.17,34.0773556,-8.6,A549,H,Human,Epithelial,Lung,48,MTT,Tetrazolium Salt,cell metabolic activity,N,N,N,1.91,1.91,0.0,1,58.69,0,0.0,1014.54805,516.69,936.85,5.657803,-5.658,-2.496,215,2524.53,2,4.077,1.581,5.25677704,3.162,739.059705,0.632511069,60.789,2,0
1781,Ni,,65.17,85.19338899,-8.6,A549,H,Human,Epithelial,Lung,48,MTT,Tetrazolium Salt,cell metabolic activity,N,N,N,1.91,1.91,0.0,1,58.69,0,0.0,1014.54805,516.69,936.85,5.657803,-5.658,-2.496,215,2524.53,2,4.077,1.581,5.25677704,3.162,739.059705,0.632511069,44.907,1,1
1782,Ni,,65.17,170.386778,-8.6,A549,H,Human,Epithelial,Lung,48,MTT,Tetrazolium Salt,cell metabolic activity,N,N,N,1.91,1.91,0.0,1,58.69,0,0.0,1014.54805,516.69,936.85,5.657803,-5.658,-2.496,215,2524.53,2,4.077,1.581,5.25677704,3.162,739.059705,0.632511069,28.478,1,1
1783,Ni,,65.17,425.966945,-8.6,A549,H,Human,Epithelial,Lung,48,MTT,Tetrazolium Salt,cell metabolic activity,N,N,N,1.91,1.91,0.0,1,58.69,0,0.0,1014.54805,516.69,936.85,5.657803,-5.658,-2.496,215,2524.53,2,4.077,1.581,5.25677704,3.162,739.059705,0.632511069,12.486,1,1
1784,NiO,,21.6,66.94103566,25.3,HepG2,H,Human,Epithelial,Liver,24,MTS,Tetrazolium Salt,cell metabolic activity,N,N,N,1.91,1.91,0.523560209,1,74.6926,1,2.0,-400.16987,316.6,457.67,4.138559,-4.139,-0.105,137,1339.4816,5,2.122,2.017,1.116233019,4.034,285.487285,0.495785821,101.65,2,0
1785,NiO,,21.6,133.8820713,25.3,HepG2,H,Human,Epithelial,Liver,24,MTS,Tetrazolium Salt,cell metabolic activity,N,N,N,1.91,1.91,0.523560209,1,74.6926,1,2.0,-400.16987,316.6,457.67,4.138559,-4.139,-0.105,137,1339.4816,5,2.122,2.017,1.116233019,4.034,285.487285,0.495785821,82.234,2,0
1786,NiO,,21.6,334.7051783,25.3,HepG2,H,Human,Epithelial,Liver,24,MTS,Tetrazolium Salt,cell metabolic activity,N,N,N,1.91,1.91,0.523560209,1,74.6926,1,2.0,-400.16987,316.6,457.67,4.138559,-4.139,-0.105,137,1339.4816,5,2.122,2.017,1.116233019,4.034,285.487285,0.495785821,71.827,2,0
1787,NiO,,21.6,669.4103566,25.3,HepG2,H,Human,Epithelial,Liver,24,MTS,Tetrazolium Salt,cell metabolic activity,N,N,N,1.91,1.91,0.523560209,1,74.6926,1,2.0,-400.16987,316.6,457.67,4.138559,-4.139,-0.105,137,1339.4816,5,2.122,2.017,1.116233019,4.034,285.487285,0.495785821,59.518,2,0
1788,NiO,,21.6,1338.820713,25.3,HepG2,H,Human,Epithelial,Liver,24,MTS,Tetrazolium Salt,cell metabolic activity,N,N,N,1.91,1.91,0.523560209,1,74.6926,1,2.0,-400.16987,316.6,457.67,4.138559,-4.139,-0.105,137,1339.4816,5,2.122,2.017,1.116233019,4.034,285.487285,0.495785821,39.848,1,1
1789,NiO,,21.6,66.94103566,25.3,HepG2,H,Human,Epithelial,Liver,24,NRU,NeutralRed,cell metabolic activity,N,N,N,1.91,1.91,0.523560209,1,74.6926,1,2.0,-400.16987,316.6,457.67,4.138559,-4.139,-0.105,137,1339.4816,5,2.122,2.017,1.116233019,4.034,285.487285,0.495785821,97.387,2,0
1790,NiO,,21.6,133.8820713,25.3,HepG2,H,Human,Epithelial,Liver,24,NRU,NeutralRed,cell metabolic activity,N,N,N,1.91,1.91,0.523560209,1,74.6926,1,2.0,-400.16987,316.6,457.67,4.138559,-4.139,-0.105,137,1339.4816,5,2.122,2.017,1.116233019,4.034,285.487285,0.495785821,95.873,2,0
1791,NiO,,21.6,334.7051783,25.3,HepG2,H,Human,Epithelial,Liver,24,NRU,NeutralRed,cell metabolic activity,N,N,N,1.91,1.91,0.523560209,1,74.6926,1,2.0,-400.16987,316.6,457.67,4.138559,-4.139,-0.105,137,1339.4816,5,2.122,2.017,1.116233019,4.034,285.487285,0.495785821,92.71,2,0
1792,NiO,,21.6,669.4103566,25.3,HepG2,H,Human,Epithelial,Liver,24,NRU,NeutralRed,cell metabolic activity,N,N,N,1.91,1.91,0.523560209,1,74.6926,1,2.0,-400.16987,316.6,457.67,4.138559,-4.139,-0.105,137,1339.4816,5,2.122,2.017,1.116233019,4.034,285.487285,0.495785821,85.282,2,0
1793,NiO,,21.6,1338.820713,25.3,HepG2,H,Human,Epithelial,Liver,24,NRU,NeutralRed,cell metabolic activity,N,N,N,1.91,1.91,0.523560209,1,74.6926,1,2.0,-400.16987,316.6,457.67,4.138559,-4.139,-0.105,137,1339.4816,5,2.122,2.017,1.116233019,4.034,285.487285,0.495785821,81.568,2,0
1794,NiO,,22.0,13.38820713,-33.33,HEp2,H,Human,Epithelial,Cervix,24,MTT,Tetrazolium Salt,cell metabolic activity,N,N,N,1.91,1.91,0.523560209,1,74.6926,1,2.0,-400.16987,316.6,457.67,4.138559,-4.139,-0.105,137,1339.4816,5,2.122,2.017,1.116233019,4.034,285.487285,0.495785821,94.911,2,0
1795,NiO,,22.0,26.77641426,-33.33,HEp2,H,Human,Epithelial,Cervix,24,MTT,Tetrazolium Salt,cell metabolic activity,N,N,N,1.91,1.91,0.523560209,1,74.6926,1,2.0,-400.16987,316.6,457.67,4.138559,-4.139,-0.105,137,1339.4816,5,2.122,2.017,1.116233019,4.034,285.487285,0.495785821,80.407,2,0
1796,NiO,,22.0,66.94103566,-33.33,HEp2,H,Human,Epithelial,Cervix,24,MTT,Tetrazolium Salt,cell metabolic activity,N,N,N,1.91,1.91,0.523560209,1,74.6926,1,2.0,-400.16987,316.6,457.67,4.138559,-4.139,-0.105,137,1339.4816,5,2.122,2.017,1.116233019,4.034,285.487285,0.495785821,79.262,2,0
1797,NiO,,22.0,133.8820713,-33.33,HEp2,H,Human,Epithelial,Cervix,24,MTT,Tetrazolium Salt,cell metabolic activity,N,N,N,1.91,1.91,0.523560209,1,74.6926,1,2.0,-400.16987,316.6,457.67,4.138559,-4.139,-0.105,137,1339.4816,5,2.122,2.017,1.116233019,4.034,285.487285,0.495785821,58.779,2,0
1798,NiO,,22.0,334.7051783,-33.33,HEp2,H,Human,Epithelial,Cervix,24,MTT,Tetrazolium Salt,cell metabolic activity,N,N,N,1.91,1.91,0.523560209,1,74.6926,1,2.0,-400.16987,316.6,457.67,4.138559,-4.139,-0.105,137,1339.4816,5,2.122,2.017,1.116233019,4.034,285.487285,0.495785821,43.13,1,1
1799,NiO,,22.0,669.4103566,-33.33,HEp2,H,Human,Epithelial,Cervix,24,MTT,Tetrazolium Salt,cell metabolic activity,N,N,N,1.91,1.91,0.523560209,1,74.6926,1,2.0,-400.16987,316.6,457.67,4.138559,-4.139,-0.105,137,1339.4816,5,2.122,2.017,1.116233019,4.034,285.487285,0.495785821,20.229,1,1
1800,NiO,,22.0,1338.820713,-33.33,HEp2,H,Human,Epithelial,Cervix,24,MTT,Tetrazolium Salt,cell metabolic activity,N,N,N,1.91,1.91,0.523560209,1,74.6926,1,2.0,-400.16987,316.6,457.67,4.138559,-4.139,-0.105,137,1339.4816,5,2.122,2.017,1.116233019,4.034,285.487285,0.495785821,11.196,1,1
1801,NiO,,22.0,13.38820713,-33.33,MCF7,H,Human,Epithelial,Breast,24,MTT,Tetrazolium Salt,cell metabolic activity,N,N,N,1.91,1.91,0.523560209,1,74.6926,1,2.0,-400.16987,316.6,457.67,4.138559,-4.139,-0.105,137,1339.4816,5,2.122,2.017,1.116233019,4.034,285.487285,0.495785821,93.13,2,0
1802,NiO,,22.0,26.77641426,-33.33,MCF7,H,Human,Epithelial,Breast,24,MTT,Tetrazolium Salt,cell metabolic activity,N,N,N,1.91,1.91,0.523560209,1,74.6926,1,2.0,-400.16987,316.6,457.67,4.138559,-4.139,-0.105,137,1339.4816,5,2.122,2.017,1.116233019,4.034,285.487285,0.495785821,75.064,2,0
1803,NiO,,22.0,66.94103566,-33.33,MCF7,H,Human,Epithelial,Breast,24,MTT,Tetrazolium Salt,cell metabolic activity,N,N,N,1.91,1.91,0.523560209,1,74.6926,1,2.0,-400.16987,316.6,457.67,4.138559,-4.139,-0.105,137,1339.4816,5,2.122,2.017,1.116233019,4.034,285.487285,0.495785821,70.483,2,0
1804,NiO,,22.0,133.8820713,-33.33,MCF7,H,Human,Epithelial,Breast,24,MTT,Tetrazolium Salt,cell metabolic activity,N,N,N,1.91,1.91,0.523560209,1,74.6926,1,2.0,-400.16987,316.6,457.67,4.138559,-4.139,-0.105,137,1339.4816,5,2.122,2.017,1.116233019,4.034,285.487285,0.495785821,48.219,1,1
1805,NiO,,22.0,334.7051783,-33.33,MCF7,H,Human,Epithelial,Breast,24,MTT,Tetrazolium Salt,cell metabolic activity,N,N,N,1.91,1.91,0.523560209,1,74.6926,1,2.0,-400.16987,316.6,457.67,4.138559,-4.139,-0.105,137,1339.4816,5,2.122,2.017,1.116233019,4.034,285.487285,0.495785821,33.461,1,1
1806,NiO,,22.0,669.4103566,-33.33,MCF7,H,Human,Epithelial,Breast,24,MTT,Tetrazolium Salt,cell metabolic activity,N,N,N,1.91,1.91,0.523560209,1,74.6926,1,2.0,-400.16987,316.6,457.67,4.138559,-4.139,-0.105,137,1339.4816,5,2.122,2.017,1.116233019,4.034,285.487285,0.495785821,16.031,1,1
1807,NiO,,22.0,1338.820713,-33.33,MCF7,H,Human,Epithelial,Breast,24,MTT,Tetrazolium Salt,cell metabolic activity,N,N,N,1.91,1.91,0.523560209,1,74.6926,1,2.0,-400.16987,316.6,457.67,4.138559,-4.139,-0.105,137,1339.4816,5,2.122,2.017,1.116233019,4.034,285.487285,0.495785821,8.7786,1,1
1808,NiO,,22.0,13.38820713,-33.33,HEp2,H,Human,Epithelial,Cervix,24,NRU,NeutralRed,cell metabolic activity,N,N,N,1.91,1.91,0.523560209,1,74.6926,1,2.0,-400.16987,316.6,457.67,4.138559,-4.139,-0.105,137,1339.4816,5,2.122,2.017,1.116233019,4.034,285.487285,0.495785821,98.588,2,0
1809,NiO,,22.0,26.77641426,-33.33,HEp2,H,Human,Epithelial,Cervix,24,NRU,NeutralRed,cell metabolic activity,N,N,N,1.91,1.91,0.523560209,1,74.6926,1,2.0,-400.16987,316.6,457.67,4.138559,-4.139,-0.105,137,1339.4816,5,2.122,2.017,1.116233019,4.034,285.487285,0.495785821,84.339,2,0
1810,NiO,,22.0,66.94103566,-33.33,HEp2,H,Human,Epithelial,Cervix,24,NRU,NeutralRed,cell metabolic activity,N,N,N,1.91,1.91,0.523560209,1,74.6926,1,2.0,-400.16987,316.6,457.67,4.138559,-4.139,-0.105,137,1339.4816,5,2.122,2.017,1.116233019,4.034,285.487285,0.495785821,69.576,2,0
1811,NiO,,22.0,133.8820713,-33.33,HEp2,H,Human,Epithelial,Cervix,24,NRU,NeutralRed,cell metabolic activity,N,N,N,1.91,1.91,0.523560209,1,74.6926,1,2.0,-400.16987,316.6,457.67,4.138559,-4.139,-0.105,137,1339.4816,5,2.122,2.017,1.116233019,4.034,285.487285,0.495785821,53.017,2,0
1812,NiO,,22.0,334.7051783,-33.33,HEp2,H,Human,Epithelial,Cervix,24,NRU,NeutralRed,cell metabolic activity,N,N,N,1.91,1.91,0.523560209,1,74.6926,1,2.0,-400.16987,316.6,457.67,4.138559,-4.139,-0.105,137,1339.4816,5,2.122,2.017,1.116233019,4.034,285.487285,0.495785821,38.768,1,1
1813,NiO,,22.0,669.4103566,-33.33,HEp2,H,Human,Epithelial,Cervix,24,NRU,NeutralRed,cell metabolic activity,N,N,N,1.91,1.91,0.523560209,1,74.6926,1,2.0,-400.16987,316.6,457.67,4.138559,-4.139,-0.105,137,1339.4816,5,2.122,2.017,1.116233019,4.034,285.487285,0.495785821,25.546,1,1
1814,NiO,,22.0,1338.820713,-33.33,HEp2,H,Human,Epithelial,Cervix,24,NRU,NeutralRed,cell metabolic activity,N,N,N,1.91,1.91,0.523560209,1,74.6926,1,2.0,-400.16987,316.6,457.67,4.138559,-4.139,-0.105,137,1339.4816,5,2.122,2.017,1.116233019,4.034,285.487285,0.495785821,15.661,1,1
1815,NiO,,22.0,13.38820713,-13.0,MCF7,H,Human,Epithelial,Breast,24,NRU,NeutralRed,cell metabolic activity,N,N,N,1.91,1.91,0.523560209,1,74.6926,1,2.0,-400.16987,316.6,457.67,4.138559,-4.139,-0.105,137,1339.4816,5,2.122,2.017,1.116233019,4.034,285.487285,0.495785821,94.095,2,0
1816,NiO,,22.0,26.77641426,-13.0,MCF7,H,Human,Epithelial,Breast,24,NRU,NeutralRed,cell metabolic activity,N,N,N,1.91,1.91,0.523560209,1,74.6926,1,2.0,-400.16987,316.6,457.67,4.138559,-4.139,-0.105,137,1339.4816,5,2.122,2.017,1.116233019,4.034,285.487285,0.495785821,77.535,2,0
1817,NiO,,22.0,66.94103566,-13.0,MCF7,H,Human,Epithelial,Breast,24,NRU,NeutralRed,cell metabolic activity,N,N,N,1.91,1.91,0.523560209,1,74.6926,1,2.0,-400.16987,316.6,457.67,4.138559,-4.139,-0.105,137,1339.4816,5,2.122,2.017,1.116233019,4.034,285.487285,0.495785821,58.28,2,0
1818,NiO,,22.0,133.8820713,-13.0,MCF7,H,Human,Epithelial,Breast,24,NRU,NeutralRed,cell metabolic activity,N,N,N,1.91,1.91,0.523560209,1,74.6926,1,2.0,-400.16987,316.6,457.67,4.138559,-4.139,-0.105,137,1339.4816,5,2.122,2.017,1.116233019,4.034,285.487285,0.495785821,44.673,1,1
1819,NiO,,22.0,334.7051783,-13.0,MCF7,H,Human,Epithelial,Breast,24,NRU,NeutralRed,cell metabolic activity,N,N,N,1.91,1.91,0.523560209,1,74.6926,1,2.0,-400.16987,316.6,457.67,4.138559,-4.139,-0.105,137,1339.4816,5,2.122,2.017,1.116233019,4.034,285.487285,0.495785821,33.761,1,1
1820,NiO,,22.0,669.4103566,-13.0,MCF7,H,Human,Epithelial,Breast,24,NRU,NeutralRed,cell metabolic activity,N,N,N,1.91,1.91,0.523560209,1,74.6926,1,2.0,-400.16987,316.6,457.67,4.138559,-4.139,-0.105,137,1339.4816,5,2.122,2.017,1.116233019,4.034,285.487285,0.495785821,20.796,1,1
1821,NiO,,22.0,1338.820713,-13.0,MCF7,H,Human,Epithelial,Breast,24,NRU,NeutralRed,cell metabolic activity,N,N,N,1.91,1.91,0.523560209,1,74.6926,1,2.0,-400.16987,316.6,457.67,4.138559,-4.139,-0.105,137,1339.4816,5,2.122,2.017,1.116233019,4.034,285.487285,0.495785821,13.992,1,1
1822,Pt,PVP,13.5,0.001502319,-8.0,HeLa,H,Human,Epithelial,Cervix,24,CellTiter Glo,Luciferase,ATP content,N,N,N,2.28,2.28,0.0,1,195.08,0,0.0,1321.53399,504.91,925.93,9.478299,-9.478,-5.177,190,7413.42,2,7.3275,2.1505,12.48366804,4.301,435.951366,0.465008138,97.297295,2,0
1823,Pt,PVP,13.5,0.001502319,-8.0,HeLa,H,Human,Epithelial,Cervix,48,CellTiter Glo,Luciferase,ATP content,N,N,N,2.28,2.28,0.0,1,195.08,0,0.0,1321.53399,504.91,925.93,9.478299,-9.478,-5.177,190,7413.42,2,7.3275,2.1505,12.48366804,4.301,435.951366,0.465008138,96.936935,2,0
1824,Pt,PVP,13.5,0.001502319,-8.0,HeLa,H,Human,Epithelial,Cervix,72,CellTiter Glo,Luciferase,ATP content,N,N,N,2.28,2.28,0.0,1,195.08,0,0.0,1321.53399,504.91,925.93,9.478299,-9.478,-5.177,190,7413.42,2,7.3275,2.1505,12.48366804,4.301,435.951366,0.465008138,89.72973,2,0
1825,Pt,PVP,13.5,0.003004639,-8.0,HeLa,H,Human,Epithelial,Cervix,24,CellTiter Glo,Luciferase,ATP content,N,N,N,2.28,2.28,0.0,1,195.08,0,0.0,1321.53399,504.91,925.93,9.478299,-9.478,-5.177,190,7413.42,2,7.3275,2.1505,12.48366804,4.301,435.951366,0.465008138,86.12613,2,0
1826,Pt,PVP,13.5,0.003004639,-8.0,HeLa,H,Human,Epithelial,Cervix,48,CellTiter Glo,Luciferase,ATP content,N,N,N,2.28,2.28,0.0,1,195.08,0,0.0,1321.53399,504.91,925.93,9.478299,-9.478,-5.177,190,7413.42,2,7.3275,2.1505,12.48366804,4.301,435.951366,0.465008138,91.89189,2,0
1827,Pt,PVP,13.5,0.003004639,-8.0,HeLa,H,Human,Epithelial,Cervix,72,CellTiter Glo,Luciferase,ATP content,N,N,N,2.28,2.28,0.0,1,195.08,0,0.0,1321.53399,504.91,925.93,9.478299,-9.478,-5.177,190,7413.42,2,7.3275,2.1505,12.48366804,4.301,435.951366,0.465008138,88.28829,2,0
1828,Pt,PVP,13.5,0.006009277,-8.0,HeLa,H,Human,Epithelial,Cervix,24,CellTiter Glo,Luciferase,ATP content,N,N,N,2.28,2.28,0.0,1,195.08,0,0.0,1321.53399,504.91,925.93,9.478299,-9.478,-5.177,190,7413.42,2,7.3275,2.1505,12.48366804,4.301,435.951366,0.465008138,81.8018,2,0
1829,Pt,PVP,13.5,0.006009277,-8.0,HeLa,H,Human,Epithelial,Cervix,48,CellTiter Glo,Luciferase,ATP content,N,N,N,2.28,2.28,0.0,1,195.08,0,0.0,1321.53399,504.91,925.93,9.478299,-9.478,-5.177,190,7413.42,2,7.3275,2.1505,12.48366804,4.301,435.951366,0.465008138,85.4054,2,0
1830,Pt,PVP,13.5,0.006009277,-8.0,HeLa,H,Human,Epithelial,Cervix,72,CellTiter Glo,Luciferase,ATP content,N,N,N,2.28,2.28,0.0,1,195.08,0,0.0,1321.53399,504.91,925.93,9.478299,-9.478,-5.177,190,7413.42,2,7.3275,2.1505,12.48366804,4.301,435.951366,0.465008138,76.75676,2,0
1831,Pt,PVP,13.5,0.012018554,-8.0,HeLa,H,Human,Epithelial,Cervix,24,CellTiter Glo,Luciferase,ATP content,N,N,N,2.28,2.28,0.0,1,195.08,0,0.0,1321.53399,504.91,925.93,9.478299,-9.478,-5.177,190,7413.42,2,7.3275,2.1505,12.48366804,4.301,435.951366,0.465008138,77.47748,2,0
1832,Pt,PVP,13.5,0.012018554,-8.0,HeLa,H,Human,Epithelial,Cervix,48,CellTiter Glo,Luciferase,ATP content,N,N,N,2.28,2.28,0.0,1,195.08,0,0.0,1321.53399,504.91,925.93,9.478299,-9.478,-5.177,190,7413.42,2,7.3275,2.1505,12.48366804,4.301,435.951366,0.465008138,78.1982,2,0
1833,Pt,PVP,13.5,0.012018554,-8.0,HeLa,H,Human,Epithelial,Cervix,72,CellTiter Glo,Luciferase,ATP content,N,N,N,2.28,2.28,0.0,1,195.08,0,0.0,1321.53399,504.91,925.93,9.478299,-9.478,-5.177,190,7413.42,2,7.3275,2.1505,12.48366804,4.301,435.951366,0.465008138,68.10811,2,0
1834,Pt,PVP,13.5,0.024037109,-8.0,HeLa,H,Human,Epithelial,Cervix,24,CellTiter Glo,Luciferase,ATP content,N,N,N,2.28,2.28,0.0,1,195.08,0,0.0,1321.53399,504.91,925.93,9.478299,-9.478,-5.177,190,7413.42,2,7.3275,2.1505,12.48366804,4.301,435.951366,0.465008138,57.2973,2,0
1835,Pt,PVP,13.5,0.024037109,-8.0,HeLa,H,Human,Epithelial,Cervix,48,CellTiter Glo,Luciferase,ATP content,N,N,N,2.28,2.28,0.0,1,195.08,0,0.0,1321.53399,504.91,925.93,9.478299,-9.478,-5.177,190,7413.42,2,7.3275,2.1505,12.48366804,4.301,435.951366,0.465008138,56.576576,2,0
1836,Pt,PVP,13.5,0.024037109,-8.0,HeLa,H,Human,Epithelial,Cervix,72,CellTiter Glo,Luciferase,ATP content,N,N,N,2.28,2.28,0.0,1,195.08,0,0.0,1321.53399,504.91,925.93,9.478299,-9.478,-5.177,190,7413.42,2,7.3275,2.1505,12.48366804,4.301,435.951366,0.465008138,43.603603,1,1
1837,Pt,PVP,13.5,0.001502319,-8.0,MCF7,H,Human,Epithelial,Breast,24,CellTiter Glo,Luciferase,ATP content,N,N,N,2.28,2.28,0.0,1,195.08,0,0.0,1321.53399,504.91,925.93,9.478299,-9.478,-5.177,190,7413.42,2,7.3275,2.1505,12.48366804,4.301,435.951366,0.465008138,99.79081,2,0
1838,Pt,PVP,13.5,0.001502319,-8.0,MCF7,H,Human,Epithelial,Breast,48,CellTiter Glo,Luciferase,ATP content,N,N,N,2.28,2.28,0.0,1,195.08,0,0.0,1321.53399,504.91,925.93,9.478299,-9.478,-5.177,190,7413.42,2,7.3275,2.1505,12.48366804,4.301,435.951366,0.465008138,96.181816,2,0
1839,Pt,PVP,13.5,0.001502319,-8.0,MCF7,H,Human,Epithelial,Breast,72,CellTiter Glo,Luciferase,ATP content,N,N,N,2.28,2.28,0.0,1,195.08,0,0.0,1321.53399,504.91,925.93,9.478299,-9.478,-5.177,190,7413.42,2,7.3275,2.1505,12.48366804,4.301,435.951366,0.465008138,99.84555,2,0
1840,Pt,PVP,13.5,0.003004639,-8.0,MCF7,H,Human,Epithelial,Breast,24,CellTiter Glo,Luciferase,ATP content,N,N,N,2.28,2.28,0.0,1,195.08,0,0.0,1321.53399,504.91,925.93,9.478299,-9.478,-5.177,190,7413.42,2,7.3275,2.1505,12.48366804,4.301,435.951366,0.465008138,91.18671,2,0
1841,Pt,PVP,13.5,0.003004639,-8.0,MCF7,H,Human,Epithelial,Breast,48,CellTiter Glo,Luciferase,ATP content,N,N,N,2.28,2.28,0.0,1,195.08,0,0.0,1321.53399,504.91,925.93,9.478299,-9.478,-5.177,190,7413.42,2,7.3275,2.1505,12.48366804,4.301,435.951366,0.465008138,91.21017,2,0
1842,Pt,PVP,13.5,0.003004639,-8.0,MCF7,H,Human,Epithelial,Breast,72,CellTiter Glo,Luciferase,ATP content,N,N,N,2.28,2.28,0.0,1,195.08,0,0.0,1321.53399,504.91,925.93,9.478299,-9.478,-5.177,190,7413.42,2,7.3275,2.1505,12.48366804,4.301,435.951366,0.465008138,89.7869,2,0
1843,Pt,PVP,13.5,0.006009277,-8.0,MCF7,H,Human,Epithelial,Breast,24,CellTiter Glo,Luciferase,ATP content,N,N,N,2.28,2.28,0.0,1,195.08,0,0.0,1321.53399,504.91,925.93,9.478299,-9.478,-5.177,190,7413.42,2,7.3275,2.1505,12.48366804,4.301,435.951366,0.465008138,89.849464,2,0
1844,Pt,PVP,13.5,0.006009277,-8.0,MCF7,H,Human,Epithelial,Breast,48,CellTiter Glo,Luciferase,ATP content,N,N,N,2.28,2.28,0.0,1,195.08,0,0.0,1321.53399,504.91,925.93,9.478299,-9.478,-5.177,190,7413.42,2,7.3275,2.1505,12.48366804,4.301,435.951366,0.465008138,84.78593,2,0
1845,Pt,PVP,13.5,0.006009277,-8.0,MCF7,H,Human,Epithelial,Breast,72,CellTiter Glo,Luciferase,ATP content,N,N,N,2.28,2.28,0.0,1,195.08,0,0.0,1321.53399,504.91,925.93,9.478299,-9.478,-5.177,190,7413.42,2,7.3275,2.1505,12.48366804,4.301,435.951366,0.465008138,86.99511,2,0
1846,Pt,PVP,13.5,0.012018554,-8.0,MCF7,H,Human,Epithelial,Breast,24,CellTiter Glo,Luciferase,ATP content,N,N,N,2.28,2.28,0.0,1,195.08,0,0.0,1321.53399,504.91,925.93,9.478299,-9.478,-5.177,190,7413.42,2,7.3275,2.1505,12.48366804,4.301,435.951366,0.465008138,81.2434,2,0
1847,Pt,PVP,13.5,0.012018554,-8.0,MCF7,H,Human,Epithelial,Breast,48,CellTiter Glo,Luciferase,ATP content,N,N,N,2.28,2.28,0.0,1,195.08,0,0.0,1321.53399,504.91,925.93,9.478299,-9.478,-5.177,190,7413.42,2,7.3275,2.1505,12.48366804,4.301,435.951366,0.465008138,80.5435,2,0
1848,Pt,PVP,13.5,0.012018554,-8.0,MCF7,H,Human,Epithelial,Breast,72,CellTiter Glo,Luciferase,ATP content,N,N,N,2.28,2.28,0.0,1,195.08,0,0.0,1321.53399,504.91,925.93,9.478299,-9.478,-5.177,190,7413.42,2,7.3275,2.1505,12.48366804,4.301,435.951366,0.465008138,66.752686,2,0
1849,Pt,PVP,13.5,0.024037109,-8.0,MCF7,H,Human,Epithelial,Breast,24,CellTiter Glo,Luciferase,ATP content,N,N,N,2.28,2.28,0.0,1,195.08,0,0.0,1321.53399,504.91,925.93,9.478299,-9.478,-5.177,190,7413.42,2,7.3275,2.1505,12.48366804,4.301,435.951366,0.465008138,55.182796,2,0
1850,Pt,PVP,13.5,0.024037109,-8.0,MCF7,H,Human,Epithelial,Breast,48,CellTiter Glo,Luciferase,ATP content,N,N,N,2.28,2.28,0.0,1,195.08,0,0.0,1321.53399,504.91,925.93,9.478299,-9.478,-5.177,190,7413.42,2,7.3275,2.1505,12.48366804,4.301,435.951366,0.465008138,56.666668,2,0
1851,Pt,PVP,13.5,0.024037109,-8.0,MCF7,H,Human,Epithelial,Breast,72,CellTiter Glo,Luciferase,ATP content,N,N,N,2.28,2.28,0.0,1,195.08,0,0.0,1321.53399,504.91,925.93,9.478299,-9.478,-5.177,190,7413.42,2,7.3275,2.1505,12.48366804,4.301,435.951366,0.465008138,49.419353,1,1
1852,Pt,Folic acid,13.5,0.001502319,-40.5,HeLa,H,Human,Epithelial,Cervix,24,CellTiter Glo,Luciferase,ATP content,N,N,N,2.28,2.28,0.0,1,195.08,0,0.0,1321.53399,504.91,925.93,9.478299,-9.478,-5.177,190,7413.42,2,7.3275,2.1505,12.48366804,4.301,435.951366,0.465008138,84.0,2,0
1853,Pt,Folic acid,13.5,0.001502319,-40.5,HeLa,H,Human,Epithelial,Cervix,48,CellTiter Glo,Luciferase,ATP content,N,N,N,2.28,2.28,0.0,1,195.08,0,0.0,1321.53399,504.91,925.93,9.478299,-9.478,-5.177,190,7413.42,2,7.3275,2.1505,12.48366804,4.301,435.951366,0.465008138,81.75,2,0
1854,Pt,Folic acid,13.5,0.001502319,-40.5,HeLa,H,Human,Epithelial,Cervix,72,CellTiter Glo,Luciferase,ATP content,N,N,N,2.28,2.28,0.0,1,195.08,0,0.0,1321.53399,504.91,925.93,9.478299,-9.478,-5.177,190,7413.42,2,7.3275,2.1505,12.48366804,4.301,435.951366,0.465008138,67.5,2,0
1855,Pt,Folic acid,13.5,0.003004639,-40.5,HeLa,H,Human,Epithelial,Cervix,24,CellTiter Glo,Luciferase,ATP content,N,N,N,2.28,2.28,0.0,1,195.08,0,0.0,1321.53399,504.91,925.93,9.478299,-9.478,-5.177,190,7413.42,2,7.3275,2.1505,12.48366804,4.301,435.951366,0.465008138,77.25,2,0
1856,Pt,Folic acid,13.5,0.003004639,-40.5,HeLa,H,Human,Epithelial,Cervix,48,CellTiter Glo,Luciferase,ATP content,N,N,N,2.28,2.28,0.0,1,195.08,0,0.0,1321.53399,504.91,925.93,9.478299,-9.478,-5.177,190,7413.42,2,7.3275,2.1505,12.48366804,4.301,435.951366,0.465008138,70.5,2,0
1857,Pt,Folic acid,13.5,0.003004639,-40.5,HeLa,H,Human,Epithelial,Cervix,72,CellTiter Glo,Luciferase,ATP content,N,N,N,2.28,2.28,0.0,1,195.08,0,0.0,1321.53399,504.91,925.93,9.478299,-9.478,-5.177,190,7413.42,2,7.3275,2.1505,12.48366804,4.301,435.951366,0.465008138,54.75,2,0
1858,Pt,Folic acid,13.5,0.006009277,-40.5,HeLa,H,Human,Epithelial,Cervix,24,CellTiter Glo,Luciferase,ATP content,N,N,N,2.28,2.28,0.0,1,195.08,0,0.0,1321.53399,504.91,925.93,9.478299,-9.478,-5.177,190,7413.42,2,7.3275,2.1505,12.48366804,4.301,435.951366,0.465008138,69.75,2,0
1859,Pt,Folic acid,13.5,0.006009277,-40.5,HeLa,H,Human,Epithelial,Cervix,48,CellTiter Glo,Luciferase,ATP content,N,N,N,2.28,2.28,0.0,1,195.08,0,0.0,1321.53399,504.91,925.93,9.478299,-9.478,-5.177,190,7413.42,2,7.3275,2.1505,12.48366804,4.301,435.951366,0.465008138,58.5,2,0
1860,Pt,Folic acid,13.5,0.006009277,-40.5,HeLa,H,Human,Epithelial,Cervix,72,CellTiter Glo,Luciferase,ATP content,N,N,N,2.28,2.28,0.0,1,195.08,0,0.0,1321.53399,504.91,925.93,9.478299,-9.478,-5.177,190,7413.42,2,7.3275,2.1505,12.48366804,4.301,435.951366,0.465008138,45.0,1,1
1861,Pt,Folic acid,13.5,0.012018554,-40.5,HeLa,H,Human,Epithelial,Cervix,24,CellTiter Glo,Luciferase,ATP content,N,N,N,2.28,2.28,0.0,1,195.08,0,0.0,1321.53399,504.91,925.93,9.478299,-9.478,-5.177,190,7413.42,2,7.3275,2.1505,12.48366804,4.301,435.951366,0.465008138,50.25,2,0
1862,Pt,Folic acid,13.5,0.012018554,-40.5,HeLa,H,Human,Epithelial,Cervix,48,CellTiter Glo,Luciferase,ATP content,N,N,N,2.28,2.28,0.0,1,195.08,0,0.0,1321.53399,504.91,925.93,9.478299,-9.478,-5.177,190,7413.42,2,7.3275,2.1505,12.48366804,4.301,435.951366,0.465008138,44.25,1,1
1863,Pt,Folic acid,13.5,0.012018554,-40.5,HeLa,H,Human,Epithelial,Cervix,72,CellTiter Glo,Luciferase,ATP content,N,N,N,2.28,2.28,0.0,1,195.08,0,0.0,1321.53399,504.91,925.93,9.478299,-9.478,-5.177,190,7413.42,2,7.3275,2.1505,12.48366804,4.301,435.951366,0.465008138,32.25,1,1
1864,Pt,Folic acid,13.5,0.024037109,-40.5,HeLa,H,Human,Epithelial,Cervix,24,CellTiter Glo,Luciferase,ATP content,N,N,N,2.28,2.28,0.0,1,195.08,0,0.0,1321.53399,504.91,925.93,9.478299,-9.478,-5.177,190,7413.42,2,7.3275,2.1505,12.48366804,4.301,435.951366,0.465008138,36.0,1,1
1865,Pt,Folic acid,13.5,0.024037109,-40.5,HeLa,H,Human,Epithelial,Cervix,48,CellTiter Glo,Luciferase,ATP content,N,N,N,2.28,2.28,0.0,1,195.08,0,0.0,1321.53399,504.91,925.93,9.478299,-9.478,-5.177,190,7413.42,2,7.3275,2.1505,12.48366804,4.301,435.951366,0.465008138,30.0,1,1
1866,Pt,Folic acid,13.5,0.024037109,-40.5,HeLa,H,Human,Epithelial,Cervix,72,CellTiter Glo,Luciferase,ATP content,N,N,N,2.28,2.28,0.0,1,195.08,0,0.0,1321.53399,504.91,925.93,9.478299,-9.478,-5.177,190,7413.42,2,7.3275,2.1505,12.48366804,4.301,435.951366,0.465008138,21.0,1,1
1867,Pt,Folic acid,13.5,0.001502319,-40.5,MCF7,H,Human,Epithelial,Breast,24,CellTiter Glo,Luciferase,ATP content,N,N,N,2.28,2.28,0.0,1,195.08,0,0.0,1321.53399,504.91,925.93,9.478299,-9.478,-5.177,190,7413.42,2,7.3275,2.1505,12.48366804,4.301,435.951366,0.465008138,79.00621,2,0
1868,Pt,Folic acid,13.5,0.001502319,-40.5,MCF7,H,Human,Epithelial,Breast,48,CellTiter Glo,Luciferase,ATP content,N,N,N,2.28,2.28,0.0,1,195.08,0,0.0,1321.53399,504.91,925.93,9.478299,-9.478,-5.177,190,7413.42,2,7.3275,2.1505,12.48366804,4.301,435.951366,0.465008138,64.84472,2,0
1869,Pt,Folic acid,13.5,0.001502319,-40.5,MCF7,H,Human,Epithelial,Breast,72,CellTiter Glo,Luciferase,ATP content,N,N,N,2.28,2.28,0.0,1,195.08,0,0.0,1321.53399,504.91,925.93,9.478299,-9.478,-5.177,190,7413.42,2,7.3275,2.1505,12.48366804,4.301,435.951366,0.465008138,44.720497,1,1
1870,Pt,Folic acid,13.5,0.003004639,-40.5,MCF7,H,Human,Epithelial,Breast,24,CellTiter Glo,Luciferase,ATP content,N,N,N,2.28,2.28,0.0,1,195.08,0,0.0,1321.53399,504.91,925.93,9.478299,-9.478,-5.177,190,7413.42,2,7.3275,2.1505,12.48366804,4.301,435.951366,0.465008138,64.09938,2,0
1871,Pt,Folic acid,13.5,0.003004639,-40.5,MCF7,H,Human,Epithelial,Breast,48,CellTiter Glo,Luciferase,ATP content,N,N,N,2.28,2.28,0.0,1,195.08,0,0.0,1321.53399,504.91,925.93,9.478299,-9.478,-5.177,190,7413.42,2,7.3275,2.1505,12.48366804,4.301,435.951366,0.465008138,49.93789,1,1
1872,Pt,Folic acid,13.5,0.003004639,-40.5,MCF7,H,Human,Epithelial,Breast,72,CellTiter Glo,Luciferase,ATP content,N,N,N,2.28,2.28,0.0,1,195.08,0,0.0,1321.53399,504.91,925.93,9.478299,-9.478,-5.177,190,7413.42,2,7.3275,2.1505,12.48366804,4.301,435.951366,0.465008138,35.776398,1,1
1873,Pt,Folic acid,13.5,0.006009277,-40.5,MCF7,H,Human,Epithelial,Breast,24,CellTiter Glo,Luciferase,ATP content,N,N,N,2.28,2.28,0.0,1,195.08,0,0.0,1321.53399,504.91,925.93,9.478299,-9.478,-5.177,190,7413.42,2,7.3275,2.1505,12.48366804,4.301,435.951366,0.465008138,47.701862,1,1
1874,Pt,Folic acid,13.5,0.006009277,-40.5,MCF7,H,Human,Epithelial,Breast,48,CellTiter Glo,Luciferase,ATP content,N,N,N,2.28,2.28,0.0,1,195.08,0,0.0,1321.53399,504.91,925.93,9.478299,-9.478,-5.177,190,7413.42,2,7.3275,2.1505,12.48366804,4.301,435.951366,0.465008138,38.01242,1,1
1875,Pt,Folic acid,13.5,0.006009277,-40.5,MCF7,H,Human,Epithelial,Breast,72,CellTiter Glo,Luciferase,ATP content,N,N,N,2.28,2.28,0.0,1,195.08,0,0.0,1321.53399,504.91,925.93,9.478299,-9.478,-5.177,190,7413.42,2,7.3275,2.1505,12.48366804,4.301,435.951366,0.465008138,24.596273,1,1
1876,Pt,Folic acid,13.5,0.012018554,-40.5,MCF7,H,Human,Epithelial,Breast,24,CellTiter Glo,Luciferase,ATP content,N,N,N,2.28,2.28,0.0,1,195.08,0,0.0,1321.53399,504.91,925.93,9.478299,-9.478,-5.177,190,7413.42,2,7.3275,2.1505,12.48366804,4.301,435.951366,0.465008138,34.285713,1,1
1877,Pt,Folic acid,13.5,0.012018554,-40.5,MCF7,H,Human,Epithelial,Breast,48,CellTiter Glo,Luciferase,ATP content,N,N,N,2.28,2.28,0.0,1,195.08,0,0.0,1321.53399,504.91,925.93,9.478299,-9.478,-5.177,190,7413.42,2,7.3275,2.1505,12.48366804,4.301,435.951366,0.465008138,26.086956,1,1
1878,Pt,Folic acid,13.5,0.012018554,-40.5,MCF7,H,Human,Epithelial,Breast,72,CellTiter Glo,Luciferase,ATP content,N,N,N,2.28,2.28,0.0,1,195.08,0,0.0,1321.53399,504.91,925.93,9.478299,-9.478,-5.177,190,7413.42,2,7.3275,2.1505,12.48366804,4.301,435.951366,0.465008138,17.142857,1,1
1879,Pt,Folic acid,13.5,0.024037109,-40.5,MCF7,H,Human,Epithelial,Breast,24,CellTiter Glo,Luciferase,ATP content,N,N,N,2.28,2.28,0.0,1,195.08,0,0.0,1321.53399,504.91,925.93,9.478299,-9.478,-5.177,190,7413.42,2,7.3275,2.1505,12.48366804,4.301,435.951366,0.465008138,19.378881,1,1
1880,Pt,Folic acid,13.5,0.024037109,-40.5,MCF7,H,Human,Epithelial,Breast,48,CellTiter Glo,Luciferase,ATP content,N,N,N,2.28,2.28,0.0,1,195.08,0,0.0,1321.53399,504.91,925.93,9.478299,-9.478,-5.177,190,7413.42,2,7.3275,2.1505,12.48366804,4.301,435.951366,0.465008138,17.888199,1,1
1881,Pt,Folic acid,13.5,0.024037109,-40.5,MCF7,H,Human,Epithelial,Breast,72,CellTiter Glo,Luciferase,ATP content,N,N,N,2.28,2.28,0.0,1,195.08,0,0.0,1321.53399,504.91,925.93,9.478299,-9.478,-5.177,190,7413.42,2,7.3275,2.1505,12.48366804,4.301,435.951366,0.465008138,12.670808,1,1
1882,Pt,,20.12,12.81525528,-8.0,MCF7,H,Human,Epithelial,Breast,24,MTT,Tetrazolium Salt,cell metabolic activity,N,N,N,2.28,2.28,0.0,1,195.08,0,0.0,1321.53399,504.91,925.93,9.478299,-9.478,-5.177,190,7413.42,2,7.3275,2.1505,12.48366804,4.301,435.951366,0.465008138,95.0,2,0
1883,Pt,,20.12,25.63051056,-8.0,MCF7,H,Human,Epithelial,Breast,24,MTT,Tetrazolium Salt,cell metabolic activity,N,N,N,2.28,2.28,0.0,1,195.08,0,0.0,1321.53399,504.91,925.93,9.478299,-9.478,-5.177,190,7413.42,2,7.3275,2.1505,12.48366804,4.301,435.951366,0.465008138,78.548,2,0
1884,Pt,,20.12,51.26102112,-8.0,MCF7,H,Human,Epithelial,Breast,24,MTT,Tetrazolium Salt,cell metabolic activity,N,N,N,2.28,2.28,0.0,1,195.08,0,0.0,1321.53399,504.91,925.93,9.478299,-9.478,-5.177,190,7413.42,2,7.3275,2.1505,12.48366804,4.301,435.951366,0.465008138,60.645,2,0
1885,Pt,,20.12,102.5220422,-8.0,MCF7,H,Human,Epithelial,Breast,24,MTT,Tetrazolium Salt,cell metabolic activity,N,N,N,2.28,2.28,0.0,1,195.08,0,0.0,1321.53399,504.91,925.93,9.478299,-9.478,-5.177,190,7413.42,2,7.3275,2.1505,12.48366804,4.301,435.951366,0.465008138,37.903,1,1
1886,Pt,,20.12,205.0440845,-8.0,MCF7,H,Human,Epithelial,Breast,24,MTT,Tetrazolium Salt,cell metabolic activity,N,N,N,2.28,2.28,0.0,1,195.08,0,0.0,1321.53399,504.91,925.93,9.478299,-9.478,-5.177,190,7413.42,2,7.3275,2.1505,12.48366804,4.301,435.951366,0.465008138,35.968,1,1
1887,Pt,,20.12,256.3051056,-8.0,MCF7,H,Human,Epithelial,Breast,24,MTT,Tetrazolium Salt,cell metabolic activity,N,N,N,2.28,2.28,0.0,1,195.08,0,0.0,1321.53399,504.91,925.93,9.478299,-9.478,-5.177,190,7413.42,2,7.3275,2.1505,12.48366804,4.301,435.951366,0.465008138,30.968,1,1
1888,Pt,,20.12,12.81525528,-8.0,MCF7,H,Human,Epithelial,Breast,48,MTT,Tetrazolium Salt,cell metabolic activity,N,N,N,2.28,2.28,0.0,1,195.08,0,0.0,1321.53399,504.91,925.93,9.478299,-9.478,-5.177,190,7413.42,2,7.3275,2.1505,12.48366804,4.301,435.951366,0.465008138,90.0,2,0
1889,Pt,,20.12,25.63051056,-8.0,MCF7,H,Human,Epithelial,Breast,48,MTT,Tetrazolium Salt,cell metabolic activity,N,N,N,2.28,2.28,0.0,1,195.08,0,0.0,1321.53399,504.91,925.93,9.478299,-9.478,-5.177,190,7413.42,2,7.3275,2.1505,12.48366804,4.301,435.951366,0.465008138,70.0,2,0
1890,Pt,,20.12,51.26102112,-8.0,MCF7,H,Human,Epithelial,Breast,48,MTT,Tetrazolium Salt,cell metabolic activity,N,N,N,2.28,2.28,0.0,1,195.08,0,0.0,1321.53399,504.91,925.93,9.478299,-9.478,-5.177,190,7413.42,2,7.3275,2.1505,12.48366804,4.301,435.951366,0.465008138,49.194,1,1
1891,Pt,,20.12,102.5220422,-8.0,MCF7,H,Human,Epithelial,Breast,48,MTT,Tetrazolium Salt,cell metabolic activity,N,N,N,2.28,2.28,0.0,1,195.08,0,0.0,1321.53399,504.91,925.93,9.478299,-9.478,-5.177,190,7413.42,2,7.3275,2.1505,12.48366804,4.301,435.951366,0.465008138,36.29,1,1
1892,Pt,,20.12,205.0440845,-8.0,MCF7,H,Human,Epithelial,Breast,48,MTT,Tetrazolium Salt,cell metabolic activity,N,N,N,2.28,2.28,0.0,1,195.08,0,0.0,1321.53399,504.91,925.93,9.478299,-9.478,-5.177,190,7413.42,2,7.3275,2.1505,12.48366804,4.301,435.951366,0.465008138,26.935,1,1
1893,Pt,,20.12,256.3051056,-8.0,MCF7,H,Human,Epithelial,Breast,48,MTT,Tetrazolium Salt,cell metabolic activity,N,N,N,2.28,2.28,0.0,1,195.08,0,0.0,1321.53399,504.91,925.93,9.478299,-9.478,-5.177,190,7413.42,2,7.3275,2.1505,12.48366804,4.301,435.951366,0.465008138,24.032,1,1
1894,Pt,,20.12,12.81525528,-8.0,MCF7,H,Human,Epithelial,Breast,72,MTT,Tetrazolium Salt,cell metabolic activity,N,N,N,2.28,2.28,0.0,1,195.08,0,0.0,1321.53399,504.91,925.93,9.478299,-9.478,-5.177,190,7413.42,2,7.3275,2.1505,12.48366804,4.301,435.951366,0.465008138,83.871,2,0
1895,Pt,,20.12,25.63051056,-8.0,MCF7,H,Human,Epithelial,Breast,72,MTT,Tetrazolium Salt,cell metabolic activity,N,N,N,2.28,2.28,0.0,1,195.08,0,0.0,1321.53399,504.91,925.93,9.478299,-9.478,-5.177,190,7413.42,2,7.3275,2.1505,12.48366804,4.301,435.951366,0.465008138,67.581,2,0
1896,Pt,,20.12,51.26102112,-8.0,MCF7,H,Human,Epithelial,Breast,72,MTT,Tetrazolium Salt,cell metabolic activity,N,N,N,2.28,2.28,0.0,1,195.08,0,0.0,1321.53399,504.91,925.93,9.478299,-9.478,-5.177,190,7413.42,2,7.3275,2.1505,12.48366804,4.301,435.951366,0.465008138,48.226,1,1
1897,Pt,,20.12,102.5220422,-8.0,MCF7,H,Human,Epithelial,Breast,72,MTT,Tetrazolium Salt,cell metabolic activity,N,N,N,2.28,2.28,0.0,1,195.08,0,0.0,1321.53399,504.91,925.93,9.478299,-9.478,-5.177,190,7413.42,2,7.3275,2.1505,12.48366804,4.301,435.951366,0.465008138,25.806,1,1
1898,Pt,,20.12,205.0440845,-8.0,MCF7,H,Human,Epithelial,Breast,72,MTT,Tetrazolium Salt,cell metabolic activity,N,N,N,2.28,2.28,0.0,1,195.08,0,0.0,1321.53399,504.91,925.93,9.478299,-9.478,-5.177,190,7413.42,2,7.3275,2.1505,12.48366804,4.301,435.951366,0.465008138,21.452,1,1
1899,Pt,,20.12,256.3051056,-8.0,MCF7,H,Human,Epithelial,Breast,72,MTT,Tetrazolium Salt,cell metabolic activity,N,N,N,2.28,2.28,0.0,1,195.08,0,0.0,1321.53399,504.91,925.93,9.478299,-9.478,-5.177,190,7413.42,2,7.3275,2.1505,12.48366804,4.301,435.951366,0.465008138,15.484,1,1
1900,Pt,,1.5,128.1525528,-40.5,THP1,H,Human,Monocyte,Blood,24,CCK8,Tetrazolium Salt,cell metabolic activity,N,N,N,2.28,2.28,0.0,1,195.08,0,0.0,1321.53399,504.91,925.93,9.478299,-9.478,-5.177,190,7413.42,2,7.3275,2.1505,12.48366804,4.301,435.951366,0.465008138,100.0,2,0
1901,Pt,,1.5,256.3051056,-40.5,THP1,H,Human,Monocyte,Blood,24,CCK8,Tetrazolium Salt,cell metabolic activity,N,N,N,2.28,2.28,0.0,1,195.08,0,0.0,1321.53399,504.91,925.93,9.478299,-9.478,-5.177,190,7413.42,2,7.3275,2.1505,12.48366804,4.301,435.951366,0.465008138,80.027,2,0
1902,Pt,,1.5,384.4576584,-40.5,THP1,H,Human,Monocyte,Blood,24,CCK8,Tetrazolium Salt,cell metabolic activity,N,N,N,2.28,2.28,0.0,1,195.08,0,0.0,1321.53399,504.91,925.93,9.478299,-9.478,-5.177,190,7413.42,2,7.3275,2.1505,12.48366804,4.301,435.951366,0.465008138,59.783,2,0
1903,Pt,,1.5,512.6102112,-40.5,THP1,H,Human,Monocyte,Blood,24,CCK8,Tetrazolium Salt,cell metabolic activity,N,N,N,2.28,2.28,0.0,1,195.08,0,0.0,1321.53399,504.91,925.93,9.478299,-9.478,-5.177,190,7413.42,2,7.3275,2.1505,12.48366804,4.301,435.951366,0.465008138,40.082,1,1
1904,Pt,,1.5,640.762764,-40.5,THP1,H,Human,Monocyte,Blood,24,CCK8,Tetrazolium Salt,cell metabolic activity,N,N,N,2.28,2.28,0.0,1,195.08,0,0.0,1321.53399,504.91,925.93,9.478299,-9.478,-5.177,190,7413.42,2,7.3275,2.1505,12.48366804,4.301,435.951366,0.465008138,19.973,1,1
1905,Pt,,1.5,768.9153168,-40.5,THP1,H,Human,Monocyte,Blood,24,CCK8,Tetrazolium Salt,cell metabolic activity,N,N,N,2.28,2.28,0.0,1,195.08,0,0.0,1321.53399,504.91,925.93,9.478299,-9.478,-5.177,190,7413.42,2,7.3275,2.1505,12.48366804,4.301,435.951366,0.465008138,10.054,1,1
1906,Pt,Citrate,68.3,25.63051056,-40.6,HepG2,H,Human,Epithelial,Liver,24,MTS,Tetrazolium Salt,cell metabolic activity,N,N,N,2.28,2.28,0.0,1,195.08,0,0.0,1321.53399,504.91,925.93,9.478299,-9.478,-5.177,190,7413.42,2,7.3275,2.1505,12.48366804,4.301,435.951366,0.465008138,100.0,2,0
1907,Pt,Citrate,68.3,128.1525528,-40.6,HepG2,H,Human,Epithelial,Liver,24,MTS,Tetrazolium Salt,cell metabolic activity,N,N,N,2.28,2.28,0.0,1,195.08,0,0.0,1321.53399,504.91,925.93,9.478299,-9.478,-5.177,190,7413.42,2,7.3275,2.1505,12.48366804,4.301,435.951366,0.465008138,94.475,2,0
1908,Pt,Citrate,68.3,512.6102112,-40.6,HepG2,H,Human,Epithelial,Liver,24,MTS,Tetrazolium Salt,cell metabolic activity,N,N,N,2.28,2.28,0.0,1,195.08,0,0.0,1321.53399,504.91,925.93,9.478299,-9.478,-5.177,190,7413.42,2,7.3275,2.1505,12.48366804,4.301,435.951366,0.465008138,68.646,2,0
1909,Pt,PVP,4.0,128.1525528,-8.0,HeLa,H,Human,Epithelial,Cervix,24,CellTiter Glo,LuciferaseEnzyme,ATP content,N,N,N,2.28,2.28,0.0,1,195.08,0,0.0,1321.53399,504.91,925.93,9.478299,-9.478,-5.177,190,7413.42,2,7.3275,2.1505,12.48366804,4.301,435.951366,0.465008138,96.919,2,0
1910,Pt,PVP,4.0,256.3051056,-8.0,HeLa,H,Human,Epithelial,Cervix,24,CellTiter Glo,LuciferaseEnzyme,ATP content,N,N,N,2.28,2.28,0.0,1,195.08,0,0.0,1321.53399,504.91,925.93,9.478299,-9.478,-5.177,190,7413.42,2,7.3275,2.1505,12.48366804,4.301,435.951366,0.465008138,87.441,2,0
1911,Pt,PVP,4.0,512.6102112,-8.0,HeLa,H,Human,Epithelial,Cervix,24,CellTiter Glo,LuciferaseEnzyme,ATP content,N,N,N,2.28,2.28,0.0,1,195.08,0,0.0,1321.53399,504.91,925.93,9.478299,-9.478,-5.177,190,7413.42,2,7.3275,2.1505,12.48366804,4.301,435.951366,0.465008138,82.227,2,0
1912,Pt,PVP,4.0,1025.220422,-8.0,HeLa,H,Human,Epithelial,Cervix,24,CellTiter Glo,LuciferaseEnzyme,ATP content,N,N,N,2.28,2.28,0.0,1,195.08,0,0.0,1321.53399,504.91,925.93,9.478299,-9.478,-5.177,190,7413.42,2,7.3275,2.1505,12.48366804,4.301,435.951366,0.465008138,78.436,2,0
1913,Pt,PVP,4.0,2050.440845,-8.0,HeLa,H,Human,Epithelial,Cervix,24,CellTiter Glo,LuciferaseEnzyme,ATP content,N,N,N,2.28,2.28,0.0,1,195.08,0,0.0,1321.53399,504.91,925.93,9.478299,-9.478,-5.177,190,7413.42,2,7.3275,2.1505,12.48366804,4.301,435.951366,0.465008138,57.109,2,0
1914,Pt,PVP,4.0,128.1525528,-8.0,HeLa,H,Human,Epithelial,Cervix,48,CellTiter Glo,LuciferaseEnzyme,ATP content,N,N,N,2.28,2.28,0.0,1,195.08,0,0.0,1321.53399,504.91,925.93,9.478299,-9.478,-5.177,190,7413.42,2,7.3275,2.1505,12.48366804,4.301,435.951366,0.465008138,97.867,2,0
1915,Pt,PVP,4.0,256.3051056,-8.0,HeLa,H,Human,Epithelial,Cervix,48,CellTiter Glo,LuciferaseEnzyme,ATP content,N,N,N,2.28,2.28,0.0,1,195.08,0,0.0,1321.53399,504.91,925.93,9.478299,-9.478,-5.177,190,7413.42,2,7.3275,2.1505,12.48366804,4.301,435.951366,0.465008138,91.469,2,0
1916,Pt,PVP,4.0,512.6102112,-8.0,HeLa,H,Human,Epithelial,Cervix,48,CellTiter Glo,LuciferaseEnzyme,ATP content,N,N,N,2.28,2.28,0.0,1,195.08,0,0.0,1321.53399,504.91,925.93,9.478299,-9.478,-5.177,190,7413.42,2,7.3275,2.1505,12.48366804,4.301,435.951366,0.465008138,86.256,2,0
1917,Pt,PVP,4.0,1025.220422,-8.0,HeLa,H,Human,Epithelial,Cervix,48,CellTiter Glo,LuciferaseEnzyme,ATP content,N,N,N,2.28,2.28,0.0,1,195.08,0,0.0,1321.53399,504.91,925.93,9.478299,-9.478,-5.177,190,7413.42,2,7.3275,2.1505,12.48366804,4.301,435.951366,0.465008138,77.962,2,0
1918,Pt,PVP,4.0,2050.440845,-8.0,HeLa,H,Human,Epithelial,Cervix,48,CellTiter Glo,LuciferaseEnzyme,ATP content,N,N,N,2.28,2.28,0.0,1,195.08,0,0.0,1321.53399,504.91,925.93,9.478299,-9.478,-5.177,190,7413.42,2,7.3275,2.1505,12.48366804,4.301,435.951366,0.465008138,55.924,2,0
1919,Pt,PVP,4.0,128.1525528,-8.0,HeLa,H,Human,Epithelial,Cervix,72,CellTiter Glo,LuciferaseEnzyme,ATP content,N,N,N,2.28,2.28,0.0,1,195.08,0,0.0,1321.53399,504.91,925.93,9.478299,-9.478,-5.177,190,7413.42,2,7.3275,2.1505,12.48366804,4.301,435.951366,0.465008138,90.047,2,0
1920,Pt,PVP,4.0,256.3051056,-8.0,HeLa,H,Human,Epithelial,Cervix,72,CellTiter Glo,LuciferaseEnzyme,ATP content,N,N,N,2.28,2.28,0.0,1,195.08,0,0.0,1321.53399,504.91,925.93,9.478299,-9.478,-5.177,190,7413.42,2,7.3275,2.1505,12.48366804,4.301,435.951366,0.465008138,87.441,2,0
1921,Pt,PVP,4.0,512.6102112,-8.0,HeLa,H,Human,Epithelial,Cervix,72,CellTiter Glo,LuciferaseEnzyme,ATP content,N,N,N,2.28,2.28,0.0,1,195.08,0,0.0,1321.53399,504.91,925.93,9.478299,-9.478,-5.177,190,7413.42,2,7.3275,2.1505,12.48366804,4.301,435.951366,0.465008138,77.962,2,0
1922,Pt,PVP,4.0,1025.220422,-8.0,HeLa,H,Human,Epithelial,Cervix,72,CellTiter Glo,LuciferaseEnzyme,ATP content,N,N,N,2.28,2.28,0.0,1,195.08,0,0.0,1321.53399,504.91,925.93,9.478299,-9.478,-5.177,190,7413.42,2,7.3275,2.1505,12.48366804,4.301,435.951366,0.465008138,68.483,2,0
1923,Pt,PVP,4.0,2050.440845,-8.0,HeLa,H,Human,Epithelial,Cervix,72,CellTiter Glo,LuciferaseEnzyme,ATP content,N,N,N,2.28,2.28,0.0,1,195.08,0,0.0,1321.53399,504.91,925.93,9.478299,-9.478,-5.177,190,7413.42,2,7.3275,2.1505,12.48366804,4.301,435.951366,0.465008138,43.365,1,1
1924,Pt,PVP,4.0,128.1525528,-8.0,MCF7,H,Human,Epithelial,Breast,24,CellTiter Glo,LuciferaseEnzyme,ATP content,N,N,N,2.28,2.28,0.0,1,195.08,0,0.0,1321.53399,504.91,925.93,9.478299,-9.478,-5.177,190,7413.42,2,7.3275,2.1505,12.48366804,4.301,435.951366,0.465008138,98.832,2,0
1925,Pt,PVP,4.0,256.3051056,-8.0,MCF7,H,Human,Epithelial,Breast,24,CellTiter Glo,LuciferaseEnzyme,ATP content,N,N,N,2.28,2.28,0.0,1,195.08,0,0.0,1321.53399,504.91,925.93,9.478299,-9.478,-5.177,190,7413.42,2,7.3275,2.1505,12.48366804,4.301,435.951366,0.465008138,90.888,2,0
1926,Pt,PVP,4.0,512.6102112,-8.0,MCF7,H,Human,Epithelial,Breast,24,CellTiter Glo,LuciferaseEnzyme,ATP content,N,N,N,2.28,2.28,0.0,1,195.08,0,0.0,1321.53399,504.91,925.93,9.478299,-9.478,-5.177,190,7413.42,2,7.3275,2.1505,12.48366804,4.301,435.951366,0.465008138,89.486,2,0
1927,Pt,PVP,4.0,1025.220422,-8.0,MCF7,H,Human,Epithelial,Breast,24,CellTiter Glo,LuciferaseEnzyme,ATP content,N,N,N,2.28,2.28,0.0,1,195.08,0,0.0,1321.53399,504.91,925.93,9.478299,-9.478,-5.177,190,7413.42,2,7.3275,2.1505,12.48366804,4.301,435.951366,0.465008138,79.907,2,0
1928,Pt,PVP,4.0,2050.440845,-8.0,MCF7,H,Human,Epithelial,Breast,24,CellTiter Glo,LuciferaseEnzyme,ATP content,N,N,N,2.28,2.28,0.0,1,195.08,0,0.0,1321.53399,504.91,925.93,9.478299,-9.478,-5.177,190,7413.42,2,7.3275,2.1505,12.48366804,4.301,435.951366,0.465008138,54.206,2,0
1929,Pt,PVP,4.0,128.1525528,-8.0,MCF7,H,Human,Epithelial,Breast,48,CellTiter Glo,LuciferaseEnzyme,ATP content,N,N,N,2.28,2.28,0.0,1,195.08,0,0.0,1321.53399,504.91,925.93,9.478299,-9.478,-5.177,190,7413.42,2,7.3275,2.1505,12.48366804,4.301,435.951366,0.465008138,96.262,2,0
1930,Pt,PVP,4.0,256.3051056,-8.0,MCF7,H,Human,Epithelial,Breast,48,CellTiter Glo,LuciferaseEnzyme,ATP content,N,N,N,2.28,2.28,0.0,1,195.08,0,0.0,1321.53399,504.91,925.93,9.478299,-9.478,-5.177,190,7413.42,2,7.3275,2.1505,12.48366804,4.301,435.951366,0.465008138,89.486,2,0
1931,Pt,PVP,4.0,512.6102112,-8.0,MCF7,H,Human,Epithelial,Breast,48,CellTiter Glo,LuciferaseEnzyme,ATP content,N,N,N,2.28,2.28,0.0,1,195.08,0,0.0,1321.53399,504.91,925.93,9.478299,-9.478,-5.177,190,7413.42,2,7.3275,2.1505,12.48366804,4.301,435.951366,0.465008138,84.112,2,0
1932,Pt,PVP,4.0,1025.220422,-8.0,MCF7,H,Human,Epithelial,Breast,48,CellTiter Glo,LuciferaseEnzyme,ATP content,N,N,N,2.28,2.28,0.0,1,195.08,0,0.0,1321.53399,504.91,925.93,9.478299,-9.478,-5.177,190,7413.42,2,7.3275,2.1505,12.48366804,4.301,435.951366,0.465008138,78.972,2,0
1933,Pt,PVP,4.0,2050.440845,-8.0,MCF7,H,Human,Epithelial,Breast,48,CellTiter Glo,LuciferaseEnzyme,ATP content,N,N,N,2.28,2.28,0.0,1,195.08,0,0.0,1321.53399,504.91,925.93,9.478299,-9.478,-5.177,190,7413.42,2,7.3275,2.1505,12.48366804,4.301,435.951366,0.465008138,54.673,2,0
1934,Pt,PVP,4.0,128.1525528,-8.0,MCF7,H,Human,Epithelial,Breast,72,CellTiter Glo,LuciferaseEnzyme,ATP content,N,N,N,2.28,2.28,0.0,1,195.08,0,0.0,1321.53399,504.91,925.93,9.478299,-9.478,-5.177,190,7413.42,2,7.3275,2.1505,12.48366804,4.301,435.951366,0.465008138,98.131,2,0
1935,Pt,PVP,4.0,256.3051056,-8.0,MCF7,H,Human,Epithelial,Breast,72,CellTiter Glo,LuciferaseEnzyme,ATP content,N,N,N,2.28,2.28,0.0,1,195.08,0,0.0,1321.53399,504.91,925.93,9.478299,-9.478,-5.177,190,7413.42,2,7.3275,2.1505,12.48366804,4.301,435.951366,0.465008138,88.318,2,0
1936,Pt,PVP,4.0,512.6102112,-8.0,MCF7,H,Human,Epithelial,Breast,72,CellTiter Glo,LuciferaseEnzyme,ATP content,N,N,N,2.28,2.28,0.0,1,195.08,0,0.0,1321.53399,504.91,925.93,9.478299,-9.478,-5.177,190,7413.42,2,7.3275,2.1505,12.48366804,4.301,435.951366,0.465008138,85.28,2,0
1937,Pt,PVP,4.0,1025.220422,-8.0,MCF7,H,Human,Epithelial,Breast,72,CellTiter Glo,LuciferaseEnzyme,ATP content,N,N,N,2.28,2.28,0.0,1,195.08,0,0.0,1321.53399,504.91,925.93,9.478299,-9.478,-5.177,190,7413.42,2,7.3275,2.1505,12.48366804,4.301,435.951366,0.465008138,65.187,2,0
1938,Pt,PVP,4.0,2050.440845,-8.0,MCF7,H,Human,Epithelial,Breast,72,CellTiter Glo,LuciferaseEnzyme,ATP content,N,N,N,2.28,2.28,0.0,1,195.08,0,0.0,1321.53399,504.91,925.93,9.478299,-9.478,-5.177,190,7413.42,2,7.3275,2.1505,12.48366804,4.301,435.951366,0.465008138,47.897,1,1
1939,Pt,FA,12.5,128.1525528,-40.5,HeLa,H,Human,Epithelial,Cervix,24,CellTiter Glo,LuciferaseEnzyme,ATP content,N,N,N,2.28,2.28,0.0,1,195.08,0,0.0,1321.53399,504.91,925.93,9.478299,-9.478,-5.177,190,7413.42,2,7.3275,2.1505,12.48366804,4.301,435.951366,0.465008138,83.575,2,0
1940,Pt,FA,12.5,256.3051056,-40.5,HeLa,H,Human,Epithelial,Cervix,24,CellTiter Glo,LuciferaseEnzyme,ATP content,N,N,N,2.28,2.28,0.0,1,195.08,0,0.0,1321.53399,504.91,925.93,9.478299,-9.478,-5.177,190,7413.42,2,7.3275,2.1505,12.48366804,4.301,435.951366,0.465008138,77.536,2,0
1941,Pt,FA,12.5,512.6102112,-40.5,HeLa,H,Human,Epithelial,Cervix,24,CellTiter Glo,LuciferaseEnzyme,ATP content,N,N,N,2.28,2.28,0.0,1,195.08,0,0.0,1321.53399,504.91,925.93,9.478299,-9.478,-5.177,190,7413.42,2,7.3275,2.1505,12.48366804,4.301,435.951366,0.465008138,69.324,2,0
1942,Pt,FA,12.5,1025.220422,-40.5,HeLa,H,Human,Epithelial,Cervix,24,CellTiter Glo,LuciferaseEnzyme,ATP content,N,N,N,2.28,2.28,0.0,1,195.08,0,0.0,1321.53399,504.91,925.93,9.478299,-9.478,-5.177,190,7413.42,2,7.3275,2.1505,12.48366804,4.301,435.951366,0.465008138,50.242,2,0
1943,Pt,FA,12.5,2050.440845,-40.5,HeLa,H,Human,Epithelial,Cervix,24,CellTiter Glo,LuciferaseEnzyme,ATP content,N,N,N,2.28,2.28,0.0,1,195.08,0,0.0,1321.53399,504.91,925.93,9.478299,-9.478,-5.177,190,7413.42,2,7.3275,2.1505,12.48366804,4.301,435.951366,0.465008138,35.024,1,1
1944,Pt,FA,12.5,128.1525528,-40.5,HeLa,H,Human,Epithelial,Cervix,48,CellTiter Glo,LuciferaseEnzyme,ATP content,N,N,N,2.28,2.28,0.0,1,195.08,0,0.0,1321.53399,504.91,925.93,9.478299,-9.478,-5.177,190,7413.42,2,7.3275,2.1505,12.48366804,4.301,435.951366,0.465008138,80.918,2,0
1945,Pt,FA,12.5,256.3051056,-40.5,HeLa,H,Human,Epithelial,Cervix,48,CellTiter Glo,LuciferaseEnzyme,ATP content,N,N,N,2.28,2.28,0.0,1,195.08,0,0.0,1321.53399,504.91,925.93,9.478299,-9.478,-5.177,190,7413.42,2,7.3275,2.1505,12.48366804,4.301,435.951366,0.465008138,70.048,2,0
1946,Pt,FA,12.5,512.6102112,-40.5,HeLa,H,Human,Epithelial,Cervix,48,CellTiter Glo,LuciferaseEnzyme,ATP content,N,N,N,2.28,2.28,0.0,1,195.08,0,0.0,1321.53399,504.91,925.93,9.478299,-9.478,-5.177,190,7413.42,2,7.3275,2.1505,12.48366804,4.301,435.951366,0.465008138,58.454,2,0
1947,Pt,FA,12.5,1025.220422,-40.5,HeLa,H,Human,Epithelial,Cervix,48,CellTiter Glo,LuciferaseEnzyme,ATP content,N,N,N,2.28,2.28,0.0,1,195.08,0,0.0,1321.53399,504.91,925.93,9.478299,-9.478,-5.177,190,7413.42,2,7.3275,2.1505,12.48366804,4.301,435.951366,0.465008138,44.203,1,1
1948,Pt,FA,12.5,2050.440845,-40.5,HeLa,H,Human,Epithelial,Cervix,48,CellTiter Glo,LuciferaseEnzyme,ATP content,N,N,N,2.28,2.28,0.0,1,195.08,0,0.0,1321.53399,504.91,925.93,9.478299,-9.478,-5.177,190,7413.42,2,7.3275,2.1505,12.48366804,4.301,435.951366,0.465008138,29.952,1,1
1949,Pt,FA,12.5,128.1525528,-40.5,HeLa,H,Human,Epithelial,Cervix,72,CellTiter Glo,LuciferaseEnzyme,ATP content,N,N,N,2.28,2.28,0.0,1,195.08,0,0.0,1321.53399,504.91,925.93,9.478299,-9.478,-5.177,190,7413.42,2,7.3275,2.1505,12.48366804,4.301,435.951366,0.465008138,66.667,2,0
1950,Pt,FA,12.5,256.3051056,-40.5,HeLa,H,Human,Epithelial,Cervix,72,CellTiter Glo,LuciferaseEnzyme,ATP content,N,N,N,2.28,2.28,0.0,1,195.08,0,0.0,1321.53399,504.91,925.93,9.478299,-9.478,-5.177,190,7413.42,2,7.3275,2.1505,12.48366804,4.301,435.951366,0.465008138,54.831,2,0
1951,Pt,FA,12.5,512.6102112,-40.5,HeLa,H,Human,Epithelial,Cervix,72,CellTiter Glo,LuciferaseEnzyme,ATP content,N,N,N,2.28,2.28,0.0,1,195.08,0,0.0,1321.53399,504.91,925.93,9.478299,-9.478,-5.177,190,7413.42,2,7.3275,2.1505,12.48366804,4.301,435.951366,0.465008138,44.928,1,1
1952,Pt,FA,12.5,1025.220422,-40.5,HeLa,H,Human,Epithelial,Cervix,72,CellTiter Glo,LuciferaseEnzyme,ATP content,N,N,N,2.28,2.28,0.0,1,195.08,0,0.0,1321.53399,504.91,925.93,9.478299,-9.478,-5.177,190,7413.42,2,7.3275,2.1505,12.48366804,4.301,435.951366,0.465008138,31.643,1,1
1953,Pt,FA,12.5,2050.440845,-40.5,HeLa,H,Human,Epithelial,Cervix,72,CellTiter Glo,LuciferaseEnzyme,ATP content,N,N,N,2.28,2.28,0.0,1,195.08,0,0.0,1321.53399,504.91,925.93,9.478299,-9.478,-5.177,190,7413.42,2,7.3275,2.1505,12.48366804,4.301,435.951366,0.465008138,19.807,1,1
1954,Pt,FA,12.5,128.1525528,-40.5,MCF7,H,Human,Epithelial,Breast,24,CellTiter Glo,LuciferaseEnzyme,ATP content,N,N,N,2.28,2.28,0.0,1,195.08,0,0.0,1321.53399,504.91,925.93,9.478299,-9.478,-5.177,190,7413.42,2,7.3275,2.1505,12.48366804,4.301,435.951366,0.465008138,78.385,2,0
1955,Pt,FA,12.5,256.3051056,-40.5,MCF7,H,Human,Epithelial,Breast,24,CellTiter Glo,LuciferaseEnzyme,ATP content,N,N,N,2.28,2.28,0.0,1,195.08,0,0.0,1321.53399,504.91,925.93,9.478299,-9.478,-5.177,190,7413.42,2,7.3275,2.1505,12.48366804,4.301,435.951366,0.465008138,64.371,2,0
1956,Pt,FA,12.5,512.6102112,-40.5,MCF7,H,Human,Epithelial,Breast,24,CellTiter Glo,LuciferaseEnzyme,ATP content,N,N,N,2.28,2.28,0.0,1,195.08,0,0.0,1321.53399,504.91,925.93,9.478299,-9.478,-5.177,190,7413.42,2,7.3275,2.1505,12.48366804,4.301,435.951366,0.465008138,47.506,1,1
1957,Pt,FA,12.5,1025.220422,-40.5,MCF7,H,Human,Epithelial,Breast,24,CellTiter Glo,LuciferaseEnzyme,ATP content,N,N,N,2.28,2.28,0.0,1,195.08,0,0.0,1321.53399,504.91,925.93,9.478299,-9.478,-5.177,190,7413.42,2,7.3275,2.1505,12.48366804,4.301,435.951366,0.465008138,34.204,1,1
1958,Pt,FA,12.5,2050.440845,-40.5,MCF7,H,Human,Epithelial,Breast,24,CellTiter Glo,LuciferaseEnzyme,ATP content,N,N,N,2.28,2.28,0.0,1,195.08,0,0.0,1321.53399,504.91,925.93,9.478299,-9.478,-5.177,190,7413.42,2,7.3275,2.1505,12.48366804,4.301,435.951366,0.465008138,19.002,1,1
1959,Pt,FA,12.5,128.1525528,-40.5,MCF7,H,Human,Epithelial,Breast,48,CellTiter Glo,LuciferaseEnzyme,ATP content,N,N,N,2.28,2.28,0.0,1,195.08,0,0.0,1321.53399,504.91,925.93,9.478299,-9.478,-5.177,190,7413.42,2,7.3275,2.1505,12.48366804,4.301,435.951366,0.465008138,65.321,2,0
1960,Pt,FA,12.5,256.3051056,-40.5,MCF7,H,Human,Epithelial,Breast,48,CellTiter Glo,LuciferaseEnzyme,ATP content,N,N,N,2.28,2.28,0.0,1,195.08,0,0.0,1321.53399,504.91,925.93,9.478299,-9.478,-5.177,190,7413.42,2,7.3275,2.1505,12.48366804,4.301,435.951366,0.465008138,50.356,2,0
1961,Pt,FA,12.5,512.6102112,-40.5,MCF7,H,Human,Epithelial,Breast,48,CellTiter Glo,LuciferaseEnzyme,ATP content,N,N,N,2.28,2.28,0.0,1,195.08,0,0.0,1321.53399,504.91,925.93,9.478299,-9.478,-5.177,190,7413.42,2,7.3275,2.1505,12.48366804,4.301,435.951366,0.465008138,37.53,1,1
1962,Pt,FA,12.5,1025.220422,-40.5,MCF7,H,Human,Epithelial,Breast,48,CellTiter Glo,LuciferaseEnzyme,ATP content,N,N,N,2.28,2.28,0.0,1,195.08,0,0.0,1321.53399,504.91,925.93,9.478299,-9.478,-5.177,190,7413.42,2,7.3275,2.1505,12.48366804,4.301,435.951366,0.465008138,26.128,1,1
1963,Pt,FA,12.5,2050.440845,-40.5,MCF7,H,Human,Epithelial,Breast,48,CellTiter Glo,LuciferaseEnzyme,ATP content,N,N,N,2.28,2.28,0.0,1,195.08,0,0.0,1321.53399,504.91,925.93,9.478299,-9.478,-5.177,190,7413.42,2,7.3275,2.1505,12.48366804,4.301,435.951366,0.465008138,16.865,1,1
1964,Pt,FA,12.5,128.1525528,-40.5,MCF7,H,Human,Epithelial,Breast,72,CellTiter Glo,LuciferaseEnzyme,ATP content,N,N,N,2.28,2.28,0.0,1,195.08,0,0.0,1321.53399,504.91,925.93,9.478299,-9.478,-5.177,190,7413.42,2,7.3275,2.1505,12.48366804,4.301,435.951366,0.465008138,44.893,1,1
1965,Pt,FA,12.5,256.3051056,-40.5,MCF7,H,Human,Epithelial,Breast,72,CellTiter Glo,LuciferaseEnzyme,ATP content,N,N,N,2.28,2.28,0.0,1,195.08,0,0.0,1321.53399,504.91,925.93,9.478299,-9.478,-5.177,190,7413.42,2,7.3275,2.1505,12.48366804,4.301,435.951366,0.465008138,34.204,1,1
1966,Pt,FA,12.5,512.6102112,-40.5,MCF7,H,Human,Epithelial,Breast,72,CellTiter Glo,LuciferaseEnzyme,ATP content,N,N,N,2.28,2.28,0.0,1,195.08,0,0.0,1321.53399,504.91,925.93,9.478299,-9.478,-5.177,190,7413.42,2,7.3275,2.1505,12.48366804,4.301,435.951366,0.465008138,24.466,1,1
1967,Pt,FA,12.5,1025.220422,-40.5,MCF7,H,Human,Epithelial,Breast,72,CellTiter Glo,LuciferaseEnzyme,ATP content,N,N,N,2.28,2.28,0.0,1,195.08,0,0.0,1321.53399,504.91,925.93,9.478299,-9.478,-5.177,190,7413.42,2,7.3275,2.1505,12.48366804,4.301,435.951366,0.465008138,16.39,1,1
1968,Pt,FA,12.5,2050.440845,-40.5,MCF7,H,Human,Epithelial,Breast,72,CellTiter Glo,LuciferaseEnzyme,ATP content,N,N,N,2.28,2.28,0.0,1,195.08,0,0.0,1321.53399,504.91,925.93,9.478299,-9.478,-5.177,190,7413.42,2,7.3275,2.1505,12.48366804,4.301,435.951366,0.465008138,11.164,1,1
1969,Se,,79.6,1.31e-06,0.0,PC3,H,Human,Epithelial,Prostate,24,XTT,Tetrazolium Salt,cell metabolic activity,N,N,N,2.55,2.55,0.0,1,78.96,0,0.0,189.40279,447.39,733.57,7.20033,-7.2,-3.7,66,1737.12,2,5.45,1.75,8.486428571,3.5,399.17752,0.571428571,91.09037,2,0
1970,Se,,79.6,2.62e-06,0.0,PC3,H,Human,Epithelial,Prostate,24,XTT,Tetrazolium Salt,cell metabolic activity,N,N,N,2.55,2.55,0.0,1,78.96,0,0.0,189.40279,447.39,733.57,7.20033,-7.2,-3.7,66,1737.12,2,5.45,1.75,8.486428571,3.5,399.17752,0.571428571,77.62113,2,0
1971,Se,,79.6,5.23e-06,0.0,PC3,H,Human,Epithelial,Prostate,24,XTT,Tetrazolium Salt,cell metabolic activity,N,N,N,2.55,2.55,0.0,1,78.96,0,0.0,189.40279,447.39,733.57,7.20033,-7.2,-3.7,66,1737.12,2,5.45,1.75,8.486428571,3.5,399.17752,0.571428571,54.2135,2,0
1972,Se,,79.6,7.85e-06,0.0,PC3,H,Human,Epithelial,Prostate,24,XTT,Tetrazolium Salt,cell metabolic activity,N,N,N,2.55,2.55,0.0,1,78.96,0,0.0,189.40279,447.39,733.57,7.20033,-7.2,-3.7,66,1737.12,2,5.45,1.75,8.486428571,3.5,399.17752,0.571428571,44.062363,1,1
1973,SiO2,,14.0,0.000654202,-36.74,RAW264.7,A,Mouse,Monocyte/Macrophage,Blood,24,WST1,Tetrazolium Salt,cell metabolic activity,Y,N,Y,1.9,1.9,0.526315789,1,60.08,2,4.0,-855.36225,348.9,495.89,7.043021,-7.043,-2.143,56,472.8478,3,4.593,2.45,4.30523449,4.9,412.02254,0.408163265,111.00218,2,0
1974,SiO2,,14.0,0.003271012,-36.74,RAW264.7,A,Mouse,Monocyte/Macrophage,Blood,24,WST1,Tetrazolium Salt,cell metabolic activity,Y,N,Y,1.9,1.9,0.526315789,1,60.08,2,4.0,-855.36225,348.9,495.89,7.043021,-7.043,-2.143,56,472.8478,3,4.593,2.45,4.30523449,4.9,412.02254,0.408163265,127.95955,2,0
1975,SiO2,,14.0,0.006542024,-36.74,RAW264.7,A,Mouse,Monocyte/Macrophage,Blood,24,WST1,Tetrazolium Salt,cell metabolic activity,Y,N,Y,1.9,1.9,0.526315789,1,60.08,2,4.0,-855.36225,348.9,495.89,7.043021,-7.043,-2.143,56,472.8478,3,4.593,2.45,4.30523449,4.9,412.02254,0.408163265,107.182915,2,0
1976,SiO2,,14.0,0.026168095,-36.74,RAW264.7,A,Mouse,Monocyte/Macrophage,Blood,24,WST1,Tetrazolium Salt,cell metabolic activity,Y,N,Y,1.9,1.9,0.526315789,1,60.08,2,4.0,-855.36225,348.9,495.89,7.043021,-7.043,-2.143,56,472.8478,3,4.593,2.45,4.30523449,4.9,412.02254,0.408163265,75.0876,2,0
1977,SiO2,,14.0,0.05233619,-36.74,RAW264.7,A,Mouse,Monocyte/Macrophage,Blood,24,WST1,Tetrazolium Salt,cell metabolic activity,Y,N,Y,1.9,1.9,0.526315789,1,60.08,2,4.0,-855.36225,348.9,495.89,7.043021,-7.043,-2.143,56,472.8478,3,4.593,2.45,4.30523449,4.9,412.02254,0.408163265,64.68624,2,0
1978,SiO2,,14.0,0.000654202,-27.0,RAW264.7,A,Mouse,Monocyte/Macrophage,Blood,24,LDH,LDH activity assay kit,LDH leakage,Y,N,Y,1.9,1.9,0.526315789,1,60.08,2,4.0,-855.36225,348.9,495.89,7.043021,-7.043,-2.143,56,472.8478,3,4.593,2.45,4.30523449,4.9,412.02254,0.408163265,20.221264,1,1
1979,SiO2,,14.0,0.003271012,-27.0,RAW264.7,A,Mouse,Monocyte/Macrophage,Blood,24,LDH,LDH activity assay kit,LDH leakage,Y,N,Y,1.9,1.9,0.526315789,1,60.08,2,4.0,-855.36225,348.9,495.89,7.043021,-7.043,-2.143,56,472.8478,3,4.593,2.45,4.30523449,4.9,412.02254,0.408163265,22.880486,1,1
1980,SiO2,,14.0,0.006542024,-27.0,RAW264.7,A,Mouse,Monocyte/Macrophage,Blood,24,LDH,LDH activity assay kit,LDH leakage,Y,N,Y,1.9,1.9,0.526315789,1,60.08,2,4.0,-855.36225,348.9,495.89,7.043021,-7.043,-2.143,56,472.8478,3,4.593,2.45,4.30523449,4.9,412.02254,0.408163265,33.116215,1,1
1981,SiO2,,14.0,0.026168095,-27.0,RAW264.7,A,Mouse,Monocyte/Macrophage,Blood,24,LDH,LDH activity assay kit,LDH leakage,Y,N,Y,1.9,1.9,0.526315789,1,60.08,2,4.0,-855.36225,348.9,495.89,7.043021,-7.043,-2.143,56,472.8478,3,4.593,2.45,4.30523449,4.9,412.02254,0.408163265,40.700413,1,1
1982,SiO2,,14.0,0.05233619,-27.0,RAW264.7,A,Mouse,Monocyte/Macrophage,Blood,24,LDH,LDH activity assay kit,LDH leakage,Y,N,Y,1.9,1.9,0.526315789,1,60.08,2,4.0,-855.36225,348.9,495.89,7.043021,-7.043,-2.143,56,472.8478,3,4.593,2.45,4.30523449,4.9,412.02254,0.408163265,41.845173,1,1
1983,SiO2,,96.0,5.41e-05,-11.0,Caco2,H,Human,Epithelial,Colon,24,Live/Dead,Trypan Blue,cell membrane integrity,N,Y,Y,1.9,1.9,0.273224044,1,60.08,2,4.0,-1243.5544,408.48,633.93,10.715248,-10.715,-4.819,128,1165.8436,2,7.767,2.948,10.23173151,5.896,52.909352,0.339213026,100.0,2,0
1984,SiO2,,96.0,5.41e-05,-11.0,Caco2,H,Human,Epithelial,Colon,24,Live/Dead,Trypan Blue,cell membrane integrity,N,Y,Y,1.9,1.9,0.273224044,1,60.08,2,4.0,-1243.5544,408.48,633.93,10.715248,-10.715,-4.819,128,1165.8436,2,7.767,2.948,10.23173151,5.896,52.909352,0.339213026,100.0,2,0
1985,SiO2,,96.0,5.41e-05,-11.0,Caco2,H,Human,Epithelial,Colon,24,LDH,LDH activity assay kit,LDH leakage,N,Y,Y,1.9,1.9,0.526315789,1,60.08,2,4.0,-855.36225,348.9,495.89,7.043021,-7.043,-2.143,56,472.8478,3,4.593,2.45,4.30523449,4.9,412.02254,0.408163265,105.3684,2,0
1986,SiO2,,96.0,5.41e-05,-11.0,Caco2,H,Human,Epithelial,Colon,24,MTT,Tetrazolium Salt,cell metabolic activity,N,Y,Y,1.9,1.9,0.526315789,1,60.08,2,4.0,-855.36225,348.9,495.89,7.043021,-7.043,-2.143,56,472.8478,3,4.593,2.45,4.30523449,4.9,412.02254,0.408163265,106.995285,2,0
1987,SiO2,Digestive enzymes,96.0,5.41e-05,-11.0,Caco2,H,Human,Epithelial,Colon,24,Live/Dead,Trypan Blue,cell membrane integrity,N,Y,Y,1.9,1.9,0.273224044,1,60.08,2,4.0,-1243.5544,408.48,633.93,10.715248,-10.715,-4.819,128,1165.8436,2,7.767,2.948,10.23173151,5.896,52.909352,0.339213026,100.50429,2,0
1988,SiO2,Digestive enzymes,96.0,5.41e-05,-11.0,Caco2,H,Human,Epithelial,Colon,24,Live/Dead,Trypan Blue,cell membrane integrity,N,Y,Y,1.9,1.9,0.273224044,1,60.08,2,4.0,-1243.5544,408.48,633.93,10.715248,-10.715,-4.819,128,1165.8436,2,7.767,2.948,10.23173151,5.896,52.909352,0.339213026,100.0,2,0
1989,SiO2,Digestive enzymes,96.0,5.41e-05,-11.0,Caco2,H,Human,Epithelial,Colon,24,MTT,Tetrazolium Salt,cell metabolic activity,N,Y,Y,1.9,1.9,0.526315789,1,60.08,2,4.0,-855.36225,348.9,495.89,7.043021,-7.043,-2.143,56,472.8478,3,4.593,2.45,4.30523449,4.9,412.02254,0.408163265,96.585365,2,0
1990,SiO2,,598.2,1.68e-06,87.0,RAW264.7,A,Mouse,Monocyte/Macrophage,Blood,24,Vialight,Luciferase,ATP content,N,Y,N,1.9,1.9,0.526315789,1,60.08,2,4.0,-855.36225,348.9,495.89,7.043021,-7.043,-2.143,56,472.8478,3,4.593,2.45,4.30523449,4.9,412.02254,0.408163265,44.397907,1,1
1991,SiO2,,598.2,4.19e-07,87.0,RAW264.7,A,Mouse,Monocyte/Macrophage,Blood,24,Vialight,Luciferase,ATP content,N,Y,N,1.9,1.9,0.526315789,1,60.08,2,4.0,-855.36225,348.9,495.89,7.043021,-7.043,-2.143,56,472.8478,3,4.593,2.45,4.30523449,4.9,412.02254,0.408163265,62.827225,2,0
1992,SiO2,,598.2,1.68e-06,87.0,A549,H,Human,Epithelial,Lung,24,Vialight,Luciferase,ATP content,N,Y,N,1.9,1.9,0.526315789,1,60.08,2,4.0,-855.36225,348.9,495.89,7.043021,-7.043,-2.143,56,472.8478,3,4.593,2.45,4.30523449,4.9,412.02254,0.408163265,104.242424,2,0
1993,SiO2,,598.2,4.19e-07,87.0,A549,H,Human,Epithelial,Lung,24,Vialight,Luciferase,ATP content,N,Y,N,1.9,1.9,0.526315789,1,60.08,2,4.0,-855.36225,348.9,495.89,7.043021,-7.043,-2.143,56,472.8478,3,4.593,2.45,4.30523449,4.9,412.02254,0.408163265,121.21212,2,0
1994,SiO2,,240.0,2.6e-05,58.0,RAW264.7,A,Mouse,Monocyte/Macrophage,Blood,24,Vialight,Luciferase,ATP content,N,Y,N,1.9,1.9,0.526315789,1,60.08,2,4.0,-855.36225,348.9,495.89,7.043021,-7.043,-2.143,56,472.8478,3,4.593,2.45,4.30523449,4.9,412.02254,0.408163265,76.23037,2,0
1995,SiO2,,240.0,2.6e-05,58.0,A549,H,Human,Epithelial,Lung,24,Vialight,Luciferase,ATP content,N,Y,N,1.9,1.9,0.526315789,1,60.08,2,4.0,-855.36225,348.9,495.89,7.043021,-7.043,-2.143,56,472.8478,3,4.593,2.45,4.30523449,4.9,412.02254,0.408163265,113.93939,2,0
1996,SiO2,,240.0,6.49e-06,58.0,A549,H,Human,Epithelial,Lung,24,Vialight,Luciferase,ATP content,N,Y,N,1.9,1.9,0.526315789,1,60.08,2,4.0,-855.36225,348.9,495.89,7.043021,-7.043,-2.143,56,472.8478,3,4.593,2.45,4.30523449,4.9,412.02254,0.408163265,112.323235,2,0
1997,SiO2,,369.0,1.79e-06,79.0,RAW264.7,A,Mouse,Monocyte/Macrophage,Blood,24,Vialight,Luciferase,ATP content,N,Y,N,1.9,1.9,0.526315789,1,60.08,2,4.0,-855.36225,348.9,495.89,7.043021,-7.043,-2.143,56,472.8478,3,4.593,2.45,4.30523449,4.9,412.02254,0.408163265,77.90576,2,0
1998,SiO2,,369.0,7.15e-06,79.0,RAW264.7,A,Mouse,Monocyte/Macrophage,Blood,24,Vialight,Luciferase,ATP content,N,Y,N,1.9,1.9,0.526315789,1,60.08,2,4.0,-855.36225,348.9,495.89,7.043021,-7.043,-2.143,56,472.8478,3,4.593,2.45,4.30523449,4.9,412.02254,0.408163265,32.67016,1,1
1999,SiO2,,369.0,1.79e-06,79.0,RAW264.7,A,Mouse,Monocyte/Macrophage,Blood,24,Vialight,Luciferase,ATP content,N,Y,N,1.9,1.9,0.526315789,1,60.08,2,4.0,-855.36225,348.9,495.89,7.043021,-7.043,-2.143,56,472.8478,3,4.593,2.45,4.30523449,4.9,412.02254,0.408163265,59.47644,2,0
2000,SiO2,,369.0,7.15e-06,79.0,A549,H,Human,Epithelial,Lung,24,Vialight,Luciferase,ATP content,N,Y,N,1.9,1.9,0.526315789,1,60.08,2,4.0,-855.36225,348.9,495.89,7.043021,-7.043,-2.143,56,472.8478,3,4.593,2.45,4.30523449,4.9,412.02254,0.408163265,96.969696,2,0
2001,SiO2,,369.0,1.79e-06,79.0,A549,H,Human,Epithelial,Lung,24,Vialight,Luciferase,ATP content,N,Y,N,1.9,1.9,0.526315789,1,60.08,2,4.0,-855.36225,348.9,495.89,7.043021,-7.043,-2.143,56,472.8478,3,4.593,2.45,4.30523449,4.9,412.02254,0.408163265,123.63636,2,0
2002,SiO2,,29.5,0.000885712,8.0,Caco2,H,Human,Epithelial,Colon,4,Vialight,Luciferase,ATP content,Y,Y,Y,1.9,1.9,0.526315789,1,60.08,2,4.0,-855.36225,348.9,495.89,7.043021,-7.043,-2.143,56,472.8478,3,4.593,2.45,4.30523449,4.9,412.02254,0.408163265,103.35135,2,0
2003,SiO2,,29.5,0.001817864,8.0,Caco2,H,Human,Epithelial,Colon,4,Vialight,Luciferase,ATP content,Y,Y,Y,1.9,1.9,0.526315789,1,60.08,2,4.0,-855.36225,348.9,495.89,7.043021,-7.043,-2.143,56,472.8478,3,4.593,2.45,4.30523449,4.9,412.02254,0.408163265,103.35135,2,0
2004,SiO2,,29.5,0.003620872,8.0,Caco2,H,Human,Epithelial,Colon,4,Vialight,Luciferase,ATP content,Y,Y,Y,1.9,1.9,0.526315789,1,60.08,2,4.0,-855.36225,348.9,495.89,7.043021,-7.043,-2.143,56,472.8478,3,4.593,2.45,4.30523449,4.9,412.02254,0.408163265,104.0,2,0
2005,SiO2,,29.5,0.007295459,8.0,Caco2,H,Human,Epithelial,Colon,4,Vialight,Luciferase,ATP content,Y,Y,Y,1.9,1.9,0.526315789,1,60.08,2,4.0,-855.36225,348.9,495.89,7.043021,-7.043,-2.143,56,472.8478,3,4.593,2.45,4.30523449,4.9,412.02254,0.408163265,100.54054,2,0
2006,SiO2,,29.5,0.014531302,8.0,Caco2,H,Human,Epithelial,Colon,4,Vialight,Luciferase,ATP content,Y,Y,Y,1.9,1.9,0.526315789,1,60.08,2,4.0,-855.36225,348.9,495.89,7.043021,-7.043,-2.143,56,472.8478,3,4.593,2.45,4.30523449,4.9,412.02254,0.408163265,88.64865,2,0
2007,SiO2,,29.5,0.028943855,8.0,Caco2,H,Human,Epithelial,Colon,4,Vialight,Luciferase,ATP content,Y,Y,Y,1.9,1.9,0.526315789,1,60.08,2,4.0,-855.36225,348.9,495.89,7.043021,-7.043,-2.143,56,472.8478,3,4.593,2.45,4.30523449,4.9,412.02254,0.408163265,39.783783,1,1
2008,SiO2,,29.5,0.05831708,8.0,Caco2,H,Human,Epithelial,Colon,4,Vialight,Luciferase,ATP content,Y,Y,Y,1.9,1.9,0.526315789,1,60.08,2,4.0,-855.36225,348.9,495.89,7.043021,-7.043,-2.143,56,472.8478,3,4.593,2.45,4.30523449,4.9,412.02254,0.408163265,16.864864,1,1
2009,SiO2,,29.5,0.11615761,8.0,Caco2,H,Human,Epithelial,Colon,4,Vialight,Luciferase,ATP content,Y,Y,Y,1.9,1.9,0.526315789,1,60.08,2,4.0,-855.36225,348.9,495.89,7.043021,-7.043,-2.143,56,472.8478,3,4.593,2.45,4.30523449,4.9,412.02254,0.408163265,12.972973,1,1
2010,SiO2,,29.5,0.233082097,8.0,Caco2,H,Human,Epithelial,Colon,4,Vialight,Luciferase,ATP content,Y,Y,Y,1.9,1.9,0.526315789,1,60.08,2,4.0,-855.36225,348.9,495.89,7.043021,-7.043,-2.143,56,472.8478,3,4.593,2.45,4.30523449,4.9,412.02254,0.408163265,15.351352,1,1
2011,SiO2,,13.0,0.544721986,-27.0,RAW264.7,A,Mouse,Monocyte/Macrophage,Blood,24,CellTiter Blue,Alamar Blue,cell metabolic activity,Y,Y,Y,1.9,1.9,0.526315789,1,60.08,2,4.0,-855.36225,348.9,495.89,7.043021,-7.043,-2.143,56,472.8478,3,4.593,2.45,4.30523449,4.9,412.02254,0.408163265,107.19556,2,0
2012,SiO2,,13.0,5.447219856,-27.0,RAW264.7,A,Mouse,Monocyte/Macrophage,Blood,24,CellTiter Blue,Alamar Blue,cell metabolic activity,Y,Y,Y,1.9,1.9,0.526315789,1,60.08,2,4.0,-855.36225,348.9,495.89,7.043021,-7.043,-2.143,56,472.8478,3,4.593,2.45,4.30523449,4.9,412.02254,0.408163265,100.594604,2,0
2013,SiO2,,13.0,54.47219856,-27.0,RAW264.7,A,Mouse,Monocyte/Macrophage,Blood,24,CellTiter Blue,Alamar Blue,cell metabolic activity,Y,Y,Y,1.9,1.9,0.526315789,1,60.08,2,4.0,-855.36225,348.9,495.89,7.043021,-7.043,-2.143,56,472.8478,3,4.593,2.45,4.30523449,4.9,412.02254,0.408163265,69.8427,2,0
2014,SiO2,,13.0,544.7219856,-27.0,RAW264.7,A,Mouse,Monocyte/Macrophage,Blood,24,CellTiter Blue,Alamar Blue,cell metabolic activity,Y,Y,Y,1.9,1.9,0.526315789,1,60.08,2,4.0,-855.36225,348.9,495.89,7.043021,-7.043,-2.143,56,472.8478,3,4.593,2.45,4.30523449,4.9,412.02254,0.408163265,22.485416,1,1
2015,SiO2,,13.0,0.544721986,-27.0,RAW264.7,A,Mouse,Monocyte/Macrophage,Blood,24,XTT,Tetrazolium Salt,cell metabolic activity,Y,Y,Y,1.9,1.9,0.526315789,1,60.08,2,4.0,-855.36225,348.9,495.89,7.043021,-7.043,-2.143,56,472.8478,3,4.593,2.45,4.30523449,4.9,412.02254,0.408163265,123.07841,2,0
2016,SiO2,,13.0,5.447219856,-27.0,RAW264.7,A,Mouse,Monocyte/Macrophage,Blood,24,XTT,Tetrazolium Salt,cell metabolic activity,Y,Y,Y,1.9,1.9,0.526315789,1,60.08,2,4.0,-855.36225,348.9,495.89,7.043021,-7.043,-2.143,56,472.8478,3,4.593,2.45,4.30523449,4.9,412.02254,0.408163265,114.21652,2,0
2017,SiO2,,13.0,54.47219856,-27.0,RAW264.7,A,Mouse,Monocyte/Macrophage,Blood,24,XTT,Tetrazolium Salt,cell metabolic activity,Y,Y,Y,1.9,1.9,0.526315789,1,60.08,2,4.0,-855.36225,348.9,495.89,7.043021,-7.043,-2.143,56,472.8478,3,4.593,2.45,4.30523449,4.9,412.02254,0.408163265,82.70829,2,0
2018,SiO2,,13.0,544.7219856,-27.0,RAW264.7,A,Mouse,Monocyte/Macrophage,Blood,24,XTT,Tetrazolium Salt,cell metabolic activity,Y,Y,Y,1.9,1.9,0.526315789,1,60.08,2,4.0,-855.36225,348.9,495.89,7.043021,-7.043,-2.143,56,472.8478,3,4.593,2.45,4.30523449,4.9,412.02254,0.408163265,24.78658,1,1
2019,SiO2,,13.0,0.544721986,-27.0,RAW264.7,A,Mouse,Monocyte/Macrophage,Blood,24,LDH,LDH activity assay kit,LDH leakage,Y,Y,Y,1.9,1.9,0.526315789,1,60.08,2,4.0,-855.36225,348.9,495.89,7.043021,-7.043,-2.143,56,472.8478,3,4.593,2.45,4.30523449,4.9,412.02254,0.408163265,3.1170294,1,1
2020,SiO2,,13.0,5.447219856,-27.0,RAW264.7,A,Mouse,Monocyte/Macrophage,Blood,24,LDH,LDH activity assay kit,LDH leakage,Y,Y,Y,1.9,1.9,0.526315789,1,60.08,2,4.0,-855.36225,348.9,495.89,7.043021,-7.043,-2.143,56,472.8478,3,4.593,2.45,4.30523449,4.9,412.02254,0.408163265,5.5710664,1,1
2021,SiO2,,13.0,54.47219856,-27.0,RAW264.7,A,Mouse,Monocyte/Macrophage,Blood,24,LDH,LDH activity assay kit,LDH leakage,Y,Y,Y,1.9,1.9,0.526315789,1,60.08,2,4.0,-855.36225,348.9,495.89,7.043021,-7.043,-2.143,56,472.8478,3,4.593,2.45,4.30523449,4.9,412.02254,0.408163265,22.366335,1,1
2022,SiO2,,13.0,544.7219856,-27.0,RAW264.7,A,Mouse,Monocyte/Macrophage,Blood,24,LDH,LDH activity assay kit,LDH leakage,Y,Y,Y,1.9,1.9,0.526315789,1,60.08,2,4.0,-855.36225,348.9,495.89,7.043021,-7.043,-2.143,56,472.8478,3,4.593,2.45,4.30523449,4.9,412.02254,0.408163265,70.10661,2,0
2023,SiO2,,13.0,0.544721986,-27.0,RAW264.7,A,Mouse,Monocyte/Macrophage,Blood,24,Live/Dead,Trypan Blue,cell membrane integrity,Y,Y,Y,1.9,1.9,0.273224044,1,60.08,2,4.0,-1243.5544,408.48,633.93,10.715248,-10.715,-4.819,128,1165.8436,2,7.767,2.948,10.23173151,5.896,52.909352,0.339213026,95.226295,2,0
2024,SiO2,,13.0,5.447219856,-27.0,RAW264.7,A,Mouse,Monocyte/Macrophage,Blood,24,Live/Dead,Trypan Blue,cell membrane integrity,Y,Y,Y,1.9,1.9,0.273224044,1,60.08,2,4.0,-1243.5544,408.48,633.93,10.715248,-10.715,-4.819,128,1165.8436,2,7.767,2.948,10.23173151,5.896,52.909352,0.339213026,85.60647,2,0
2025,SiO2,,13.0,54.47219856,-27.0,RAW264.7,A,Mouse,Monocyte/Macrophage,Blood,24,Live/Dead,Trypan Blue,cell membrane integrity,Y,Y,Y,1.9,1.9,0.273224044,1,60.08,2,4.0,-1243.5544,408.48,633.93,10.715248,-10.715,-4.819,128,1165.8436,2,7.767,2.948,10.23173151,5.896,52.909352,0.339213026,69.19419,2,0
2026,SiO2,,13.0,544.7219856,-27.0,RAW264.7,A,Mouse,Monocyte/Macrophage,Blood,24,Live/Dead,Trypan Blue,cell membrane integrity,Y,Y,Y,1.9,1.9,0.273224044,1,60.08,2,4.0,-1243.5544,408.48,633.93,10.715248,-10.715,-4.819,128,1165.8436,2,7.767,2.948,10.23173151,5.896,52.909352,0.339213026,9.763044,1,1
2027,SiO2,,13.0,0.544721986,-27.0,RAW264.7,A,Mouse,Monocyte/Macrophage,Blood,24,Live/Dead,Trypan Blue,cell membrane integrity,Y,Y,Y,1.9,1.9,0.273224044,1,60.08,2,4.0,-1243.5544,408.48,633.93,10.715248,-10.715,-4.819,128,1165.8436,2,7.767,2.948,10.23173151,5.896,52.909352,0.339213026,93.752266,2,0
2028,SiO2,,13.0,5.447219856,-27.0,RAW264.7,A,Mouse,Monocyte/Macrophage,Blood,24,Live/Dead,Trypan Blue,cell membrane integrity,Y,Y,Y,1.9,1.9,0.273224044,1,60.08,2,4.0,-1243.5544,408.48,633.93,10.715248,-10.715,-4.819,128,1165.8436,2,7.767,2.948,10.23173151,5.896,52.909352,0.339213026,91.6796,2,0
2029,SiO2,,13.0,54.47219856,-27.0,RAW264.7,A,Mouse,Monocyte/Macrophage,Blood,24,Live/Dead,Trypan Blue,cell membrane integrity,Y,Y,Y,1.9,1.9,0.273224044,1,60.08,2,4.0,-1243.5544,408.48,633.93,10.715248,-10.715,-4.819,128,1165.8436,2,7.767,2.948,10.23173151,5.896,52.909352,0.339213026,71.492134,2,0
2030,SiO2,,13.0,544.7219856,-27.0,RAW264.7,A,Mouse,Monocyte/Macrophage,Blood,24,Live/Dead,Trypan Blue,cell membrane integrity,Y,Y,Y,1.9,1.9,0.273224044,1,60.08,2,4.0,-1243.5544,408.48,633.93,10.715248,-10.715,-4.819,128,1165.8436,2,7.767,2.948,10.23173151,5.896,52.909352,0.339213026,45.270145,1,1
2031,SiO2,,10.0,16.64447403,-27.0,RAW264.7,A,Mouse,Monocyte/Macrophage,Ascites,24,CellTiter Blue,Alamar Blue,cell metabolic activity,N,N,N,1.9,1.9,0.526315789,1,60.08,2,4.0,-855.36225,348.9,495.89,7.043021,-7.043,-2.143,56,472.8478,3,4.593,2.45,4.30523449,4.9,412.02254,0.408163265,107.59,2,0
2032,SiO2,,10.0,166.4447403,-27.0,RAW264.7,A,Mouse,Monocyte/Macrophage,Ascites,24,CellTiter Blue,Alamar Blue,cell metabolic activity,N,N,N,1.9,1.9,0.526315789,1,60.08,2,4.0,-855.36225,348.9,495.89,7.043021,-7.043,-2.143,56,472.8478,3,4.593,2.45,4.30523449,4.9,412.02254,0.408163265,100.81,2,0
2033,SiO2,,10.0,1664.447403,-27.0,RAW264.7,A,Mouse,Monocyte/Macrophage,Ascites,24,CellTiter Blue,Alamar Blue,cell metabolic activity,N,N,N,1.9,1.9,0.526315789,1,60.08,2,4.0,-855.36225,348.9,495.89,7.043021,-7.043,-2.143,56,472.8478,3,4.593,2.45,4.30523449,4.9,412.02254,0.408163265,70.11,2,0
2034,SiO2,,10.0,16644.47403,-27.0,RAW264.7,A,Mouse,Monocyte/Macrophage,Ascites,24,CellTiter Blue,Alamar Blue,cell metabolic activity,N,N,N,1.9,1.9,0.526315789,1,60.08,2,4.0,-855.36225,348.9,495.89,7.043021,-7.043,-2.143,56,472.8478,3,4.593,2.45,4.30523449,4.9,412.02254,0.408163265,22.617,1,1
2035,SiO2,,10.0,16.64447403,-27.0,RAW264.7,A,Mouse,Monocyte/Macrophage,Ascites,24,XTT,Tetrazolium Salt,cell metabolic activity,N,N,N,1.9,1.9,0.526315789,1,60.08,2,4.0,-855.36225,348.9,495.89,7.043021,-7.043,-2.143,56,472.8478,3,4.593,2.45,4.30523449,4.9,412.02254,0.408163265,123.42,2,0
2036,SiO2,,10.0,166.4447403,-27.0,RAW264.7,A,Mouse,Monocyte/Macrophage,Ascites,24,XTT,Tetrazolium Salt,cell metabolic activity,N,N,N,1.9,1.9,0.526315789,1,60.08,2,4.0,-855.36225,348.9,495.89,7.043021,-7.043,-2.143,56,472.8478,3,4.593,2.45,4.30523449,4.9,412.02254,0.408163265,114.38,2,0
2037,SiO2,,10.0,1664.447403,-27.0,RAW264.7,A,Mouse,Monocyte/Macrophage,Ascites,24,XTT,Tetrazolium Salt,cell metabolic activity,N,N,N,1.9,1.9,0.526315789,1,60.08,2,4.0,-855.36225,348.9,495.89,7.043021,-7.043,-2.143,56,472.8478,3,4.593,2.45,4.30523449,4.9,412.02254,0.408163265,82.714,2,0
2038,SiO2,,10.0,16644.47403,-27.0,RAW264.7,A,Mouse,Monocyte/Macrophage,Ascites,24,XTT,Tetrazolium Salt,cell metabolic activity,N,N,N,1.9,1.9,0.526315789,1,60.08,2,4.0,-855.36225,348.9,495.89,7.043021,-7.043,-2.143,56,472.8478,3,4.593,2.45,4.30523449,4.9,412.02254,0.408163265,25.525,1,1
2039,SiO2,,10.0,16.64447403,-27.0,RAW264.7,A,Mouse,Monocyte/Macrophage,Ascites,24,LDH,LDHrelease,LDH leakage,N,N,N,1.9,1.9,0.526315789,1,60.08,2,4.0,-855.36225,348.9,495.89,7.043021,-7.043,-2.143,56,472.8478,3,4.593,2.45,4.30523449,4.9,412.02254,0.408163265,4.5234,1,1
2040,SiO2,,10.0,166.4447403,-27.0,RAW264.7,A,Mouse,Monocyte/Macrophage,Ascites,24,LDH,LDHrelease,LDH leakage,N,N,N,1.9,1.9,0.526315789,1,60.08,2,4.0,-855.36225,348.9,495.89,7.043021,-7.043,-2.143,56,472.8478,3,4.593,2.45,4.30523449,4.9,412.02254,0.408163265,6.1389,1,1
2041,SiO2,,10.0,1664.447403,-27.0,RAW264.7,A,Mouse,Monocyte/Macrophage,Ascites,24,LDH,LDHrelease,LDH leakage,N,N,N,1.9,1.9,0.526315789,1,60.08,2,4.0,-855.36225,348.9,495.89,7.043021,-7.043,-2.143,56,472.8478,3,4.593,2.45,4.30523449,4.9,412.02254,0.408163265,22.294,1,1
2042,SiO2,,10.0,16644.47403,-27.0,RAW264.7,A,Mouse,Monocyte/Macrophage,Ascites,24,LDH,LDHrelease,LDH leakage,N,N,N,1.9,1.9,0.526315789,1,60.08,2,4.0,-855.36225,348.9,495.89,7.043021,-7.043,-2.143,56,472.8478,3,4.593,2.45,4.30523449,4.9,412.02254,0.408163265,69.467,2,0
2043,SiO2,,10.0,16.64447403,-27.0,RAW264.7,A,Mouse,Monocyte/Macrophage,Ascites,24,Live/Dead,Trypan Blue,cell membrane integrity,N,N,N,1.9,1.9,0.273224044,1,60.08,2,4.0,-1243.5544,408.48,633.93,10.715248,-10.715,-4.819,128,1165.8436,2,7.767,2.948,10.23173151,5.896,52.909352,0.339213026,95.315,2,0
2044,SiO2,,10.0,166.4447403,-27.0,RAW264.7,A,Mouse,Monocyte/Macrophage,Ascites,24,Live/Dead,Trypan Blue,cell membrane integrity,N,N,N,1.9,1.9,0.273224044,1,60.08,2,4.0,-1243.5544,408.48,633.93,10.715248,-10.715,-4.819,128,1165.8436,2,7.767,2.948,10.23173151,5.896,52.909352,0.339213026,86.268,2,0
2045,SiO2,,10.0,1664.447403,-27.0,RAW264.7,A,Mouse,Monocyte/Macrophage,Ascites,24,Live/Dead,Trypan Blue,cell membrane integrity,N,N,N,1.9,1.9,0.273224044,1,60.08,2,4.0,-1243.5544,408.48,633.93,10.715248,-10.715,-4.819,128,1165.8436,2,7.767,2.948,10.23173151,5.896,52.909352,0.339213026,69.467,2,0
2046,SiO2,,10.0,16644.47403,-27.0,RAW264.7,A,Mouse,Monocyte/Macrophage,Ascites,24,Live/Dead,Trypan Blue,cell membrane integrity,N,N,N,1.9,1.9,0.273224044,1,60.08,2,4.0,-1243.5544,408.48,633.93,10.715248,-10.715,-4.819,128,1165.8436,2,7.767,2.948,10.23173151,5.896,52.909352,0.339213026,9.6931,1,1
2047,SiO2,,10.0,16.64447403,-27.0,RAW264.7,A,Mouse,Monocyte/Macrophage,Ascites,24,Live/Dead,Trypan Blue,cell membrane integrity,N,N,N,1.9,1.9,0.273224044,1,60.08,2,4.0,-1243.5544,408.48,633.93,10.715248,-10.715,-4.819,128,1165.8436,2,7.767,2.948,10.23173151,5.896,52.909352,0.339213026,94.023,2,0
2048,SiO2,,10.0,166.4447403,-27.0,RAW264.7,A,Mouse,Monocyte/Macrophage,Ascites,24,Live/Dead,Trypan Blue,cell membrane integrity,N,N,N,1.9,1.9,0.273224044,1,60.08,2,4.0,-1243.5544,408.48,633.93,10.715248,-10.715,-4.819,128,1165.8436,2,7.767,2.948,10.23173151,5.896,52.909352,0.339213026,91.761,2,0
2049,SiO2,,10.0,1664.447403,-27.0,RAW264.7,A,Mouse,Monocyte/Macrophage,Ascites,24,Live/Dead,Trypan Blue,cell membrane integrity,N,N,N,1.9,1.9,0.273224044,1,60.08,2,4.0,-1243.5544,408.48,633.93,10.715248,-10.715,-4.819,128,1165.8436,2,7.767,2.948,10.23173151,5.896,52.909352,0.339213026,71.729,2,0
2050,SiO2,,10.0,16644.47403,-27.0,RAW264.7,A,Mouse,Monocyte/Macrophage,Ascites,24,Live/Dead,Trypan Blue,cell membrane integrity,N,N,N,1.9,1.9,0.273224044,1,60.08,2,4.0,-1243.5544,408.48,633.93,10.715248,-10.715,-4.819,128,1165.8436,2,7.767,2.948,10.23173151,5.896,52.909352,0.339213026,44.265,1,1
2051,SiO2,,15.0,416.1118509,-25.0,A431,H,Human,Epithelial,Skin,72,MTT,Tetrazolium Salt,cell metabolic activity,N,N,N,1.9,1.9,0.526315789,1,60.08,2,4.0,-855.36225,348.9,495.89,7.043021,-7.043,-2.143,56,472.8478,3,4.593,2.45,4.30523449,4.9,412.02254,0.408163265,88.973,2,0
2052,SiO2,,15.0,832.2237017,-25.0,A431,H,Human,Epithelial,Skin,72,MTT,Tetrazolium Salt,cell metabolic activity,N,N,N,1.9,1.9,0.526315789,1,60.08,2,4.0,-855.36225,348.9,495.89,7.043021,-7.043,-2.143,56,472.8478,3,4.593,2.45,4.30523449,4.9,412.02254,0.408163265,76.933,2,0
2053,SiO2,,15.0,1664.447403,-25.0,A431,H,Human,Epithelial,Skin,72,MTT,Tetrazolium Salt,cell metabolic activity,N,N,N,1.9,1.9,0.526315789,1,60.08,2,4.0,-855.36225,348.9,495.89,7.043021,-7.043,-2.143,56,472.8478,3,4.593,2.45,4.30523449,4.9,412.02254,0.408163265,59.949,2,0
2054,SiO2,,15.0,3328.894807,-25.0,A431,H,Human,Epithelial,Skin,72,MTT,Tetrazolium Salt,cell metabolic activity,N,N,N,1.9,1.9,0.526315789,1,60.08,2,4.0,-855.36225,348.9,495.89,7.043021,-7.043,-2.143,56,472.8478,3,4.593,2.45,4.30523449,4.9,412.02254,0.408163265,48.923,1,1
2055,SiO2,,15.0,416.1118509,-25.0,A549,H,Human,Epithelial,Lung,72,MTT,Tetrazolium Salt,cell metabolic activity,N,N,N,1.9,1.9,0.526315789,1,60.08,2,4.0,-855.36225,348.9,495.89,7.043021,-7.043,-2.143,56,472.8478,3,4.593,2.45,4.30523449,4.9,412.02254,0.408163265,87.072,2,0
2056,SiO2,,15.0,832.2237017,-25.0,A549,H,Human,Epithelial,Lung,72,MTT,Tetrazolium Salt,cell metabolic activity,N,N,N,1.9,1.9,0.526315789,1,60.08,2,4.0,-855.36225,348.9,495.89,7.043021,-7.043,-2.143,56,472.8478,3,4.593,2.45,4.30523449,4.9,412.02254,0.408163265,74.018,2,0
2057,SiO2,,15.0,1664.447403,-25.0,A549,H,Human,Epithelial,Lung,72,MTT,Tetrazolium Salt,cell metabolic activity,N,N,N,1.9,1.9,0.526315789,1,60.08,2,4.0,-855.36225,348.9,495.89,7.043021,-7.043,-2.143,56,472.8478,3,4.593,2.45,4.30523449,4.9,412.02254,0.408163265,58.048,2,0
2058,SiO2,,15.0,3328.894807,-25.0,A549,H,Human,Epithelial,Lung,72,MTT,Tetrazolium Salt,cell metabolic activity,N,N,N,1.9,1.9,0.526315789,1,60.08,2,4.0,-855.36225,348.9,495.89,7.043021,-7.043,-2.143,56,472.8478,3,4.593,2.45,4.30523449,4.9,412.02254,0.408163265,44.994,1,1
2059,SiO2,,14.23,16.64447403,-25.0,HepG2,H,Human,Epithelial,Liver,72,MTT,Tetrazolium Salt,cell metabolic activity,N,N,N,1.9,1.9,0.526315789,1,60.08,2,4.0,-855.36225,348.9,495.89,7.043021,-7.043,-2.143,56,472.8478,3,4.593,2.45,4.30523449,4.9,412.02254,0.408163265,96.842,2,0
2060,SiO2,,14.23,83.22237017,-25.0,HepG2,H,Human,Epithelial,Liver,72,MTT,Tetrazolium Salt,cell metabolic activity,N,N,N,1.9,1.9,0.526315789,1,60.08,2,4.0,-855.36225,348.9,495.89,7.043021,-7.043,-2.143,56,472.8478,3,4.593,2.45,4.30523449,4.9,412.02254,0.408163265,95.0,2,0
2061,SiO2,,14.23,166.4447403,-25.0,HepG2,H,Human,Epithelial,Liver,72,MTT,Tetrazolium Salt,cell metabolic activity,N,N,N,1.9,1.9,0.526315789,1,60.08,2,4.0,-855.36225,348.9,495.89,7.043021,-7.043,-2.143,56,472.8478,3,4.593,2.45,4.30523449,4.9,412.02254,0.408163265,91.184,2,0
2062,SiO2,,14.23,416.1118509,-25.0,HepG2,H,Human,Epithelial,Liver,72,MTT,Tetrazolium Salt,cell metabolic activity,N,N,N,1.9,1.9,0.526315789,1,60.08,2,4.0,-855.36225,348.9,495.89,7.043021,-7.043,-2.143,56,472.8478,3,4.593,2.45,4.30523449,4.9,412.02254,0.408163265,79.342,2,0
2063,SiO2,,14.23,832.2237017,-25.0,HepG2,H,Human,Epithelial,Liver,72,MTT,Tetrazolium Salt,cell metabolic activity,N,N,N,1.9,1.9,0.526315789,1,60.08,2,4.0,-855.36225,348.9,495.89,7.043021,-7.043,-2.143,56,472.8478,3,4.593,2.45,4.30523449,4.9,412.02254,0.408163265,71.316,2,0
2064,SiO2,,14.23,1664.447403,-25.0,HepG2,H,Human,Epithelial,Liver,72,MTT,Tetrazolium Salt,cell metabolic activity,N,N,N,1.9,1.9,0.526315789,1,60.08,2,4.0,-855.36225,348.9,495.89,7.043021,-7.043,-2.143,56,472.8478,3,4.593,2.45,4.30523449,4.9,412.02254,0.408163265,63.816,2,0
2065,SiO2,,14.23,3328.894807,-25.0,HepG2,H,Human,Epithelial,Liver,72,MTT,Tetrazolium Salt,cell metabolic activity,N,N,N,1.9,1.9,0.526315789,1,60.08,2,4.0,-855.36225,348.9,495.89,7.043021,-7.043,-2.143,56,472.8478,3,4.593,2.45,4.30523449,4.9,412.02254,0.408163265,55.263,2,0
2066,SiO2,,14.23,16.64447403,-25.0,HepG2,H,Human,Epithelial,Liver,72,NRU,NeutralRed,cell metabolic activity,N,N,N,1.9,1.9,0.526315789,1,60.08,2,4.0,-855.36225,348.9,495.89,7.043021,-7.043,-2.143,56,472.8478,3,4.593,2.45,4.30523449,4.9,412.02254,0.408163265,96.708,2,0
2067,SiO2,,14.23,83.22237017,-25.0,HepG2,H,Human,Epithelial,Liver,72,NRU,NeutralRed,cell metabolic activity,N,N,N,1.9,1.9,0.526315789,1,60.08,2,4.0,-855.36225,348.9,495.89,7.043021,-7.043,-2.143,56,472.8478,3,4.593,2.45,4.30523449,4.9,412.02254,0.408163265,95.61,2,0
2068,SiO2,,14.23,166.4447403,-25.0,HepG2,H,Human,Epithelial,Liver,72,NRU,NeutralRed,cell metabolic activity,N,N,N,1.9,1.9,0.526315789,1,60.08,2,4.0,-855.36225,348.9,495.89,7.043021,-7.043,-2.143,56,472.8478,3,4.593,2.45,4.30523449,4.9,412.02254,0.408163265,92.455,2,0
2069,SiO2,,14.23,416.1118509,-25.0,HepG2,H,Human,Epithelial,Liver,72,NRU,NeutralRed,cell metabolic activity,N,N,N,1.9,1.9,0.526315789,1,60.08,2,4.0,-855.36225,348.9,495.89,7.043021,-7.043,-2.143,56,472.8478,3,4.593,2.45,4.30523449,4.9,412.02254,0.408163265,78.326,2,0
2070,SiO2,,14.23,832.2237017,-25.0,HepG2,H,Human,Epithelial,Liver,72,NRU,NeutralRed,cell metabolic activity,N,N,N,1.9,1.9,0.526315789,1,60.08,2,4.0,-855.36225,348.9,495.89,7.043021,-7.043,-2.143,56,472.8478,3,4.593,2.45,4.30523449,4.9,412.02254,0.408163265,71.605,2,0
2071,SiO2,,14.23,1664.447403,-25.0,HepG2,H,Human,Epithelial,Liver,72,NRU,NeutralRed,cell metabolic activity,N,N,N,1.9,1.9,0.526315789,1,60.08,2,4.0,-855.36225,348.9,495.89,7.043021,-7.043,-2.143,56,472.8478,3,4.593,2.45,4.30523449,4.9,412.02254,0.408163265,65.021,2,0
2072,SiO2,,14.23,3328.894807,-25.0,HepG2,H,Human,Epithelial,Liver,72,NRU,NeutralRed,cell metabolic activity,N,N,N,1.9,1.9,0.526315789,1,60.08,2,4.0,-855.36225,348.9,495.89,7.043021,-7.043,-2.143,56,472.8478,3,4.593,2.45,4.30523449,4.9,412.02254,0.408163265,58.848,2,0
2073,SiO2,,256.6,832.2237017,-28.0,Caco2,H,Human,Epithelial,Colon,24,Alamar Blue,Alamar Blue,cell metabolic activity,N,N,N,1.9,1.9,0.526315789,1,60.08,2,4.0,-855.36225,348.9,495.89,7.043021,-7.043,-2.143,56,472.8478,3,4.593,2.45,4.30523449,4.9,412.02254,0.408163265,91.683,2,0
2074,SiO2,,256.6,1664.447403,-28.0,Caco2,H,Human,Epithelial,Colon,24,Alamar Blue,Alamar Blue,cell metabolic activity,N,N,N,1.9,1.9,0.526315789,1,60.08,2,4.0,-855.36225,348.9,495.89,7.043021,-7.043,-2.143,56,472.8478,3,4.593,2.45,4.30523449,4.9,412.02254,0.408163265,117.41,2,0
2075,SiO2,,256.6,3328.894807,-28.0,Caco2,H,Human,Epithelial,Colon,24,Alamar Blue,Alamar Blue,cell metabolic activity,N,N,N,1.9,1.9,0.526315789,1,60.08,2,4.0,-855.36225,348.9,495.89,7.043021,-7.043,-2.143,56,472.8478,3,4.593,2.45,4.30523449,4.9,412.02254,0.408163265,113.35,2,0
2076,SiO2,,256.6,8322.237017,-28.0,Caco2,H,Human,Epithelial,Colon,24,Alamar Blue,Alamar Blue,cell metabolic activity,N,N,N,1.9,1.9,0.526315789,1,60.08,2,4.0,-855.36225,348.9,495.89,7.043021,-7.043,-2.143,56,472.8478,3,4.593,2.45,4.30523449,4.9,412.02254,0.408163265,128.05,2,0
2077,SiO2,Chitosan,600.0,832.2237017,8.0,Caco2,H,Human,Epithelial,Colon,24,Alamar Blue,Alamar Blue,cell metabolic activity,N,N,N,1.9,1.9,0.526315789,1,60.08,2,4.0,-855.36225,348.9,495.89,7.043021,-7.043,-2.143,56,472.8478,3,4.593,2.45,4.30523449,4.9,412.02254,0.408163265,94.523,2,0
2078,SiO2,Chitosan,600.0,1664.447403,8.0,Caco2,H,Human,Epithelial,Colon,24,Alamar Blue,Alamar Blue,cell metabolic activity,N,N,N,1.9,1.9,0.526315789,1,60.08,2,4.0,-855.36225,348.9,495.89,7.043021,-7.043,-2.143,56,472.8478,3,4.593,2.45,4.30523449,4.9,412.02254,0.408163265,69.258,2,0
2079,SiO2,Chitosan,600.0,3328.894807,8.0,Caco2,H,Human,Epithelial,Colon,24,Alamar Blue,Alamar Blue,cell metabolic activity,N,N,N,1.9,1.9,0.526315789,1,60.08,2,4.0,-855.36225,348.9,495.89,7.043021,-7.043,-2.143,56,472.8478,3,4.593,2.45,4.30523449,4.9,412.02254,0.408163265,42.933,1,1
2080,SiO2,Chitosan,600.0,8322.237017,8.0,Caco2,H,Human,Epithelial,Colon,24,Alamar Blue,Alamar Blue,cell metabolic activity,N,N,N,1.9,1.9,0.526315789,1,60.08,2,4.0,-855.36225,348.9,495.89,7.043021,-7.043,-2.143,56,472.8478,3,4.593,2.45,4.30523449,4.9,412.02254,0.408163265,40.636,1,1
2081,SiO2,SodiumAlginate,350.0,832.2237017,-13.0,Caco2,H,Human,Epithelial,Colon,24,Alamar Blue,Alamar Blue,cell metabolic activity,N,N,N,1.9,1.9,0.526315789,1,60.08,2,4.0,-855.36225,348.9,495.89,7.043021,-7.043,-2.143,56,472.8478,3,4.593,2.45,4.30523449,4.9,412.02254,0.408163265,88.508,2,0
2082,SiO2,SodiumAlginate,350.0,1664.447403,-13.0,Caco2,H,Human,Epithelial,Colon,24,Alamar Blue,Alamar Blue,cell metabolic activity,N,N,N,1.9,1.9,0.526315789,1,60.08,2,4.0,-855.36225,348.9,495.89,7.043021,-7.043,-2.143,56,472.8478,3,4.593,2.45,4.30523449,4.9,412.02254,0.408163265,36.878,1,1
2083,SiO2,SodiumAlginate,350.0,3328.894807,-13.0,Caco2,H,Human,Epithelial,Colon,24,Alamar Blue,Alamar Blue,cell metabolic activity,N,N,N,1.9,1.9,0.526315789,1,60.08,2,4.0,-855.36225,348.9,495.89,7.043021,-7.043,-2.143,56,472.8478,3,4.593,2.45,4.30523449,4.9,412.02254,0.408163265,34.305,1,1
2084,SiO2,SodiumAlginate,350.0,8322.237017,-13.0,Caco2,H,Human,Epithelial,Colon,24,Alamar Blue,Alamar Blue,cell metabolic activity,N,N,N,1.9,1.9,0.526315789,1,60.08,2,4.0,-855.36225,348.9,495.89,7.043021,-7.043,-2.143,56,472.8478,3,4.593,2.45,4.30523449,4.9,412.02254,0.408163265,28.473,1,1
2085,SiO2,,256.6,832.2237017,-28.0,Caco2,H,Human,Epithelial,Colon,48,Alamar Blue,Alamar Blue,cell metabolic activity,N,N,N,1.9,1.9,0.526315789,1,60.08,2,4.0,-855.36225,348.9,495.89,7.043021,-7.043,-2.143,56,472.8478,3,4.593,2.45,4.30523449,4.9,412.02254,0.408163265,97.485,2,0
2086,SiO2,,256.6,1664.447403,-28.0,Caco2,H,Human,Epithelial,Colon,48,Alamar Blue,Alamar Blue,cell metabolic activity,N,N,N,1.9,1.9,0.526315789,1,60.08,2,4.0,-855.36225,348.9,495.89,7.043021,-7.043,-2.143,56,472.8478,3,4.593,2.45,4.30523449,4.9,412.02254,0.408163265,110.44,2,0
2087,SiO2,,256.6,3328.894807,-28.0,Caco2,H,Human,Epithelial,Colon,48,Alamar Blue,Alamar Blue,cell metabolic activity,N,N,N,1.9,1.9,0.526315789,1,60.08,2,4.0,-855.36225,348.9,495.89,7.043021,-7.043,-2.143,56,472.8478,3,4.593,2.45,4.30523449,4.9,412.02254,0.408163265,108.12,2,0
2088,SiO2,,256.6,8322.237017,-28.0,Caco2,H,Human,Epithelial,Colon,48,Alamar Blue,Alamar Blue,cell metabolic activity,N,N,N,1.9,1.9,0.526315789,1,60.08,2,4.0,-855.36225,348.9,495.89,7.043021,-7.043,-2.143,56,472.8478,3,4.593,2.45,4.30523449,4.9,412.02254,0.408163265,107.74,2,0
2089,SiO2,Chitosan,600.0,832.2237017,8.0,Caco2,H,Human,Epithelial,Colon,48,Alamar Blue,Alamar Blue,cell metabolic activity,N,N,N,1.9,1.9,0.526315789,1,60.08,2,4.0,-855.36225,348.9,495.89,7.043021,-7.043,-2.143,56,472.8478,3,4.593,2.45,4.30523449,4.9,412.02254,0.408163265,96.82,2,0
2090,SiO2,Chitosan,600.0,1664.447403,8.0,Caco2,H,Human,Epithelial,Colon,48,Alamar Blue,Alamar Blue,cell metabolic activity,N,N,N,1.9,1.9,0.526315789,1,60.08,2,4.0,-855.36225,348.9,495.89,7.043021,-7.043,-2.143,56,472.8478,3,4.593,2.45,4.30523449,4.9,412.02254,0.408163265,93.64,2,0
2091,SiO2,Chitosan,600.0,3328.894807,8.0,Caco2,H,Human,Epithelial,Colon,48,Alamar Blue,Alamar Blue,cell metabolic activity,N,N,N,1.9,1.9,0.526315789,1,60.08,2,4.0,-855.36225,348.9,495.89,7.043021,-7.043,-2.143,56,472.8478,3,4.593,2.45,4.30523449,4.9,412.02254,0.408163265,82.862,2,0
2092,SiO2,Chitosan,600.0,8322.237017,8.0,Caco2,H,Human,Epithelial,Colon,48,Alamar Blue,Alamar Blue,cell metabolic activity,N,N,N,1.9,1.9,0.526315789,1,60.08,2,4.0,-855.36225,348.9,495.89,7.043021,-7.043,-2.143,56,472.8478,3,4.593,2.45,4.30523449,4.9,412.02254,0.408163265,76.678,2,0
2093,SiO2,SodiumAlginate,350.0,832.2237017,-13.0,Caco2,H,Human,Epithelial,Colon,48,Alamar Blue,Alamar Blue,cell metabolic activity,N,N,N,1.9,1.9,0.526315789,1,60.08,2,4.0,-855.36225,348.9,495.89,7.043021,-7.043,-2.143,56,472.8478,3,4.593,2.45,4.30523449,4.9,412.02254,0.408163265,98.113,2,0
2094,SiO2,SodiumAlginate,350.0,1664.447403,-13.0,Caco2,H,Human,Epithelial,Colon,48,Alamar Blue,Alamar Blue,cell metabolic activity,N,N,N,1.9,1.9,0.526315789,1,60.08,2,4.0,-855.36225,348.9,495.89,7.043021,-7.043,-2.143,56,472.8478,3,4.593,2.45,4.30523449,4.9,412.02254,0.408163265,81.475,2,0
2095,SiO2,SodiumAlginate,350.0,3328.894807,-13.0,Caco2,H,Human,Epithelial,Colon,48,Alamar Blue,Alamar Blue,cell metabolic activity,N,N,N,1.9,1.9,0.526315789,1,60.08,2,4.0,-855.36225,348.9,495.89,7.043021,-7.043,-2.143,56,472.8478,3,4.593,2.45,4.30523449,4.9,412.02254,0.408163265,82.676,2,0
2096,SiO2,SodiumAlginate,350.0,8322.237017,-13.0,Caco2,H,Human,Epithelial,Colon,48,Alamar Blue,Alamar Blue,cell metabolic activity,N,N,N,1.9,1.9,0.526315789,1,60.08,2,4.0,-855.36225,348.9,495.89,7.043021,-7.043,-2.143,56,472.8478,3,4.593,2.45,4.30523449,4.9,412.02254,0.408163265,79.417,2,0
2097,SiO2,,256.6,832.2237017,-28.0,HepG2,H,Human,Epithelial,Liver,24,Alamar Blue,Alamar Blue,cell metabolic activity,N,N,N,1.9,1.9,0.526315789,1,60.08,2,4.0,-855.36225,348.9,495.89,7.043021,-7.043,-2.143,56,472.8478,3,4.593,2.45,4.30523449,4.9,412.02254,0.408163265,88.516,2,0
2098,SiO2,,256.6,1664.447403,-28.0,HepG2,H,Human,Epithelial,Liver,24,Alamar Blue,Alamar Blue,cell metabolic activity,N,N,N,1.9,1.9,0.526315789,1,60.08,2,4.0,-855.36225,348.9,495.89,7.043021,-7.043,-2.143,56,472.8478,3,4.593,2.45,4.30523449,4.9,412.02254,0.408163265,83.569,2,0
2099,SiO2,,256.6,3328.894807,-28.0,HepG2,H,Human,Epithelial,Liver,24,Alamar Blue,Alamar Blue,cell metabolic activity,N,N,N,1.9,1.9,0.526315789,1,60.08,2,4.0,-855.36225,348.9,495.89,7.043021,-7.043,-2.143,56,472.8478,3,4.593,2.45,4.30523449,4.9,412.02254,0.408163265,81.625,2,0
2100,SiO2,,256.6,8322.237017,-28.0,HepG2,H,Human,Epithelial,Liver,24,Alamar Blue,Alamar Blue,cell metabolic activity,N,N,N,1.9,1.9,0.526315789,1,60.08,2,4.0,-855.36225,348.9,495.89,7.043021,-7.043,-2.143,56,472.8478,3,4.593,2.45,4.30523449,4.9,412.02254,0.408163265,93.11,2,0
2101,SiO2,Chitosan,600.0,832.2237017,8.0,HepG2,H,Human,Epithelial,Liver,24,Alamar Blue,Alamar Blue,cell metabolic activity,N,N,N,1.9,1.9,0.526315789,1,60.08,2,4.0,-855.36225,348.9,495.89,7.043021,-7.043,-2.143,56,472.8478,3,4.593,2.45,4.30523449,4.9,412.02254,0.408163265,99.824,2,0
2102,SiO2,Chitosan,600.0,1664.447403,8.0,HepG2,H,Human,Epithelial,Liver,24,Alamar Blue,Alamar Blue,cell metabolic activity,N,N,N,1.9,1.9,0.526315789,1,60.08,2,4.0,-855.36225,348.9,495.89,7.043021,-7.043,-2.143,56,472.8478,3,4.593,2.45,4.30523449,4.9,412.02254,0.408163265,63.269,2,0
2103,SiO2,Chitosan,600.0,3328.894807,8.0,HepG2,H,Human,Epithelial,Liver,24,Alamar Blue,Alamar Blue,cell metabolic activity,N,N,N,1.9,1.9,0.526315789,1,60.08,2,4.0,-855.36225,348.9,495.89,7.043021,-7.043,-2.143,56,472.8478,3,4.593,2.45,4.30523449,4.9,412.02254,0.408163265,52.9,2,0
2104,SiO2,Chitosan,600.0,8322.237017,8.0,HepG2,H,Human,Epithelial,Liver,24,Alamar Blue,Alamar Blue,cell metabolic activity,N,N,N,1.9,1.9,0.526315789,1,60.08,2,4.0,-855.36225,348.9,495.89,7.043021,-7.043,-2.143,56,472.8478,3,4.593,2.45,4.30523449,4.9,412.02254,0.408163265,78.383,2,0
2105,SiO2,SodiumAlginate,350.0,832.2237017,-13.0,HepG2,H,Human,Epithelial,Liver,24,Alamar Blue,Alamar Blue,cell metabolic activity,N,N,N,1.9,1.9,0.526315789,1,60.08,2,4.0,-855.36225,348.9,495.89,7.043021,-7.043,-2.143,56,472.8478,3,4.593,2.45,4.30523449,4.9,412.02254,0.408163265,103.09,2,0
2106,SiO2,SodiumAlginate,350.0,1664.447403,-13.0,HepG2,H,Human,Epithelial,Liver,24,Alamar Blue,Alamar Blue,cell metabolic activity,N,N,N,1.9,1.9,0.526315789,1,60.08,2,4.0,-855.36225,348.9,495.89,7.043021,-7.043,-2.143,56,472.8478,3,4.593,2.45,4.30523449,4.9,412.02254,0.408163265,86.942,2,0
2107,SiO2,SodiumAlginate,350.0,3328.894807,-13.0,HepG2,H,Human,Epithelial,Liver,24,Alamar Blue,Alamar Blue,cell metabolic activity,N,N,N,1.9,1.9,0.526315789,1,60.08,2,4.0,-855.36225,348.9,495.89,7.043021,-7.043,-2.143,56,472.8478,3,4.593,2.45,4.30523449,4.9,412.02254,0.408163265,90.722,2,0
2108,SiO2,SodiumAlginate,350.0,8322.237017,-13.0,HepG2,H,Human,Epithelial,Liver,24,Alamar Blue,Alamar Blue,cell metabolic activity,N,N,N,1.9,1.9,0.526315789,1,60.08,2,4.0,-855.36225,348.9,495.89,7.043021,-7.043,-2.143,56,472.8478,3,4.593,2.45,4.30523449,4.9,412.02254,0.408163265,77.32,2,0
2109,SiO2,,256.6,832.2237017,-28.0,HepG2,H,Human,Epithelial,Liver,48,Alamar Blue,Alamar Blue,cell metabolic activity,N,N,N,1.9,1.9,0.526315789,1,60.08,2,4.0,-855.36225,348.9,495.89,7.043021,-7.043,-2.143,56,472.8478,3,4.593,2.45,4.30523449,4.9,412.02254,0.408163265,92.403,2,0
2110,SiO2,,256.6,1664.447403,-28.0,HepG2,H,Human,Epithelial,Liver,48,Alamar Blue,Alamar Blue,cell metabolic activity,N,N,N,1.9,1.9,0.526315789,1,60.08,2,4.0,-855.36225,348.9,495.89,7.043021,-7.043,-2.143,56,472.8478,3,4.593,2.45,4.30523449,4.9,412.02254,0.408163265,98.057,2,0
2111,SiO2,,256.6,3328.894807,-28.0,HepG2,H,Human,Epithelial,Liver,48,Alamar Blue,Alamar Blue,cell metabolic activity,N,N,N,1.9,1.9,0.526315789,1,60.08,2,4.0,-855.36225,348.9,495.89,7.043021,-7.043,-2.143,56,472.8478,3,4.593,2.45,4.30523449,4.9,412.02254,0.408163265,101.59,2,0
2112,SiO2,,256.6,8322.237017,-28.0,HepG2,H,Human,Epithelial,Liver,48,Alamar Blue,Alamar Blue,cell metabolic activity,N,N,N,1.9,1.9,0.526315789,1,60.08,2,4.0,-855.36225,348.9,495.89,7.043021,-7.043,-2.143,56,472.8478,3,4.593,2.45,4.30523449,4.9,412.02254,0.408163265,100.35,2,0
2113,SiO2,Chitosan,600.0,832.2237017,8.0,HepG2,H,Human,Epithelial,Liver,48,Alamar Blue,Alamar Blue,cell metabolic activity,N,N,N,1.9,1.9,0.526315789,1,60.08,2,4.0,-855.36225,348.9,495.89,7.043021,-7.043,-2.143,56,472.8478,3,4.593,2.45,4.30523449,4.9,412.02254,0.408163265,99.473,2,0
2114,SiO2,Chitosan,600.0,1664.447403,8.0,HepG2,H,Human,Epithelial,Liver,48,Alamar Blue,Alamar Blue,cell metabolic activity,N,N,N,1.9,1.9,0.526315789,1,60.08,2,4.0,-855.36225,348.9,495.89,7.043021,-7.043,-2.143,56,472.8478,3,4.593,2.45,4.30523449,4.9,412.02254,0.408163265,89.455,2,0
2115,SiO2,Chitosan,600.0,3328.894807,8.0,HepG2,H,Human,Epithelial,Liver,48,Alamar Blue,Alamar Blue,cell metabolic activity,N,N,N,1.9,1.9,0.526315789,1,60.08,2,4.0,-855.36225,348.9,495.89,7.043021,-7.043,-2.143,56,472.8478,3,4.593,2.45,4.30523449,4.9,412.02254,0.408163265,85.764,2,0
2116,SiO2,Chitosan,600.0,8322.237017,8.0,HepG2,H,Human,Epithelial,Liver,48,Alamar Blue,Alamar Blue,cell metabolic activity,N,N,N,1.9,1.9,0.526315789,1,60.08,2,4.0,-855.36225,348.9,495.89,7.043021,-7.043,-2.143,56,472.8478,3,4.593,2.45,4.30523449,4.9,412.02254,0.408163265,92.794,2,0
2117,SiO2,SodiumAlginate,350.0,832.2237017,-13.0,HepG2,H,Human,Epithelial,Liver,48,Alamar Blue,Alamar Blue,cell metabolic activity,N,N,N,1.9,1.9,0.526315789,1,60.08,2,4.0,-855.36225,348.9,495.89,7.043021,-7.043,-2.143,56,472.8478,3,4.593,2.45,4.30523449,4.9,412.02254,0.408163265,97.938,2,0
2118,SiO2,SodiumAlginate,350.0,1664.447403,-13.0,HepG2,H,Human,Epithelial,Liver,48,Alamar Blue,Alamar Blue,cell metabolic activity,N,N,N,1.9,1.9,0.526315789,1,60.08,2,4.0,-855.36225,348.9,495.89,7.043021,-7.043,-2.143,56,472.8478,3,4.593,2.45,4.30523449,4.9,412.02254,0.408163265,95.876,2,0
2119,SiO2,SodiumAlginate,350.0,3328.894807,-13.0,HepG2,H,Human,Epithelial,Liver,48,Alamar Blue,Alamar Blue,cell metabolic activity,N,N,N,1.9,1.9,0.526315789,1,60.08,2,4.0,-855.36225,348.9,495.89,7.043021,-7.043,-2.143,56,472.8478,3,4.593,2.45,4.30523449,4.9,412.02254,0.408163265,95.361,2,0
2120,SiO2,SodiumAlginate,350.0,8322.237017,-13.0,HepG2,H,Human,Epithelial,Liver,48,Alamar Blue,Alamar Blue,cell metabolic activity,N,N,N,1.9,1.9,0.526315789,1,60.08,2,4.0,-855.36225,348.9,495.89,7.043021,-7.043,-2.143,56,472.8478,3,4.593,2.45,4.30523449,4.9,412.02254,0.408163265,90.893,2,0
2121,SiO2,,21.06,166.4447403,-24.5,A549,H,Human,Epithelial,Lung,24,MTT,Tetrazolium Salt,cell metabolic activity,N,N,N,1.9,1.9,0.526315789,1,60.08,2,4.0,-855.36225,348.9,495.89,7.043021,-7.043,-2.143,56,472.8478,3,4.593,2.45,4.30523449,4.9,412.02254,0.408163265,76.923,2,0
2122,SiO2,,21.06,832.2237017,-24.5,A549,H,Human,Epithelial,Lung,24,MTT,Tetrazolium Salt,cell metabolic activity,N,N,N,1.9,1.9,0.526315789,1,60.08,2,4.0,-855.36225,348.9,495.89,7.043021,-7.043,-2.143,56,472.8478,3,4.593,2.45,4.30523449,4.9,412.02254,0.408163265,67.494,2,0
2123,SiO2,,21.06,1664.447403,-24.5,A549,H,Human,Epithelial,Lung,24,MTT,Tetrazolium Salt,cell metabolic activity,N,N,N,1.9,1.9,0.526315789,1,60.08,2,4.0,-855.36225,348.9,495.89,7.043021,-7.043,-2.143,56,472.8478,3,4.593,2.45,4.30523449,4.9,412.02254,0.408163265,61.29,2,0
2124,SiO2,,21.06,3328.894807,-24.5,A549,H,Human,Epithelial,Lung,24,MTT,Tetrazolium Salt,cell metabolic activity,N,N,N,1.9,1.9,0.526315789,1,60.08,2,4.0,-855.36225,348.9,495.89,7.043021,-7.043,-2.143,56,472.8478,3,4.593,2.45,4.30523449,4.9,412.02254,0.408163265,62.283,2,0
2125,SiO2,,21.06,8322.237017,-24.5,A549,H,Human,Epithelial,Lung,24,MTT,Tetrazolium Salt,cell metabolic activity,N,N,N,1.9,1.9,0.526315789,1,60.08,2,4.0,-855.36225,348.9,495.89,7.043021,-7.043,-2.143,56,472.8478,3,4.593,2.45,4.30523449,4.9,412.02254,0.408163265,63.275,2,0
2126,SiO2,,59.72,166.4447403,-38.1,A549,H,Human,Epithelial,Lung,24,MTT,Tetrazolium Salt,cell metabolic activity,N,N,N,1.9,1.9,0.526315789,1,60.08,2,4.0,-855.36225,348.9,495.89,7.043021,-7.043,-2.143,56,472.8478,3,4.593,2.45,4.30523449,4.9,412.02254,0.408163265,100.99,2,0
2127,SiO2,,59.72,832.2237017,-38.1,A549,H,Human,Epithelial,Lung,24,MTT,Tetrazolium Salt,cell metabolic activity,N,N,N,1.9,1.9,0.526315789,1,60.08,2,4.0,-855.36225,348.9,495.89,7.043021,-7.043,-2.143,56,472.8478,3,4.593,2.45,4.30523449,4.9,412.02254,0.408163265,72.705,2,0
2128,SiO2,,59.72,1664.447403,-38.1,A549,H,Human,Epithelial,Lung,24,MTT,Tetrazolium Salt,cell metabolic activity,N,N,N,1.9,1.9,0.526315789,1,60.08,2,4.0,-855.36225,348.9,495.89,7.043021,-7.043,-2.143,56,472.8478,3,4.593,2.45,4.30523449,4.9,412.02254,0.408163265,70.471,2,0
2129,SiO2,,59.72,3328.894807,-38.1,A549,H,Human,Epithelial,Lung,24,MTT,Tetrazolium Salt,cell metabolic activity,N,N,N,1.9,1.9,0.526315789,1,60.08,2,4.0,-855.36225,348.9,495.89,7.043021,-7.043,-2.143,56,472.8478,3,4.593,2.45,4.30523449,4.9,412.02254,0.408163265,64.02,2,0
2130,SiO2,,59.72,8322.237017,-38.1,A549,H,Human,Epithelial,Lung,24,MTT,Tetrazolium Salt,cell metabolic activity,N,N,N,1.9,1.9,0.526315789,1,60.08,2,4.0,-855.36225,348.9,495.89,7.043021,-7.043,-2.143,56,472.8478,3,4.593,2.45,4.30523449,4.9,412.02254,0.408163265,62.283,2,0
2131,SiO2,,100.33,166.4447403,-31.7,A549,H,Human,Epithelial,Lung,24,MTT,Tetrazolium Salt,cell metabolic activity,N,N,N,1.9,1.9,0.526315789,1,60.08,2,4.0,-855.36225,348.9,495.89,7.043021,-7.043,-2.143,56,472.8478,3,4.593,2.45,4.30523449,4.9,412.02254,0.408163265,89.826,2,0
2132,SiO2,,100.33,832.2237017,-31.7,A549,H,Human,Epithelial,Lung,24,MTT,Tetrazolium Salt,cell metabolic activity,N,N,N,1.9,1.9,0.526315789,1,60.08,2,4.0,-855.36225,348.9,495.89,7.043021,-7.043,-2.143,56,472.8478,3,4.593,2.45,4.30523449,4.9,412.02254,0.408163265,70.471,2,0
2133,SiO2,,100.33,1664.447403,-31.7,A549,H,Human,Epithelial,Lung,24,MTT,Tetrazolium Salt,cell metabolic activity,N,N,N,1.9,1.9,0.526315789,1,60.08,2,4.0,-855.36225,348.9,495.89,7.043021,-7.043,-2.143,56,472.8478,3,4.593,2.45,4.30523449,4.9,412.02254,0.408163265,71.464,2,0
2134,SiO2,,100.33,3328.894807,-31.7,A549,H,Human,Epithelial,Lung,24,MTT,Tetrazolium Salt,cell metabolic activity,N,N,N,1.9,1.9,0.526315789,1,60.08,2,4.0,-855.36225,348.9,495.89,7.043021,-7.043,-2.143,56,472.8478,3,4.593,2.45,4.30523449,4.9,412.02254,0.408163265,65.757,2,0
2135,SiO2,,100.33,8322.237017,-31.7,A549,H,Human,Epithelial,Lung,24,MTT,Tetrazolium Salt,cell metabolic activity,N,N,N,1.9,1.9,0.526315789,1,60.08,2,4.0,-855.36225,348.9,495.89,7.043021,-7.043,-2.143,56,472.8478,3,4.593,2.45,4.30523449,4.9,412.02254,0.408163265,72.705,2,0
2136,SiO2,,199.89,166.4447403,-36.3,A549,H,Human,Epithelial,Lung,24,MTT,Tetrazolium Salt,cell metabolic activity,N,N,N,1.9,1.9,0.526315789,1,60.08,2,4.0,-855.36225,348.9,495.89,7.043021,-7.043,-2.143,56,472.8478,3,4.593,2.45,4.30523449,4.9,412.02254,0.408163265,75.186,2,0
2137,SiO2,,199.89,832.2237017,-36.3,A549,H,Human,Epithelial,Lung,24,MTT,Tetrazolium Salt,cell metabolic activity,N,N,N,1.9,1.9,0.526315789,1,60.08,2,4.0,-855.36225,348.9,495.89,7.043021,-7.043,-2.143,56,472.8478,3,4.593,2.45,4.30523449,4.9,412.02254,0.408163265,63.027,2,0
2138,SiO2,,199.89,1664.447403,-36.3,A549,H,Human,Epithelial,Lung,24,MTT,Tetrazolium Salt,cell metabolic activity,N,N,N,1.9,1.9,0.526315789,1,60.08,2,4.0,-855.36225,348.9,495.89,7.043021,-7.043,-2.143,56,472.8478,3,4.593,2.45,4.30523449,4.9,412.02254,0.408163265,62.283,2,0
2139,SiO2,,199.89,3328.894807,-36.3,A549,H,Human,Epithelial,Lung,24,MTT,Tetrazolium Salt,cell metabolic activity,N,N,N,1.9,1.9,0.526315789,1,60.08,2,4.0,-855.36225,348.9,495.89,7.043021,-7.043,-2.143,56,472.8478,3,4.593,2.45,4.30523449,4.9,412.02254,0.408163265,62.779,2,0
2140,SiO2,,199.89,8322.237017,-36.3,A549,H,Human,Epithelial,Lung,24,MTT,Tetrazolium Salt,cell metabolic activity,N,N,N,1.9,1.9,0.526315789,1,60.08,2,4.0,-855.36225,348.9,495.89,7.043021,-7.043,-2.143,56,472.8478,3,4.593,2.45,4.30523449,4.9,412.02254,0.408163265,61.042,2,0
2141,SiO2,,21.06,166.4447403,-24.5,A549,H,Human,Epithelial,Lung,72,MTT,Tetrazolium Salt,cell metabolic activity,N,N,N,1.9,1.9,0.526315789,1,60.08,2,4.0,-855.36225,348.9,495.89,7.043021,-7.043,-2.143,56,472.8478,3,4.593,2.45,4.30523449,4.9,412.02254,0.408163265,58.542,2,0
2142,SiO2,,21.06,832.2237017,-24.5,A549,H,Human,Epithelial,Lung,72,MTT,Tetrazolium Salt,cell metabolic activity,N,N,N,1.9,1.9,0.526315789,1,60.08,2,4.0,-855.36225,348.9,495.89,7.043021,-7.043,-2.143,56,472.8478,3,4.593,2.45,4.30523449,4.9,412.02254,0.408163265,50.797,2,0
2143,SiO2,,21.06,1664.447403,-24.5,A549,H,Human,Epithelial,Lung,72,MTT,Tetrazolium Salt,cell metabolic activity,N,N,N,1.9,1.9,0.526315789,1,60.08,2,4.0,-855.36225,348.9,495.89,7.043021,-7.043,-2.143,56,472.8478,3,4.593,2.45,4.30523449,4.9,412.02254,0.408163265,49.886,1,1
2144,SiO2,,21.06,3328.894807,-24.5,A549,H,Human,Epithelial,Lung,72,MTT,Tetrazolium Salt,cell metabolic activity,N,N,N,1.9,1.9,0.526315789,1,60.08,2,4.0,-855.36225,348.9,495.89,7.043021,-7.043,-2.143,56,472.8478,3,4.593,2.45,4.30523449,4.9,412.02254,0.408163265,50.569,2,0
2145,SiO2,,21.06,8322.237017,-24.5,A549,H,Human,Epithelial,Lung,72,MTT,Tetrazolium Salt,cell metabolic activity,N,N,N,1.9,1.9,0.526315789,1,60.08,2,4.0,-855.36225,348.9,495.89,7.043021,-7.043,-2.143,56,472.8478,3,4.593,2.45,4.30523449,4.9,412.02254,0.408163265,44.647,1,1
2146,SiO2,,59.72,166.4447403,-38.1,A549,H,Human,Epithelial,Lung,72,MTT,Tetrazolium Salt,cell metabolic activity,N,N,N,1.9,1.9,0.526315789,1,60.08,2,4.0,-855.36225,348.9,495.89,7.043021,-7.043,-2.143,56,472.8478,3,4.593,2.45,4.30523449,4.9,412.02254,0.408163265,96.583,2,0
2147,SiO2,,59.72,832.2237017,-38.1,A549,H,Human,Epithelial,Lung,72,MTT,Tetrazolium Salt,cell metabolic activity,N,N,N,1.9,1.9,0.526315789,1,60.08,2,4.0,-855.36225,348.9,495.89,7.043021,-7.043,-2.143,56,472.8478,3,4.593,2.45,4.30523449,4.9,412.02254,0.408163265,53.303,2,0
2148,SiO2,,59.72,1664.447403,-38.1,A549,H,Human,Epithelial,Lung,72,MTT,Tetrazolium Salt,cell metabolic activity,N,N,N,1.9,1.9,0.526315789,1,60.08,2,4.0,-855.36225,348.9,495.89,7.043021,-7.043,-2.143,56,472.8478,3,4.593,2.45,4.30523449,4.9,412.02254,0.408163265,49.886,1,1
2149,SiO2,,59.72,3328.894807,-38.1,A549,H,Human,Epithelial,Lung,72,MTT,Tetrazolium Salt,cell metabolic activity,N,N,N,1.9,1.9,0.526315789,1,60.08,2,4.0,-855.36225,348.9,495.89,7.043021,-7.043,-2.143,56,472.8478,3,4.593,2.45,4.30523449,4.9,412.02254,0.408163265,31.435,1,1
2150,SiO2,,59.72,8322.237017,-38.1,A549,H,Human,Epithelial,Lung,72,MTT,Tetrazolium Salt,cell metabolic activity,N,N,N,1.9,1.9,0.526315789,1,60.08,2,4.0,-855.36225,348.9,495.89,7.043021,-7.043,-2.143,56,472.8478,3,4.593,2.45,4.30523449,4.9,412.02254,0.408163265,15.718,1,1
2151,SiO2,,100.33,166.4447403,-31.7,A549,H,Human,Epithelial,Lung,72,MTT,Tetrazolium Salt,cell metabolic activity,N,N,N,1.9,1.9,0.526315789,1,60.08,2,4.0,-855.36225,348.9,495.89,7.043021,-7.043,-2.143,56,472.8478,3,4.593,2.45,4.30523449,4.9,412.02254,0.408163265,68.337,2,0
2152,SiO2,,100.33,832.2237017,-31.7,A549,H,Human,Epithelial,Lung,72,MTT,Tetrazolium Salt,cell metabolic activity,N,N,N,1.9,1.9,0.526315789,1,60.08,2,4.0,-855.36225,348.9,495.89,7.043021,-7.043,-2.143,56,472.8478,3,4.593,2.45,4.30523449,4.9,412.02254,0.408163265,54.214,2,0
2153,SiO2,,100.33,1664.447403,-31.7,A549,H,Human,Epithelial,Lung,72,MTT,Tetrazolium Salt,cell metabolic activity,N,N,N,1.9,1.9,0.526315789,1,60.08,2,4.0,-855.36225,348.9,495.89,7.043021,-7.043,-2.143,56,472.8478,3,4.593,2.45,4.30523449,4.9,412.02254,0.408163265,51.708,2,0
2154,SiO2,,100.33,3328.894807,-31.7,A549,H,Human,Epithelial,Lung,72,MTT,Tetrazolium Salt,cell metabolic activity,N,N,N,1.9,1.9,0.526315789,1,60.08,2,4.0,-855.36225,348.9,495.89,7.043021,-7.043,-2.143,56,472.8478,3,4.593,2.45,4.30523449,4.9,412.02254,0.408163265,55.353,2,0
2155,SiO2,,100.33,8322.237017,-31.7,A549,H,Human,Epithelial,Lung,72,MTT,Tetrazolium Salt,cell metabolic activity,N,N,N,1.9,1.9,0.526315789,1,60.08,2,4.0,-855.36225,348.9,495.89,7.043021,-7.043,-2.143,56,472.8478,3,4.593,2.45,4.30523449,4.9,412.02254,0.408163265,53.531,2,0
2156,SiO2,,199.89,166.4447403,-36.3,A549,H,Human,Epithelial,Lung,72,MTT,Tetrazolium Salt,cell metabolic activity,N,N,N,1.9,1.9,0.526315789,1,60.08,2,4.0,-855.36225,348.9,495.89,7.043021,-7.043,-2.143,56,472.8478,3,4.593,2.45,4.30523449,4.9,412.02254,0.408163265,66.287,2,0
2157,SiO2,,199.89,832.2237017,-36.3,A549,H,Human,Epithelial,Lung,72,MTT,Tetrazolium Salt,cell metabolic activity,N,N,N,1.9,1.9,0.526315789,1,60.08,2,4.0,-855.36225,348.9,495.89,7.043021,-7.043,-2.143,56,472.8478,3,4.593,2.45,4.30523449,4.9,412.02254,0.408163265,50.569,2,0
2158,SiO2,,199.89,1664.447403,-36.3,A549,H,Human,Epithelial,Lung,72,MTT,Tetrazolium Salt,cell metabolic activity,N,N,N,1.9,1.9,0.526315789,1,60.08,2,4.0,-855.36225,348.9,495.89,7.043021,-7.043,-2.143,56,472.8478,3,4.593,2.45,4.30523449,4.9,412.02254,0.408163265,50.114,2,0
2159,SiO2,,199.89,3328.894807,-36.3,A549,H,Human,Epithelial,Lung,72,MTT,Tetrazolium Salt,cell metabolic activity,N,N,N,1.9,1.9,0.526315789,1,60.08,2,4.0,-855.36225,348.9,495.89,7.043021,-7.043,-2.143,56,472.8478,3,4.593,2.45,4.30523449,4.9,412.02254,0.408163265,50.797,2,0
2160,SiO2,,199.89,8322.237017,-36.3,A549,H,Human,Epithelial,Lung,72,MTT,Tetrazolium Salt,cell metabolic activity,N,N,N,1.9,1.9,0.526315789,1,60.08,2,4.0,-855.36225,348.9,495.89,7.043021,-7.043,-2.143,56,472.8478,3,4.593,2.45,4.30523449,4.9,412.02254,0.408163265,45.33,1,1
2161,SiO2,,21.06,166.4447403,-24.5,HepG2,H,Human,Epithelial,Liver,24,MTT,Tetrazolium Salt,cell metabolic activity,N,N,N,1.9,1.9,0.526315789,1,60.08,2,4.0,-855.36225,348.9,495.89,7.043021,-7.043,-2.143,56,472.8478,3,4.593,2.45,4.30523449,4.9,412.02254,0.408163265,68.856,2,0
2162,SiO2,,21.06,832.2237017,-24.5,HepG2,H,Human,Epithelial,Liver,24,MTT,Tetrazolium Salt,cell metabolic activity,N,N,N,1.9,1.9,0.526315789,1,60.08,2,4.0,-855.36225,348.9,495.89,7.043021,-7.043,-2.143,56,472.8478,3,4.593,2.45,4.30523449,4.9,412.02254,0.408163265,61.071,2,0
2163,SiO2,,21.06,1664.447403,-24.5,HepG2,H,Human,Epithelial,Liver,24,MTT,Tetrazolium Salt,cell metabolic activity,N,N,N,1.9,1.9,0.526315789,1,60.08,2,4.0,-855.36225,348.9,495.89,7.043021,-7.043,-2.143,56,472.8478,3,4.593,2.45,4.30523449,4.9,412.02254,0.408163265,59.611,2,0
2164,SiO2,,21.06,3328.894807,-24.5,HepG2,H,Human,Epithelial,Liver,24,MTT,Tetrazolium Salt,cell metabolic activity,N,N,N,1.9,1.9,0.526315789,1,60.08,2,4.0,-855.36225,348.9,495.89,7.043021,-7.043,-2.143,56,472.8478,3,4.593,2.45,4.30523449,4.9,412.02254,0.408163265,59.124,2,0
2165,SiO2,,21.06,8322.237017,-24.5,HepG2,H,Human,Epithelial,Liver,24,MTT,Tetrazolium Salt,cell metabolic activity,N,N,N,1.9,1.9,0.526315789,1,60.08,2,4.0,-855.36225,348.9,495.89,7.043021,-7.043,-2.143,56,472.8478,3,4.593,2.45,4.30523449,4.9,412.02254,0.408163265,58.151,2,0
2166,SiO2,,59.72,166.4447403,-38.1,HepG2,H,Human,Epithelial,Liver,24,MTT,Tetrazolium Salt,cell metabolic activity,N,N,N,1.9,1.9,0.526315789,1,60.08,2,4.0,-855.36225,348.9,495.89,7.043021,-7.043,-2.143,56,472.8478,3,4.593,2.45,4.30523449,4.9,412.02254,0.408163265,99.757,2,0
2167,SiO2,,59.72,832.2237017,-38.1,HepG2,H,Human,Epithelial,Liver,24,MTT,Tetrazolium Salt,cell metabolic activity,N,N,N,1.9,1.9,0.526315789,1,60.08,2,4.0,-855.36225,348.9,495.89,7.043021,-7.043,-2.143,56,472.8478,3,4.593,2.45,4.30523449,4.9,412.02254,0.408163265,67.397,2,0
2168,SiO2,,59.72,1664.447403,-38.1,HepG2,H,Human,Epithelial,Liver,24,MTT,Tetrazolium Salt,cell metabolic activity,N,N,N,1.9,1.9,0.526315789,1,60.08,2,4.0,-855.36225,348.9,495.89,7.043021,-7.043,-2.143,56,472.8478,3,4.593,2.45,4.30523449,4.9,412.02254,0.408163265,66.423,2,0
2169,SiO2,,59.72,3328.894807,-38.1,HepG2,H,Human,Epithelial,Liver,24,MTT,Tetrazolium Salt,cell metabolic activity,N,N,N,1.9,1.9,0.526315789,1,60.08,2,4.0,-855.36225,348.9,495.89,7.043021,-7.043,-2.143,56,472.8478,3,4.593,2.45,4.30523449,4.9,412.02254,0.408163265,62.774,2,0
2170,SiO2,,59.72,8322.237017,-38.1,HepG2,H,Human,Epithelial,Liver,24,MTT,Tetrazolium Salt,cell metabolic activity,N,N,N,1.9,1.9,0.526315789,1,60.08,2,4.0,-855.36225,348.9,495.89,7.043021,-7.043,-2.143,56,472.8478,3,4.593,2.45,4.30523449,4.9,412.02254,0.408163265,53.041,2,0
2171,SiO2,,100.33,166.4447403,-31.7,HepG2,H,Human,Epithelial,Liver,24,MTT,Tetrazolium Salt,cell metabolic activity,N,N,N,1.9,1.9,0.526315789,1,60.08,2,4.0,-855.36225,348.9,495.89,7.043021,-7.043,-2.143,56,472.8478,3,4.593,2.45,4.30523449,4.9,412.02254,0.408163265,68.613,2,0
2172,SiO2,,100.33,832.2237017,-31.7,HepG2,H,Human,Epithelial,Liver,24,MTT,Tetrazolium Salt,cell metabolic activity,N,N,N,1.9,1.9,0.526315789,1,60.08,2,4.0,-855.36225,348.9,495.89,7.043021,-7.043,-2.143,56,472.8478,3,4.593,2.45,4.30523449,4.9,412.02254,0.408163265,66.423,2,0
2173,SiO2,,100.33,1664.447403,-31.7,HepG2,H,Human,Epithelial,Liver,24,MTT,Tetrazolium Salt,cell metabolic activity,N,N,N,1.9,1.9,0.526315789,1,60.08,2,4.0,-855.36225,348.9,495.89,7.043021,-7.043,-2.143,56,472.8478,3,4.593,2.45,4.30523449,4.9,412.02254,0.408163265,65.207,2,0
2174,SiO2,,100.33,3328.894807,-31.7,HepG2,H,Human,Epithelial,Liver,24,MTT,Tetrazolium Salt,cell metabolic activity,N,N,N,1.9,1.9,0.526315789,1,60.08,2,4.0,-855.36225,348.9,495.89,7.043021,-7.043,-2.143,56,472.8478,3,4.593,2.45,4.30523449,4.9,412.02254,0.408163265,63.99,2,0
2175,SiO2,,100.33,8322.237017,-31.7,HepG2,H,Human,Epithelial,Liver,24,MTT,Tetrazolium Salt,cell metabolic activity,N,N,N,1.9,1.9,0.526315789,1,60.08,2,4.0,-855.36225,348.9,495.89,7.043021,-7.043,-2.143,56,472.8478,3,4.593,2.45,4.30523449,4.9,412.02254,0.408163265,64.477,2,0
2176,SiO2,,199.89,166.4447403,-36.3,HepG2,H,Human,Epithelial,Liver,24,MTT,Tetrazolium Salt,cell metabolic activity,N,N,N,1.9,1.9,0.526315789,1,60.08,2,4.0,-855.36225,348.9,495.89,7.043021,-7.043,-2.143,56,472.8478,3,4.593,2.45,4.30523449,4.9,412.02254,0.408163265,68.856,2,0
2177,SiO2,,199.89,832.2237017,-36.3,HepG2,H,Human,Epithelial,Liver,24,MTT,Tetrazolium Salt,cell metabolic activity,N,N,N,1.9,1.9,0.526315789,1,60.08,2,4.0,-855.36225,348.9,495.89,7.043021,-7.043,-2.143,56,472.8478,3,4.593,2.45,4.30523449,4.9,412.02254,0.408163265,63.504,2,0
2178,SiO2,,199.89,1664.447403,-36.3,HepG2,H,Human,Epithelial,Liver,24,MTT,Tetrazolium Salt,cell metabolic activity,N,N,N,1.9,1.9,0.526315789,1,60.08,2,4.0,-855.36225,348.9,495.89,7.043021,-7.043,-2.143,56,472.8478,3,4.593,2.45,4.30523449,4.9,412.02254,0.408163265,62.287,2,0
2179,SiO2,,199.89,3328.894807,-36.3,HepG2,H,Human,Epithelial,Liver,24,MTT,Tetrazolium Salt,cell metabolic activity,N,N,N,1.9,1.9,0.526315789,1,60.08,2,4.0,-855.36225,348.9,495.89,7.043021,-7.043,-2.143,56,472.8478,3,4.593,2.45,4.30523449,4.9,412.02254,0.408163265,60.584,2,0
2180,SiO2,,199.89,8322.237017,-36.3,HepG2,H,Human,Epithelial,Liver,24,MTT,Tetrazolium Salt,cell metabolic activity,N,N,N,1.9,1.9,0.526315789,1,60.08,2,4.0,-855.36225,348.9,495.89,7.043021,-7.043,-2.143,56,472.8478,3,4.593,2.45,4.30523449,4.9,412.02254,0.408163265,58.151,2,0
2181,SiO2,,21.06,166.4447403,-24.5,HepG2,H,Human,Epithelial,Liver,72,MTT,Tetrazolium Salt,cell metabolic activity,N,N,N,1.9,1.9,0.526315789,1,60.08,2,4.0,-855.36225,348.9,495.89,7.043021,-7.043,-2.143,56,472.8478,3,4.593,2.45,4.30523449,4.9,412.02254,0.408163265,57.011,2,0
2182,SiO2,,21.06,832.2237017,-24.5,HepG2,H,Human,Epithelial,Liver,72,MTT,Tetrazolium Salt,cell metabolic activity,N,N,N,1.9,1.9,0.526315789,1,60.08,2,4.0,-855.36225,348.9,495.89,7.043021,-7.043,-2.143,56,472.8478,3,4.593,2.45,4.30523449,4.9,412.02254,0.408163265,55.172,2,0
2183,SiO2,,21.06,1664.447403,-24.5,HepG2,H,Human,Epithelial,Liver,72,MTT,Tetrazolium Salt,cell metabolic activity,N,N,N,1.9,1.9,0.526315789,1,60.08,2,4.0,-855.36225,348.9,495.89,7.043021,-7.043,-2.143,56,472.8478,3,4.593,2.45,4.30523449,4.9,412.02254,0.408163265,55.172,2,0
2184,SiO2,,21.06,3328.894807,-24.5,HepG2,H,Human,Epithelial,Liver,72,MTT,Tetrazolium Salt,cell metabolic activity,N,N,N,1.9,1.9,0.526315789,1,60.08,2,4.0,-855.36225,348.9,495.89,7.043021,-7.043,-2.143,56,472.8478,3,4.593,2.45,4.30523449,4.9,412.02254,0.408163265,49.425,1,1
2185,SiO2,,21.06,8322.237017,-24.5,HepG2,H,Human,Epithelial,Liver,72,MTT,Tetrazolium Salt,cell metabolic activity,N,N,N,1.9,1.9,0.526315789,1,60.08,2,4.0,-855.36225,348.9,495.89,7.043021,-7.043,-2.143,56,472.8478,3,4.593,2.45,4.30523449,4.9,412.02254,0.408163265,46.437,1,1
2186,SiO2,,59.72,166.4447403,-38.1,HepG2,H,Human,Epithelial,Liver,72,MTT,Tetrazolium Salt,cell metabolic activity,N,N,N,1.9,1.9,0.526315789,1,60.08,2,4.0,-855.36225,348.9,495.89,7.043021,-7.043,-2.143,56,472.8478,3,4.593,2.45,4.30523449,4.9,412.02254,0.408163265,95.172,2,0
2187,SiO2,,59.72,832.2237017,-38.1,HepG2,H,Human,Epithelial,Liver,72,MTT,Tetrazolium Salt,cell metabolic activity,N,N,N,1.9,1.9,0.526315789,1,60.08,2,4.0,-855.36225,348.9,495.89,7.043021,-7.043,-2.143,56,472.8478,3,4.593,2.45,4.30523449,4.9,412.02254,0.408163265,65.747,2,0
2188,SiO2,,59.72,1664.447403,-38.1,HepG2,H,Human,Epithelial,Liver,72,MTT,Tetrazolium Salt,cell metabolic activity,N,N,N,1.9,1.9,0.526315789,1,60.08,2,4.0,-855.36225,348.9,495.89,7.043021,-7.043,-2.143,56,472.8478,3,4.593,2.45,4.30523449,4.9,412.02254,0.408163265,60.92,2,0
2189,SiO2,,59.72,3328.894807,-38.1,HepG2,H,Human,Epithelial,Liver,72,MTT,Tetrazolium Salt,cell metabolic activity,N,N,N,1.9,1.9,0.526315789,1,60.08,2,4.0,-855.36225,348.9,495.89,7.043021,-7.043,-2.143,56,472.8478,3,4.593,2.45,4.30523449,4.9,412.02254,0.408163265,54.713,2,0
2190,SiO2,,59.72,8322.237017,-38.1,HepG2,H,Human,Epithelial,Liver,72,MTT,Tetrazolium Salt,cell metabolic activity,N,N,N,1.9,1.9,0.526315789,1,60.08,2,4.0,-855.36225,348.9,495.89,7.043021,-7.043,-2.143,56,472.8478,3,4.593,2.45,4.30523449,4.9,412.02254,0.408163265,42.299,1,1
2191,SiO2,,100.33,166.4447403,-31.7,HepG2,H,Human,Epithelial,Liver,72,MTT,Tetrazolium Salt,cell metabolic activity,N,N,N,1.9,1.9,0.526315789,1,60.08,2,4.0,-855.36225,348.9,495.89,7.043021,-7.043,-2.143,56,472.8478,3,4.593,2.45,4.30523449,4.9,412.02254,0.408163265,66.437,2,0
2192,SiO2,,100.33,832.2237017,-31.7,HepG2,H,Human,Epithelial,Liver,72,MTT,Tetrazolium Salt,cell metabolic activity,N,N,N,1.9,1.9,0.526315789,1,60.08,2,4.0,-855.36225,348.9,495.89,7.043021,-7.043,-2.143,56,472.8478,3,4.593,2.45,4.30523449,4.9,412.02254,0.408163265,58.161,2,0
2193,SiO2,,100.33,1664.447403,-31.7,HepG2,H,Human,Epithelial,Liver,72,MTT,Tetrazolium Salt,cell metabolic activity,N,N,N,1.9,1.9,0.526315789,1,60.08,2,4.0,-855.36225,348.9,495.89,7.043021,-7.043,-2.143,56,472.8478,3,4.593,2.45,4.30523449,4.9,412.02254,0.408163265,56.322,2,0
2194,SiO2,,100.33,3328.894807,-31.7,HepG2,H,Human,Epithelial,Liver,72,MTT,Tetrazolium Salt,cell metabolic activity,N,N,N,1.9,1.9,0.526315789,1,60.08,2,4.0,-855.36225,348.9,495.89,7.043021,-7.043,-2.143,56,472.8478,3,4.593,2.45,4.30523449,4.9,412.02254,0.408163265,56.322,2,0
2195,SiO2,,100.33,8322.237017,-31.7,HepG2,H,Human,Epithelial,Liver,72,MTT,Tetrazolium Salt,cell metabolic activity,N,N,N,1.9,1.9,0.526315789,1,60.08,2,4.0,-855.36225,348.9,495.89,7.043021,-7.043,-2.143,56,472.8478,3,4.593,2.45,4.30523449,4.9,412.02254,0.408163265,55.862,2,0
2196,SiO2,,199.89,166.4447403,-36.3,HepG2,H,Human,Epithelial,Liver,72,MTT,Tetrazolium Salt,cell metabolic activity,N,N,N,1.9,1.9,0.526315789,1,60.08,2,4.0,-855.36225,348.9,495.89,7.043021,-7.043,-2.143,56,472.8478,3,4.593,2.45,4.30523449,4.9,412.02254,0.408163265,64.138,2,0
2197,SiO2,,199.89,832.2237017,-36.3,HepG2,H,Human,Epithelial,Liver,72,MTT,Tetrazolium Salt,cell metabolic activity,N,N,N,1.9,1.9,0.526315789,1,60.08,2,4.0,-855.36225,348.9,495.89,7.043021,-7.043,-2.143,56,472.8478,3,4.593,2.45,4.30523449,4.9,412.02254,0.408163265,55.172,2,0
2198,SiO2,,199.89,1664.447403,-36.3,HepG2,H,Human,Epithelial,Liver,72,MTT,Tetrazolium Salt,cell metabolic activity,N,N,N,1.9,1.9,0.526315789,1,60.08,2,4.0,-855.36225,348.9,495.89,7.043021,-7.043,-2.143,56,472.8478,3,4.593,2.45,4.30523449,4.9,412.02254,0.408163265,54.023,2,0
2199,SiO2,,199.89,3328.894807,-36.3,HepG2,H,Human,Epithelial,Liver,72,MTT,Tetrazolium Salt,cell metabolic activity,N,N,N,1.9,1.9,0.526315789,1,60.08,2,4.0,-855.36225,348.9,495.89,7.043021,-7.043,-2.143,56,472.8478,3,4.593,2.45,4.30523449,4.9,412.02254,0.408163265,51.264,2,0
2200,SiO2,,199.89,8322.237017,-36.3,HepG2,H,Human,Epithelial,Liver,72,MTT,Tetrazolium Salt,cell metabolic activity,N,N,N,1.9,1.9,0.526315789,1,60.08,2,4.0,-855.36225,348.9,495.89,7.043021,-7.043,-2.143,56,472.8478,3,4.593,2.45,4.30523449,4.9,412.02254,0.408163265,51.034,2,0
2201,SiO2,,120.0,832.2237017,-5.21,A549,H,Human,Epithelial,Lung,96,MTT,Tetrazolium Salt,cell metabolic activity,N,N,N,1.9,1.9,0.526315789,1,60.08,2,4.0,-855.36225,348.9,495.89,7.043021,-7.043,-2.143,56,472.8478,3,4.593,2.45,4.30523449,4.9,412.02254,0.408163265,91.667,2,0
2202,SiO2,,120.0,1664.447403,-5.21,A549,H,Human,Epithelial,Lung,96,MTT,Tetrazolium Salt,cell metabolic activity,N,N,N,1.9,1.9,0.526315789,1,60.08,2,4.0,-855.36225,348.9,495.89,7.043021,-7.043,-2.143,56,472.8478,3,4.593,2.45,4.30523449,4.9,412.02254,0.408163265,91.27,2,0
2203,SiO2,,120.0,3328.894807,-5.21,A549,H,Human,Epithelial,Lung,96,MTT,Tetrazolium Salt,cell metabolic activity,N,N,N,1.9,1.9,0.526315789,1,60.08,2,4.0,-855.36225,348.9,495.89,7.043021,-7.043,-2.143,56,472.8478,3,4.593,2.45,4.30523449,4.9,412.02254,0.408163265,86.111,2,0
2204,SiO2,,120.0,8322.237017,-5.21,A549,H,Human,Epithelial,Lung,96,MTT,Tetrazolium Salt,cell metabolic activity,N,N,N,1.9,1.9,0.526315789,1,60.08,2,4.0,-855.36225,348.9,495.89,7.043021,-7.043,-2.143,56,472.8478,3,4.593,2.45,4.30523449,4.9,412.02254,0.408163265,83.333,2,0
2205,SiO2,COOH,120.0,832.2237017,-28.7,A549,H,Human,Epithelial,Lung,96,MTT,Tetrazolium Salt,cell metabolic activity,N,N,N,1.9,1.9,0.526315789,1,60.08,2,4.0,-855.36225,348.9,495.89,7.043021,-7.043,-2.143,56,472.8478,3,4.593,2.45,4.30523449,4.9,412.02254,0.408163265,89.431,2,0
2206,SiO2,COOH,120.0,1664.447403,-28.7,A549,H,Human,Epithelial,Lung,96,MTT,Tetrazolium Salt,cell metabolic activity,N,N,N,1.9,1.9,0.526315789,1,60.08,2,4.0,-855.36225,348.9,495.89,7.043021,-7.043,-2.143,56,472.8478,3,4.593,2.45,4.30523449,4.9,412.02254,0.408163265,81.707,2,0
2207,SiO2,COOH,120.0,3328.894807,-28.7,A549,H,Human,Epithelial,Lung,96,MTT,Tetrazolium Salt,cell metabolic activity,N,N,N,1.9,1.9,0.526315789,1,60.08,2,4.0,-855.36225,348.9,495.89,7.043021,-7.043,-2.143,56,472.8478,3,4.593,2.45,4.30523449,4.9,412.02254,0.408163265,81.03,2,0
2208,SiO2,COOH,120.0,8322.237017,-28.7,A549,H,Human,Epithelial,Lung,96,MTT,Tetrazolium Salt,cell metabolic activity,N,N,N,1.9,1.9,0.526315789,1,60.08,2,4.0,-855.36225,348.9,495.89,7.043021,-7.043,-2.143,56,472.8478,3,4.593,2.45,4.30523449,4.9,412.02254,0.408163265,84.959,2,0
2209,SiO2,,120.0,832.2237017,-5.21,A2780,H,Human,Epithelial,Ovary,96,MTT,Tetrazolium Salt,cell metabolic activity,N,N,N,1.9,1.9,0.526315789,1,60.08,2,4.0,-855.36225,348.9,495.89,7.043021,-7.043,-2.143,56,472.8478,3,4.593,2.45,4.30523449,4.9,412.02254,0.408163265,81.081,2,0
2210,SiO2,,120.0,1664.447403,-5.21,A2780,H,Human,Epithelial,Ovary,96,MTT,Tetrazolium Salt,cell metabolic activity,N,N,N,1.9,1.9,0.526315789,1,60.08,2,4.0,-855.36225,348.9,495.89,7.043021,-7.043,-2.143,56,472.8478,3,4.593,2.45,4.30523449,4.9,412.02254,0.408163265,83.499,2,0
2211,SiO2,,120.0,3328.894807,-5.21,A2780,H,Human,Epithelial,Ovary,96,MTT,Tetrazolium Salt,cell metabolic activity,N,N,N,1.9,1.9,0.526315789,1,60.08,2,4.0,-855.36225,348.9,495.89,7.043021,-7.043,-2.143,56,472.8478,3,4.593,2.45,4.30523449,4.9,412.02254,0.408163265,84.637,2,0
2212,SiO2,,120.0,8322.237017,-5.21,A2780,H,Human,Epithelial,Ovary,96,MTT,Tetrazolium Salt,cell metabolic activity,N,N,N,1.9,1.9,0.526315789,1,60.08,2,4.0,-855.36225,348.9,495.89,7.043021,-7.043,-2.143,56,472.8478,3,4.593,2.45,4.30523449,4.9,412.02254,0.408163265,82.646,2,0
2213,SiO2,COOH,120.0,832.2237017,-28.7,A2780,H,Human,Epithelial,Ovary,96,MTT,Tetrazolium Salt,cell metabolic activity,N,N,N,1.9,1.9,0.526315789,1,60.08,2,4.0,-855.36225,348.9,495.89,7.043021,-7.043,-2.143,56,472.8478,3,4.593,2.45,4.30523449,4.9,412.02254,0.408163265,90.15,2,0
2214,SiO2,COOH,120.0,1664.447403,-28.7,A2780,H,Human,Epithelial,Ovary,96,MTT,Tetrazolium Salt,cell metabolic activity,N,N,N,1.9,1.9,0.526315789,1,60.08,2,4.0,-855.36225,348.9,495.89,7.043021,-7.043,-2.143,56,472.8478,3,4.593,2.45,4.30523449,4.9,412.02254,0.408163265,89.33,2,0
2215,SiO2,COOH,120.0,3328.894807,-28.7,A2780,H,Human,Epithelial,Ovary,96,MTT,Tetrazolium Salt,cell metabolic activity,N,N,N,1.9,1.9,0.526315789,1,60.08,2,4.0,-855.36225,348.9,495.89,7.043021,-7.043,-2.143,56,472.8478,3,4.593,2.45,4.30523449,4.9,412.02254,0.408163265,85.226,2,0
2216,SiO2,COOH,120.0,8322.237017,-28.7,A2780,H,Human,Epithelial,Ovary,96,MTT,Tetrazolium Salt,cell metabolic activity,N,N,N,1.9,1.9,0.526315789,1,60.08,2,4.0,-855.36225,348.9,495.89,7.043021,-7.043,-2.143,56,472.8478,3,4.593,2.45,4.30523449,4.9,412.02254,0.408163265,82.216,2,0
2217,SiO2,,120.0,832.2237017,-5.21,MCF7,H,Human,Epithelial,Breast,96,MTT,Tetrazolium Salt,cell metabolic activity,N,N,N,1.9,1.9,0.526315789,1,60.08,2,4.0,-855.36225,348.9,495.89,7.043021,-7.043,-2.143,56,472.8478,3,4.593,2.45,4.30523449,4.9,412.02254,0.408163265,88.514,2,0
2218,SiO2,,120.0,1664.447403,-5.21,MCF7,H,Human,Epithelial,Breast,96,MTT,Tetrazolium Salt,cell metabolic activity,N,N,N,1.9,1.9,0.526315789,1,60.08,2,4.0,-855.36225,348.9,495.89,7.043021,-7.043,-2.143,56,472.8478,3,4.593,2.45,4.30523449,4.9,412.02254,0.408163265,86.892,2,0
2219,SiO2,,120.0,3328.894807,-5.21,MCF7,H,Human,Epithelial,Breast,96,MTT,Tetrazolium Salt,cell metabolic activity,N,N,N,1.9,1.9,0.526315789,1,60.08,2,4.0,-855.36225,348.9,495.89,7.043021,-7.043,-2.143,56,472.8478,3,4.593,2.45,4.30523449,4.9,412.02254,0.408163265,83.378,2,0
2220,SiO2,,120.0,8322.237017,-5.21,MCF7,H,Human,Epithelial,Breast,96,MTT,Tetrazolium Salt,cell metabolic activity,N,N,N,1.9,1.9,0.526315789,1,60.08,2,4.0,-855.36225,348.9,495.89,7.043021,-7.043,-2.143,56,472.8478,3,4.593,2.45,4.30523449,4.9,412.02254,0.408163265,82.973,2,0
2221,SiO2,COOH,120.0,832.2237017,-28.7,MCF7,H,Human,Epithelial,Breast,96,MTT,Tetrazolium Salt,cell metabolic activity,N,N,N,1.9,1.9,0.526315789,1,60.08,2,4.0,-855.36225,348.9,495.89,7.043021,-7.043,-2.143,56,472.8478,3,4.593,2.45,4.30523449,4.9,412.02254,0.408163265,96.138,2,0
2222,SiO2,COOH,120.0,1664.447403,-28.7,MCF7,H,Human,Epithelial,Breast,96,MTT,Tetrazolium Salt,cell metabolic activity,N,N,N,1.9,1.9,0.526315789,1,60.08,2,4.0,-855.36225,348.9,495.89,7.043021,-7.043,-2.143,56,472.8478,3,4.593,2.45,4.30523449,4.9,412.02254,0.408163265,90.013,2,0
2223,SiO2,COOH,120.0,3328.894807,-28.7,MCF7,H,Human,Epithelial,Breast,96,MTT,Tetrazolium Salt,cell metabolic activity,N,N,N,1.9,1.9,0.526315789,1,60.08,2,4.0,-855.36225,348.9,495.89,7.043021,-7.043,-2.143,56,472.8478,3,4.593,2.45,4.30523449,4.9,412.02254,0.408163265,90.679,2,0
2224,SiO2,COOH,120.0,8322.237017,-28.7,MCF7,H,Human,Epithelial,Breast,96,MTT,Tetrazolium Salt,cell metabolic activity,N,N,N,1.9,1.9,0.526315789,1,60.08,2,4.0,-855.36225,348.9,495.89,7.043021,-7.043,-2.143,56,472.8478,3,4.593,2.45,4.30523449,4.9,412.02254,0.408163265,82.157,2,0
2225,SiO2,,55.6,166.4447403,-31.7,HeLa,H,Human,Epithelial,Cervix,48,MTT,Tetrazolium Salt,cell metabolic activity,N,N,N,1.9,1.9,0.526315789,1,60.08,2,4.0,-855.36225,348.9,495.89,7.043021,-7.043,-2.143,56,472.8478,3,4.593,2.45,4.30523449,4.9,412.02254,0.408163265,98.63,2,0
2226,SiO2,,55.6,1664.447403,-31.7,HeLa,H,Human,Epithelial,Cervix,48,MTT,Tetrazolium Salt,cell metabolic activity,N,N,N,1.9,1.9,0.526315789,1,60.08,2,4.0,-855.36225,348.9,495.89,7.043021,-7.043,-2.143,56,472.8478,3,4.593,2.45,4.30523449,4.9,412.02254,0.408163265,94.894,2,0
2227,SiO2,,167.8,166.4447403,-31.7,HeLa,H,Human,Epithelial,Cervix,48,MTT,Tetrazolium Salt,cell metabolic activity,N,N,N,1.9,1.9,0.526315789,1,60.08,2,4.0,-855.36225,348.9,495.89,7.043021,-7.043,-2.143,56,472.8478,3,4.593,2.45,4.30523449,4.9,412.02254,0.408163265,95.641,2,0
2228,SiO2,,167.8,1664.447403,-31.7,HeLa,H,Human,Epithelial,Cervix,48,MTT,Tetrazolium Salt,cell metabolic activity,N,N,N,1.9,1.9,0.526315789,1,60.08,2,4.0,-855.36225,348.9,495.89,7.043021,-7.043,-2.143,56,472.8478,3,4.593,2.45,4.30523449,4.9,412.02254,0.408163265,96.887,2,0
2229,SiO2,,307.6,166.4447403,-31.7,HeLa,H,Human,Epithelial,Cervix,48,MTT,Tetrazolium Salt,cell metabolic activity,N,N,N,1.9,1.9,0.526315789,1,60.08,2,4.0,-855.36225,348.9,495.89,7.043021,-7.043,-2.143,56,472.8478,3,4.593,2.45,4.30523449,4.9,412.02254,0.408163265,94.894,2,0
2230,SiO2,,307.6,1664.447403,-31.7,HeLa,H,Human,Epithelial,Cervix,48,MTT,Tetrazolium Salt,cell metabolic activity,N,N,N,1.9,1.9,0.526315789,1,60.08,2,4.0,-855.36225,348.9,495.89,7.043021,-7.043,-2.143,56,472.8478,3,4.593,2.45,4.30523449,4.9,412.02254,0.408163265,94.894,2,0
2231,SiO2,,19.4,133.1557923,-21.77,A549,H,Human,Epithelial,Lung,24,CCK8,Tetrazolium Salt,cell metabolic activity,N,N,N,1.9,1.9,0.526315789,1,60.08,2,4.0,-855.36225,348.9,495.89,7.043021,-7.043,-2.143,56,472.8478,3,4.593,2.45,4.30523449,4.9,412.02254,0.408163265,101.67,2,0
2232,SiO2,,19.4,266.3115846,-21.77,A549,H,Human,Epithelial,Lung,24,CCK8,Tetrazolium Salt,cell metabolic activity,N,N,N,1.9,1.9,0.526315789,1,60.08,2,4.0,-855.36225,348.9,495.89,7.043021,-7.043,-2.143,56,472.8478,3,4.593,2.45,4.30523449,4.9,412.02254,0.408163265,103.04,2,0
2233,SiO2,,19.4,532.6231691,-21.77,A549,H,Human,Epithelial,Lung,24,CCK8,Tetrazolium Salt,cell metabolic activity,N,N,N,1.9,1.9,0.526315789,1,60.08,2,4.0,-855.36225,348.9,495.89,7.043021,-7.043,-2.143,56,472.8478,3,4.593,2.45,4.30523449,4.9,412.02254,0.408163265,103.04,2,0
2234,SiO2,,19.4,1065.246338,-21.77,A549,H,Human,Epithelial,Lung,24,CCK8,Tetrazolium Salt,cell metabolic activity,N,N,N,1.9,1.9,0.526315789,1,60.08,2,4.0,-855.36225,348.9,495.89,7.043021,-7.043,-2.143,56,472.8478,3,4.593,2.45,4.30523449,4.9,412.02254,0.408163265,104.41,2,0
2235,SiO2,,19.4,2130.492676,-21.77,A549,H,Human,Epithelial,Lung,24,CCK8,Tetrazolium Salt,cell metabolic activity,N,N,N,1.9,1.9,0.526315789,1,60.08,2,4.0,-855.36225,348.9,495.89,7.043021,-7.043,-2.143,56,472.8478,3,4.593,2.45,4.30523449,4.9,412.02254,0.408163265,101.67,2,0
2236,SiO2,,19.4,4260.985353,-21.77,A549,H,Human,Epithelial,Lung,24,CCK8,Tetrazolium Salt,cell metabolic activity,N,N,N,1.9,1.9,0.526315789,1,60.08,2,4.0,-855.36225,348.9,495.89,7.043021,-7.043,-2.143,56,472.8478,3,4.593,2.45,4.30523449,4.9,412.02254,0.408163265,79.62,2,0
2237,SiO2,DPPC,19.4,133.1557923,-13.5,A549,H,Human,Epithelial,Lung,24,CCK8,Tetrazolium Salt,cell metabolic activity,N,N,N,1.9,1.9,0.526315789,1,60.08,2,4.0,-855.36225,348.9,495.89,7.043021,-7.043,-2.143,56,472.8478,3,4.593,2.45,4.30523449,4.9,412.02254,0.408163265,98.928,2,0
2238,SiO2,DPPC,19.4,266.3115846,-13.5,A549,H,Human,Epithelial,Lung,24,CCK8,Tetrazolium Salt,cell metabolic activity,N,N,N,1.9,1.9,0.526315789,1,60.08,2,4.0,-855.36225,348.9,495.89,7.043021,-7.043,-2.143,56,472.8478,3,4.593,2.45,4.30523449,4.9,412.02254,0.408163265,98.622,2,0
2239,SiO2,DPPC,19.4,532.6231691,-13.5,A549,H,Human,Epithelial,Lung,24,CCK8,Tetrazolium Salt,cell metabolic activity,N,N,N,1.9,1.9,0.526315789,1,60.08,2,4.0,-855.36225,348.9,495.89,7.043021,-7.043,-2.143,56,472.8478,3,4.593,2.45,4.30523449,4.9,412.02254,0.408163265,97.243,2,0
2240,SiO2,DPPC,19.4,1065.246338,-13.5,A549,H,Human,Epithelial,Lung,24,CCK8,Tetrazolium Salt,cell metabolic activity,N,N,N,1.9,1.9,0.526315789,1,60.08,2,4.0,-855.36225,348.9,495.89,7.043021,-7.043,-2.143,56,472.8478,3,4.593,2.45,4.30523449,4.9,412.02254,0.408163265,98.315,2,0
2241,SiO2,DPPC,19.4,2130.492676,-13.5,A549,H,Human,Epithelial,Lung,24,CCK8,Tetrazolium Salt,cell metabolic activity,N,N,N,1.9,1.9,0.526315789,1,60.08,2,4.0,-855.36225,348.9,495.89,7.043021,-7.043,-2.143,56,472.8478,3,4.593,2.45,4.30523449,4.9,412.02254,0.408163265,98.622,2,0
2242,SiO2,,19.1,166.4447403,-36.74,THP1,H,Human,Monocyte,Blood,24,MTT,Tetrazolium Salt,cell metabolic activity,N,N,N,1.9,1.9,0.526315789,1,60.08,2,4.0,-855.36225,348.9,495.89,7.043021,-7.043,-2.143,56,472.8478,3,4.593,2.45,4.30523449,4.9,412.02254,0.408163265,92.573,2,0
2243,SiO2,,19.1,832.2237017,-36.74,THP1,H,Human,Monocyte,Blood,24,MTT,Tetrazolium Salt,cell metabolic activity,N,N,N,1.9,1.9,0.526315789,1,60.08,2,4.0,-855.36225,348.9,495.89,7.043021,-7.043,-2.143,56,472.8478,3,4.593,2.45,4.30523449,4.9,412.02254,0.408163265,71.33,2,0
2244,SiO2,,19.1,1664.447403,-36.74,THP1,H,Human,Monocyte,Blood,24,MTT,Tetrazolium Salt,cell metabolic activity,N,N,N,1.9,1.9,0.526315789,1,60.08,2,4.0,-855.36225,348.9,495.89,7.043021,-7.043,-2.143,56,472.8478,3,4.593,2.45,4.30523449,4.9,412.02254,0.408163265,47.323,1,1
2245,SiO2,,19.1,2496.671105,-36.74,THP1,H,Human,Monocyte,Blood,24,MTT,Tetrazolium Salt,cell metabolic activity,N,N,N,1.9,1.9,0.526315789,1,60.08,2,4.0,-855.36225,348.9,495.89,7.043021,-7.043,-2.143,56,472.8478,3,4.593,2.45,4.30523449,4.9,412.02254,0.408163265,30.225,1,1
2246,SiO2,,19.1,3328.894807,-36.74,THP1,H,Human,Monocyte,Blood,24,MTT,Tetrazolium Salt,cell metabolic activity,N,N,N,1.9,1.9,0.526315789,1,60.08,2,4.0,-855.36225,348.9,495.89,7.043021,-7.043,-2.143,56,472.8478,3,4.593,2.45,4.30523449,4.9,412.02254,0.408163265,23.143,1,1
2247,SiO2,,19.1,4161.118509,-36.74,THP1,H,Human,Monocyte,Blood,24,MTT,Tetrazolium Salt,cell metabolic activity,N,N,N,1.9,1.9,0.526315789,1,60.08,2,4.0,-855.36225,348.9,495.89,7.043021,-7.043,-2.143,56,472.8478,3,4.593,2.45,4.30523449,4.9,412.02254,0.408163265,12.781,1,1
2248,SiO2,,12.0,3328.894807,-9.9,RAW264.7,A,Mouse,Monocyte/Macrophage,Ascites,24,CCK8,Tetrazolium Salt,cell metabolic activity,N,N,N,1.9,1.9,0.526315789,1,60.08,2,4.0,-855.36225,348.9,495.89,7.043021,-7.043,-2.143,56,472.8478,3,4.593,2.45,4.30523449,4.9,412.02254,0.408163265,26.061,1,1
2249,SiO2,,12.0,6657.789614,-9.9,RAW264.7,A,Mouse,Monocyte/Macrophage,Ascites,24,CCK8,Tetrazolium Salt,cell metabolic activity,N,N,N,1.9,1.9,0.526315789,1,60.08,2,4.0,-855.36225,348.9,495.89,7.043021,-7.043,-2.143,56,472.8478,3,4.593,2.45,4.30523449,4.9,412.02254,0.408163265,24.89,1,1
2250,SiO2,,9.0,83.22237017,-26.96,RAW264.7,A,Mouse,Monocyte/Macrophage,Ascites,48,Live/Dead,Trypan Blue,cell membrane integrity,N,N,N,1.9,1.9,0.273224044,1,60.08,2,4.0,-1243.5544,408.48,633.93,10.715248,-10.715,-4.819,128,1165.8436,2,7.767,2.948,10.23173151,5.896,52.909352,0.339213026,89.744,2,0
2251,SiO2,,9.0,166.4447403,-26.96,RAW264.7,A,Mouse,Monocyte/Macrophage,Ascites,48,Live/Dead,Trypan Blue,cell membrane integrity,N,N,N,1.9,1.9,0.273224044,1,60.08,2,4.0,-1243.5544,408.48,633.93,10.715248,-10.715,-4.819,128,1165.8436,2,7.767,2.948,10.23173151,5.896,52.909352,0.339213026,85.755,2,0
2252,SiO2,,9.0,1664.447403,-26.96,RAW264.7,A,Mouse,Monocyte/Macrophage,Ascites,48,Live/Dead,Trypan Blue,cell membrane integrity,N,N,N,1.9,1.9,0.273224044,1,60.08,2,4.0,-1243.5544,408.48,633.93,10.715248,-10.715,-4.819,128,1165.8436,2,7.767,2.948,10.23173151,5.896,52.909352,0.339213026,7.9772,1,1
2253,SiO2,,9.0,16644.47403,-26.96,RAW264.7,A,Mouse,Monocyte/Macrophage,Ascites,48,Live/Dead,Trypan Blue,cell membrane integrity,N,N,N,1.9,1.9,0.273224044,1,60.08,2,4.0,-1243.5544,408.48,633.93,10.715248,-10.715,-4.819,128,1165.8436,2,7.767,2.948,10.23173151,5.896,52.909352,0.339213026,9.6866,1,1
2254,SiO2,,280.0,83.22237017,-73.8,RAW264.7,A,Mouse,Monocyte/Macrophage,Ascites,48,Live/Dead,Trypan Blue,cell membrane integrity,N,N,N,1.9,1.9,0.273224044,1,60.08,2,4.0,-1243.5544,408.48,633.93,10.715248,-10.715,-4.819,128,1165.8436,2,7.767,2.948,10.23173151,5.896,52.909352,0.339213026,100.28,2,0
2255,SiO2,,280.0,166.4447403,-73.8,RAW264.7,A,Mouse,Monocyte/Macrophage,Ascites,48,Live/Dead,Trypan Blue,cell membrane integrity,N,N,N,1.9,1.9,0.273224044,1,60.08,2,4.0,-1243.5544,408.48,633.93,10.715248,-10.715,-4.819,128,1165.8436,2,7.767,2.948,10.23173151,5.896,52.909352,0.339213026,89.744,2,0
2256,SiO2,,280.0,1664.447403,-73.8,RAW264.7,A,Mouse,Monocyte/Macrophage,Ascites,48,Live/Dead,Trypan Blue,cell membrane integrity,N,N,N,1.9,1.9,0.273224044,1,60.08,2,4.0,-1243.5544,408.48,633.93,10.715248,-10.715,-4.819,128,1165.8436,2,7.767,2.948,10.23173151,5.896,52.909352,0.339213026,25.926,1,1
2257,SiO2,,280.0,16644.47403,-73.8,RAW264.7,A,Mouse,Monocyte/Macrophage,Ascites,48,Live/Dead,Trypan Blue,cell membrane integrity,N,N,N,1.9,1.9,0.273224044,1,60.08,2,4.0,-1243.5544,408.48,633.93,10.715248,-10.715,-4.819,128,1165.8436,2,7.767,2.948,10.23173151,5.896,52.909352,0.339213026,23.077,1,1
2258,SiO2,,9.0,83.22237017,-26.96,RAW264.7,A,Mouse,Monocyte/Macrophage,Ascites,48,Live/Dead,Trypan Blue,cell membrane integrity,N,N,N,1.9,1.9,0.273224044,1,60.08,2,4.0,-1243.5544,408.48,633.93,10.715248,-10.715,-4.819,128,1165.8436,2,7.767,2.948,10.23173151,5.896,52.909352,0.339213026,86.005,2,0
2259,SiO2,,9.0,166.4447403,-26.96,RAW264.7,A,Mouse,Monocyte/Macrophage,Ascites,48,Live/Dead,Trypan Blue,cell membrane integrity,N,N,N,1.9,1.9,0.273224044,1,60.08,2,4.0,-1243.5544,408.48,633.93,10.715248,-10.715,-4.819,128,1165.8436,2,7.767,2.948,10.23173151,5.896,52.909352,0.339213026,84.224,2,0
2260,SiO2,,9.0,1664.447403,-26.96,RAW264.7,A,Mouse,Monocyte/Macrophage,Ascites,48,Live/Dead,Trypan Blue,cell membrane integrity,N,N,N,1.9,1.9,0.273224044,1,60.08,2,4.0,-1243.5544,408.48,633.93,10.715248,-10.715,-4.819,128,1165.8436,2,7.767,2.948,10.23173151,5.896,52.909352,0.339213026,14.249,1,1
2261,SiO2,,9.0,16644.47403,-26.96,RAW264.7,A,Mouse,Monocyte/Macrophage,Ascites,48,Live/Dead,Trypan Blue,cell membrane integrity,N,N,N,1.9,1.9,0.273224044,1,60.08,2,4.0,-1243.5544,408.48,633.93,10.715248,-10.715,-4.819,128,1165.8436,2,7.767,2.948,10.23173151,5.896,52.909352,0.339213026,7.888,1,1
2262,SiO2,,280.0,83.22237017,-73.8,RAW264.7,A,Mouse,Monocyte/Macrophage,Ascites,48,Live/Dead,Trypan Blue,cell membrane integrity,N,N,N,1.9,1.9,0.273224044,1,60.08,2,4.0,-1243.5544,408.48,633.93,10.715248,-10.715,-4.819,128,1165.8436,2,7.767,2.948,10.23173151,5.896,52.909352,0.339213026,98.982,2,0
2263,SiO2,,280.0,166.4447403,-73.8,RAW264.7,A,Mouse,Monocyte/Macrophage,Ascites,48,Live/Dead,Trypan Blue,cell membrane integrity,N,N,N,1.9,1.9,0.273224044,1,60.08,2,4.0,-1243.5544,408.48,633.93,10.715248,-10.715,-4.819,128,1165.8436,2,7.767,2.948,10.23173151,5.896,52.909352,0.339213026,82.952,2,0
2264,SiO2,,280.0,1664.447403,-73.8,RAW264.7,A,Mouse,Monocyte/Macrophage,Ascites,48,Live/Dead,Trypan Blue,cell membrane integrity,N,N,N,1.9,1.9,0.273224044,1,60.08,2,4.0,-1243.5544,408.48,633.93,10.715248,-10.715,-4.819,128,1165.8436,2,7.767,2.948,10.23173151,5.896,52.909352,0.339213026,27.481,1,1
2265,SiO2,,280.0,16644.47403,-73.8,RAW264.7,A,Mouse,Monocyte/Macrophage,Ascites,48,Live/Dead,Trypan Blue,cell membrane integrity,N,N,N,1.9,1.9,0.273224044,1,60.08,2,4.0,-1243.5544,408.48,633.93,10.715248,-10.715,-4.819,128,1165.8436,2,7.767,2.948,10.23173151,5.896,52.909352,0.339213026,10.941,1,1
2266,Ti,,35.0,1.66e-15,-36.74,RAW264.7,A,Mouse,Monocyte/Macrophage,Blood,24,Alamar blue,Alamar Blue,cell metabolic activity,N,N,N,1.54,1.54,0.0,1,47.9,0,0.0,1274.31384,543.4,1045.94,7.872196,-7.872,-5.899,44,1053.8,8,6.8855,0.9865,24.02945274,1.973,691.865878,1.013684744,95.34737,2,0
2267,Ti,,35.0,1.66e-15,-36.74,RAW264.7,A,Mouse,Monocyte/Macrophage,Blood,96,Alamar blue,Alamar Blue,cell metabolic activity,N,N,N,1.54,1.54,0.0,1,47.9,0,0.0,1274.31384,543.4,1045.94,7.872196,-7.872,-5.899,44,1053.8,8,6.8855,0.9865,24.02945274,1.973,691.865878,1.013684744,91.82195,2,0
2268,Ti,,35.0,1.66e-20,-27.0,RAW264.7,A,Mouse,Monocyte/Macrophage,Blood,24,Live/Dead,Trypan Blue,cell membrane integrity,N,N,N,1.54,1.54,0.0,1,47.9,0,0.0,-1243.5544,408.48,633.93,10.715248,-10.715,-4.819,128,1165.8436,2,7.767,2.948,10.23173151,5.896,52.909352,0.339213026,85.55193,2,0
2269,Ti,,35.0,1.66e-19,-27.0,RAW264.7,A,Mouse,Monocyte/Macrophage,Blood,24,Live/Dead,Trypan Blue,cell membrane integrity,N,N,N,1.54,1.54,0.0,1,47.9,0,0.0,-1243.5544,408.48,633.93,10.715248,-10.715,-4.819,128,1165.8436,2,7.767,2.948,10.23173151,5.896,52.909352,0.339213026,86.515785,2,0
2270,Ti,,35.0,1.66e-18,-27.0,RAW264.7,A,Mouse,Monocyte/Macrophage,Blood,24,Live/Dead,Trypan Blue,cell membrane integrity,N,N,N,1.54,1.54,0.0,1,47.9,0,0.0,-1243.5544,408.48,633.93,10.715248,-10.715,-4.819,128,1165.8436,2,7.767,2.948,10.23173151,5.896,52.909352,0.339213026,84.39386,2,0
2271,Ti,,35.0,1.66e-17,-27.0,RAW264.7,A,Mouse,Monocyte/Macrophage,Blood,24,Live/Dead,Trypan Blue,cell membrane integrity,N,N,N,1.54,1.54,0.0,1,47.9,0,0.0,-1243.5544,408.48,633.93,10.715248,-10.715,-4.819,128,1165.8436,2,7.767,2.948,10.23173151,5.896,52.909352,0.339213026,84.74174,2,0
2272,Ti,,35.0,1.66e-16,-27.0,RAW264.7,A,Mouse,Monocyte/Macrophage,Blood,24,Live/Dead,Trypan Blue,cell membrane integrity,N,N,N,1.54,1.54,0.0,1,47.9,0,0.0,-1243.5544,408.48,633.93,10.715248,-10.715,-4.819,128,1165.8436,2,7.767,2.948,10.23173151,5.896,52.909352,0.339213026,89.71928,2,0
2273,Ti,,35.0,1.66e-15,-27.0,RAW264.7,A,Mouse,Monocyte/Macrophage,Blood,24,Live/Dead,Trypan Blue,cell membrane integrity,N,N,N,1.54,1.54,0.0,1,47.9,0,0.0,-1243.5544,408.48,633.93,10.715248,-10.715,-4.819,128,1165.8436,2,7.767,2.948,10.23173151,5.896,52.909352,0.339213026,97.473305,2,0
2274,Ti,,35.0,1.66e-14,-27.0,RAW264.7,A,Mouse,Monocyte/Macrophage,Blood,24,Live/Dead,Trypan Blue,cell membrane integrity,N,N,N,1.54,1.54,0.0,1,47.9,0,0.0,-1243.5544,408.48,633.93,10.715248,-10.715,-4.819,128,1165.8436,2,7.767,2.948,10.23173151,5.896,52.909352,0.339213026,108.93171,2,0
2275,Ti,,35.0,1.66e-20,-27.0,RAW264.7,A,Mouse,Monocyte/Macrophage,Blood,96,Live/Dead,Trypan Blue,cell membrane integrity,N,N,N,1.54,1.54,0.0,1,47.9,0,0.0,-1243.5544,408.48,633.93,10.715248,-10.715,-4.819,128,1165.8436,2,7.767,2.948,10.23173151,5.896,52.909352,0.339213026,91.81586,2,0
2276,Ti,,35.0,1.66e-19,-27.0,RAW264.7,A,Mouse,Monocyte/Macrophage,Blood,96,Live/Dead,Trypan Blue,cell membrane integrity,N,N,N,1.54,1.54,0.0,1,47.9,0,0.0,-1243.5544,408.48,633.93,10.715248,-10.715,-4.819,128,1165.8436,2,7.767,2.948,10.23173151,5.896,52.909352,0.339213026,81.329926,2,0
2277,Ti,,35.0,1.66e-18,-27.0,RAW264.7,A,Mouse,Monocyte/Macrophage,Blood,96,Live/Dead,Trypan Blue,cell membrane integrity,N,N,N,1.54,1.54,0.0,1,47.9,0,0.0,-1243.5544,408.48,633.93,10.715248,-10.715,-4.819,128,1165.8436,2,7.767,2.948,10.23173151,5.896,52.909352,0.339213026,79.53964,2,0
2278,Ti,,35.0,1.66e-17,-27.0,RAW264.7,A,Mouse,Monocyte/Macrophage,Blood,96,Live/Dead,Trypan Blue,cell membrane integrity,N,N,N,1.54,1.54,0.0,1,47.9,0,0.0,-1243.5544,408.48,633.93,10.715248,-10.715,-4.819,128,1165.8436,2,7.767,2.948,10.23173151,5.896,52.909352,0.339213026,81.84143,2,0
2279,Ti,,35.0,1.66e-16,-27.0,RAW264.7,A,Mouse,Monocyte/Macrophage,Blood,96,Live/Dead,Trypan Blue,cell membrane integrity,N,N,N,1.54,1.54,0.0,1,47.9,0,0.0,-1243.5544,408.48,633.93,10.715248,-10.715,-4.819,128,1165.8436,2,7.767,2.948,10.23173151,5.896,52.909352,0.339213026,82.35294,2,0
2280,Ti,,35.0,1.66e-15,-27.0,RAW264.7,A,Mouse,Monocyte/Macrophage,Blood,96,Live/Dead,Trypan Blue,cell membrane integrity,N,N,N,1.54,1.54,0.0,1,47.9,0,0.0,-1243.5544,408.48,633.93,10.715248,-10.715,-4.819,128,1165.8436,2,7.767,2.948,10.23173151,5.896,52.909352,0.339213026,85.9335,2,0
2281,Ti,,35.0,1.66e-14,-27.0,RAW264.7,A,Mouse,Monocyte/Macrophage,Blood,96,Live/Dead,Trypan Blue,cell membrane integrity,N,N,N,1.54,1.54,0.0,1,47.9,0,0.0,-1243.5544,408.48,633.93,10.715248,-10.715,-4.819,128,1165.8436,2,7.767,2.948,10.23173151,5.896,52.909352,0.339213026,91.81586,2,0
2282,TiO2,,124.9,3.08e-09,-17.6,A431,H,Human,Epithelial,Skin,6,MTT,Tetrazolium Salt,cell metabolic activity,N,Y,N,1.54,1.54,0.649350649,1,79.86,2,4.0,-1395.23559,502.72,681.67,10.088616,-10.089,-3.015,108,911.082,2,6.552,3.537,6.068519084,7.074,277.174898,0.282725474,99.68254,2,0
2283,TiO2,,124.9,3.08e-09,-17.6,A431,H,Human,Epithelial,Skin,24,MTT,Tetrazolium Salt,cell metabolic activity,N,Y,N,1.54,1.54,0.649350649,1,79.86,2,4.0,-1395.23559,502.72,681.67,10.088616,-10.089,-3.015,108,911.082,2,6.552,3.537,6.068519084,7.074,277.174898,0.282725474,97.77778,2,0
2284,TiO2,,124.9,3.08e-09,-17.6,A431,H,Human,Epithelial,Skin,48,MTT,Tetrazolium Salt,cell metabolic activity,N,Y,N,1.54,1.54,0.649350649,1,79.86,2,4.0,-1395.23559,502.72,681.67,10.088616,-10.089,-3.015,108,911.082,2,6.552,3.537,6.068519084,7.074,277.174898,0.282725474,97.14286,2,0
2285,TiO2,,124.9,3.08e-08,-17.6,A431,H,Human,Epithelial,Skin,6,MTT,Tetrazolium Salt,cell metabolic activity,N,Y,N,1.54,1.54,0.649350649,1,79.86,2,4.0,-1395.23559,502.72,681.67,10.088616,-10.089,-3.015,108,911.082,2,6.552,3.537,6.068519084,7.074,277.174898,0.282725474,98.4127,2,0
2286,TiO2,,124.9,3.08e-08,-17.6,A431,H,Human,Epithelial,Skin,24,MTT,Tetrazolium Salt,cell metabolic activity,N,Y,N,1.54,1.54,0.649350649,1,79.86,2,4.0,-1395.23559,502.72,681.67,10.088616,-10.089,-3.015,108,911.082,2,6.552,3.537,6.068519084,7.074,277.174898,0.282725474,99.68254,2,0
2287,TiO2,,124.9,3.08e-08,-17.6,A431,H,Human,Epithelial,Skin,48,MTT,Tetrazolium Salt,cell metabolic activity,N,Y,N,1.54,1.54,0.649350649,1,79.86,2,4.0,-1395.23559,502.72,681.67,10.088616,-10.089,-3.015,108,911.082,2,6.552,3.537,6.068519084,7.074,277.174898,0.282725474,95.87302,2,0
2288,TiO2,,124.9,3.08e-07,-17.6,A431,H,Human,Epithelial,Skin,6,MTT,Tetrazolium Salt,cell metabolic activity,N,Y,N,1.54,1.54,0.649350649,1,79.86,2,4.0,-1395.23559,502.72,681.67,10.088616,-10.089,-3.015,108,911.082,2,6.552,3.537,6.068519084,7.074,277.174898,0.282725474,97.14286,2,0
2289,TiO2,,124.9,3.08e-07,-17.6,A431,H,Human,Epithelial,Skin,24,MTT,Tetrazolium Salt,cell metabolic activity,N,Y,N,1.54,1.54,0.649350649,1,79.86,2,4.0,-1395.23559,502.72,681.67,10.088616,-10.089,-3.015,108,911.082,2,6.552,3.537,6.068519084,7.074,277.174898,0.282725474,88.25397,2,0
2290,TiO2,,124.9,3.08e-07,-17.6,A431,H,Human,Epithelial,Skin,48,MTT,Tetrazolium Salt,cell metabolic activity,N,Y,N,1.54,1.54,0.649350649,1,79.86,2,4.0,-1395.23559,502.72,681.67,10.088616,-10.089,-3.015,108,911.082,2,6.552,3.537,6.068519084,7.074,277.174898,0.282725474,85.71429,2,0
2291,TiO2,,124.9,3.08e-06,-17.6,A431,H,Human,Epithelial,Skin,6,MTT,Tetrazolium Salt,cell metabolic activity,N,Y,N,1.54,1.54,0.649350649,1,79.86,2,4.0,-1395.23559,502.72,681.67,10.088616,-10.089,-3.015,108,911.082,2,6.552,3.537,6.068519084,7.074,277.174898,0.282725474,95.2381,2,0
2292,TiO2,,124.9,3.08e-06,-17.6,A431,H,Human,Epithelial,Skin,24,MTT,Tetrazolium Salt,cell metabolic activity,N,Y,N,1.54,1.54,0.649350649,1,79.86,2,4.0,-1395.23559,502.72,681.67,10.088616,-10.089,-3.015,108,911.082,2,6.552,3.537,6.068519084,7.074,277.174898,0.282725474,83.809525,2,0
2293,TiO2,,124.9,3.08e-06,-17.6,A431,H,Human,Epithelial,Skin,48,MTT,Tetrazolium Salt,cell metabolic activity,N,Y,N,1.54,1.54,0.649350649,1,79.86,2,4.0,-1395.23559,502.72,681.67,10.088616,-10.089,-3.015,108,911.082,2,6.552,3.537,6.068519084,7.074,277.174898,0.282725474,73.650795,2,0
2294,TiO2,,124.9,3.08e-05,-17.6,A431,H,Human,Epithelial,Skin,6,MTT,Tetrazolium Salt,cell metabolic activity,N,Y,N,1.54,1.54,0.649350649,1,79.86,2,4.0,-1395.23559,502.72,681.67,10.088616,-10.089,-3.015,108,911.082,2,6.552,3.537,6.068519084,7.074,277.174898,0.282725474,92.69841,2,0
2295,TiO2,,124.9,3.08e-05,-17.6,A431,H,Human,Epithelial,Skin,24,MTT,Tetrazolium Salt,cell metabolic activity,N,Y,N,1.54,1.54,0.649350649,1,79.86,2,4.0,-1395.23559,502.72,681.67,10.088616,-10.089,-3.015,108,911.082,2,6.552,3.537,6.068519084,7.074,277.174898,0.282725474,80.63492,2,0
2296,TiO2,,124.9,3.08e-05,-17.6,A431,H,Human,Epithelial,Skin,48,MTT,Tetrazolium Salt,cell metabolic activity,N,Y,N,1.54,1.54,0.649350649,1,79.86,2,4.0,-1395.23559,502.72,681.67,10.088616,-10.089,-3.015,108,911.082,2,6.552,3.537,6.068519084,7.074,277.174898,0.282725474,67.93651,2,0
2297,TiO2,,124.9,3.08e-09,-17.6,A431,H,Human,Epithelial,Skin,6,NR,toluylene red,lysosomal uptake,N,Y,N,1.54,1.54,0.649350649,1,79.86,2,4.0,-1395.23559,502.72,681.67,10.088616,-10.089,-3.015,108,911.082,2,6.552,3.537,6.068519084,7.074,277.174898,0.282725474,98.57143,2,0
2298,TiO2,,124.9,3.08e-09,-17.6,A431,H,Human,Epithelial,Skin,24,NR,toluylene red,lysosomal uptake,N,Y,N,1.54,1.54,0.649350649,1,79.86,2,4.0,-1395.23559,502.72,681.67,10.088616,-10.089,-3.015,108,911.082,2,6.552,3.537,6.068519084,7.074,277.174898,0.282725474,98.57143,2,0
2299,TiO2,,124.9,3.08e-09,-17.6,A431,H,Human,Epithelial,Skin,48,NR,toluylene red,lysosomal uptake,N,Y,N,1.54,1.54,0.649350649,1,79.86,2,4.0,-1395.23559,502.72,681.67,10.088616,-10.089,-3.015,108,911.082,2,6.552,3.537,6.068519084,7.074,277.174898,0.282725474,97.85714,2,0
2300,TiO2,,124.9,3.08e-08,-17.6,A431,H,Human,Epithelial,Skin,6,NR,toluylene red,lysosomal uptake,N,Y,N,1.54,1.54,0.649350649,1,79.86,2,4.0,-1395.23559,502.72,681.67,10.088616,-10.089,-3.015,108,911.082,2,6.552,3.537,6.068519084,7.074,277.174898,0.282725474,100.0,2,0
2301,TiO2,,124.9,3.08e-08,-17.6,A431,H,Human,Epithelial,Skin,24,NR,toluylene red,lysosomal uptake,N,Y,N,1.54,1.54,0.649350649,1,79.86,2,4.0,-1395.23559,502.72,681.67,10.088616,-10.089,-3.015,108,911.082,2,6.552,3.537,6.068519084,7.074,277.174898,0.282725474,94.28571,2,0
2302,TiO2,,124.9,3.08e-08,-17.6,A431,H,Human,Epithelial,Skin,48,NR,toluylene red,lysosomal uptake,N,Y,N,1.54,1.54,0.649350649,1,79.86,2,4.0,-1395.23559,502.72,681.67,10.088616,-10.089,-3.015,108,911.082,2,6.552,3.537,6.068519084,7.074,277.174898,0.282725474,92.85714,2,0
2303,TiO2,,124.9,3.08e-07,-17.6,A431,H,Human,Epithelial,Skin,6,NR,toluylene red,lysosomal uptake,N,Y,N,1.54,1.54,0.649350649,1,79.86,2,4.0,-1395.23559,502.72,681.67,10.088616,-10.089,-3.015,108,911.082,2,6.552,3.537,6.068519084,7.074,277.174898,0.282725474,92.14286,2,0
2304,TiO2,,124.9,3.08e-07,-17.6,A431,H,Human,Epithelial,Skin,24,NR,toluylene red,lysosomal uptake,N,Y,N,1.54,1.54,0.649350649,1,79.86,2,4.0,-1395.23559,502.72,681.67,10.088616,-10.089,-3.015,108,911.082,2,6.552,3.537,6.068519084,7.074,277.174898,0.282725474,87.85714,2,0
2305,TiO2,,124.9,3.08e-07,-17.6,A431,H,Human,Epithelial,Skin,48,NR,toluylene red,lysosomal uptake,N,Y,N,1.54,1.54,0.649350649,1,79.86,2,4.0,-1395.23559,502.72,681.67,10.088616,-10.089,-3.015,108,911.082,2,6.552,3.537,6.068519084,7.074,277.174898,0.282725474,85.71429,2,0
2306,TiO2,,124.9,3.08e-06,-17.6,A431,H,Human,Epithelial,Skin,6,NR,toluylene red,lysosomal uptake,N,Y,N,1.54,1.54,0.649350649,1,79.86,2,4.0,-1395.23559,502.72,681.67,10.088616,-10.089,-3.015,108,911.082,2,6.552,3.537,6.068519084,7.074,277.174898,0.282725474,91.42857,2,0
2307,TiO2,,124.9,3.08e-06,-17.6,A431,H,Human,Epithelial,Skin,24,NR,toluylene red,lysosomal uptake,N,Y,N,1.54,1.54,0.649350649,1,79.86,2,4.0,-1395.23559,502.72,681.67,10.088616,-10.089,-3.015,108,911.082,2,6.552,3.537,6.068519084,7.074,277.174898,0.282725474,85.71429,2,0
2308,TiO2,,124.9,3.08e-06,-17.6,A431,H,Human,Epithelial,Skin,48,NR,toluylene red,lysosomal uptake,N,Y,N,1.54,1.54,0.649350649,1,79.86,2,4.0,-1395.23559,502.72,681.67,10.088616,-10.089,-3.015,108,911.082,2,6.552,3.537,6.068519084,7.074,277.174898,0.282725474,75.0,2,0
2309,TiO2,,124.9,3.08e-05,-17.6,A431,H,Human,Epithelial,Skin,6,NR,toluylene red,lysosomal uptake,N,Y,N,1.54,1.54,0.649350649,1,79.86,2,4.0,-1395.23559,502.72,681.67,10.088616,-10.089,-3.015,108,911.082,2,6.552,3.537,6.068519084,7.074,277.174898,0.282725474,92.14286,2,0
2310,TiO2,,124.9,3.08e-05,-17.6,A431,H,Human,Epithelial,Skin,24,NR,toluylene red,lysosomal uptake,N,Y,N,1.54,1.54,0.649350649,1,79.86,2,4.0,-1395.23559,502.72,681.67,10.088616,-10.089,-3.015,108,911.082,2,6.552,3.537,6.068519084,7.074,277.174898,0.282725474,77.85714,2,0
2311,TiO2,,124.9,3.08e-05,-17.6,A431,H,Human,Epithelial,Skin,48,NR,toluylene red,lysosomal uptake,N,Y,N,1.54,1.54,0.649350649,1,79.86,2,4.0,-1395.23559,502.72,681.67,10.088616,-10.089,-3.015,108,911.082,2,6.552,3.537,6.068519084,7.074,277.174898,0.282725474,65.0,2,0
2312,TiO2,,50.0,9e-06,-51.9,RAW264.7,A,Mouse,Monocyte/Macrophage,Blood,24,WST1,Tetrazolium Salt,cell metabolic activity,Y,N,Y,1.54,1.54,0.649350649,1,79.86,2,4.0,-1395.23559,502.72,681.67,10.088616,-10.089,-3.015,108,911.082,2,6.552,3.537,6.068519084,7.074,277.174898,0.282725474,96.41419,2,0
2313,TiO2,,50.0,4.5e-05,-51.9,RAW264.7,A,Mouse,Monocyte/Macrophage,Blood,24,WST1,Tetrazolium Salt,cell metabolic activity,Y,N,Y,1.54,1.54,0.649350649,1,79.86,2,4.0,-1395.23559,502.72,681.67,10.088616,-10.089,-3.015,108,911.082,2,6.552,3.537,6.068519084,7.074,277.174898,0.282725474,114.31714,2,0
2314,TiO2,,50.0,9e-05,-51.9,RAW264.7,A,Mouse,Monocyte/Macrophage,Blood,24,WST1,Tetrazolium Salt,cell metabolic activity,Y,N,Y,1.54,1.54,0.649350649,1,79.86,2,4.0,-1395.23559,502.72,681.67,10.088616,-10.089,-3.015,108,911.082,2,6.552,3.537,6.068519084,7.074,277.174898,0.282725474,115.23663,2,0
2315,TiO2,,50.0,0.000359875,-51.9,RAW264.7,A,Mouse,Monocyte/Macrophage,Blood,24,WST1,Tetrazolium Salt,cell metabolic activity,Y,N,Y,1.54,1.54,0.649350649,1,79.86,2,4.0,-1395.23559,502.72,681.67,10.088616,-10.089,-3.015,108,911.082,2,6.552,3.537,6.068519084,7.074,277.174898,0.282725474,142.5758,2,0
2316,TiO2,,50.0,0.00071975,-51.9,RAW264.7,A,Mouse,Monocyte/Macrophage,Blood,24,WST1,Tetrazolium Salt,cell metabolic activity,Y,N,Y,1.54,1.54,0.649350649,1,79.86,2,4.0,-1395.23559,502.72,681.67,10.088616,-10.089,-3.015,108,911.082,2,6.552,3.537,6.068519084,7.074,277.174898,0.282725474,169.91061,2,0
2317,TiO2,,50.0,9e-06,-51.9,RAW264.7,A,Mouse,Monocyte/Macrophage,Blood,24,LDH,LDH activity assay kit,LDH leakage,Y,N,Y,1.54,1.54,0.649350649,1,79.86,2,4.0,-1395.23559,502.72,681.67,10.088616,-10.089,-3.015,108,911.082,2,6.552,3.537,6.068519084,7.074,277.174898,0.282725474,23.414427,1,1
2318,TiO2,,50.0,4.5e-05,-51.9,RAW264.7,A,Mouse,Monocyte/Macrophage,Blood,24,LDH,LDH activity assay kit,LDH leakage,Y,N,Y,1.54,1.54,0.649350649,1,79.86,2,4.0,-1395.23559,502.72,681.67,10.088616,-10.089,-3.015,108,911.082,2,6.552,3.537,6.068519084,7.074,277.174898,0.282725474,21.148672,1,1
2319,TiO2,,50.0,9e-05,-51.9,RAW264.7,A,Mouse,Monocyte/Macrophage,Blood,24,LDH,LDH activity assay kit,LDH leakage,Y,N,Y,1.54,1.54,0.649350649,1,79.86,2,4.0,-1395.23559,502.72,681.67,10.088616,-10.089,-3.015,108,911.082,2,6.552,3.537,6.068519084,7.074,277.174898,0.282725474,18.505524,1,1
2320,TiO2,,50.0,0.000359875,-51.9,RAW264.7,A,Mouse,Monocyte/Macrophage,Blood,24,LDH,LDH activity assay kit,LDH leakage,Y,N,Y,1.54,1.54,0.649350649,1,79.86,2,4.0,-1395.23559,502.72,681.67,10.088616,-10.089,-3.015,108,911.082,2,6.552,3.537,6.068519084,7.074,277.174898,0.282725474,18.892702,1,1
2321,TiO2,,50.0,0.00071975,-51.9,RAW264.7,A,Mouse,Monocyte/Macrophage,Blood,24,LDH,LDH activity assay kit,LDH leakage,Y,N,Y,1.54,1.54,0.649350649,1,79.86,2,4.0,-1395.23559,502.72,681.67,10.088616,-10.089,-3.015,108,911.082,2,6.552,3.537,6.068519084,7.074,277.174898,0.282725474,21.552622,1,1
2322,TiO2,,170.0,2.29e-07,-51.9,RAW264.7,A,Mouse,Monocyte/Macrophage,Blood,24,WST1,Tetrazolium Salt,cell metabolic activity,Y,N,Y,1.54,1.54,0.649350649,1,79.86,2,4.0,-1395.23559,502.72,681.67,10.088616,-10.089,-3.015,108,911.082,2,6.552,3.537,6.068519084,7.074,277.174898,0.282725474,106.64818,2,0
2323,TiO2,,170.0,1.14e-06,-51.9,RAW264.7,A,Mouse,Monocyte/Macrophage,Blood,24,WST1,Tetrazolium Salt,cell metabolic activity,Y,N,Y,1.54,1.54,0.649350649,1,79.86,2,4.0,-1395.23559,502.72,681.67,10.088616,-10.089,-3.015,108,911.082,2,6.552,3.537,6.068519084,7.074,277.174898,0.282725474,113.228096,2,0
2324,TiO2,,170.0,2.29e-06,-51.9,RAW264.7,A,Mouse,Monocyte/Macrophage,Blood,24,WST1,Tetrazolium Salt,cell metabolic activity,Y,N,Y,1.54,1.54,0.649350649,1,79.86,2,4.0,-1395.23559,502.72,681.67,10.088616,-10.089,-3.015,108,911.082,2,6.552,3.537,6.068519084,7.074,277.174898,0.282725474,119.808014,2,0
2325,TiO2,,170.0,9.16e-06,-51.9,RAW264.7,A,Mouse,Monocyte/Macrophage,Blood,24,WST1,Tetrazolium Salt,cell metabolic activity,Y,N,Y,1.54,1.54,0.649350649,1,79.86,2,4.0,-1395.23559,502.72,681.67,10.088616,-10.089,-3.015,108,911.082,2,6.552,3.537,6.068519084,7.074,277.174898,0.282725474,131.1093,2,0
2326,TiO2,,170.0,1.83e-05,-51.9,RAW264.7,A,Mouse,Monocyte/Macrophage,Blood,24,WST1,Tetrazolium Salt,cell metabolic activity,Y,N,Y,1.54,1.54,0.649350649,1,79.86,2,4.0,-1395.23559,502.72,681.67,10.088616,-10.089,-3.015,108,911.082,2,6.552,3.537,6.068519084,7.074,277.174898,0.282725474,147.12544,2,0
2327,TiO2,,170.0,2.29e-07,-51.9,RAW264.7,A,Mouse,Monocyte/Macrophage,Blood,24,LDH,LDH activity assay kit,LDH leakage,Y,N,Y,1.54,1.54,0.649350649,1,79.86,2,4.0,-1395.23559,502.72,681.67,10.088616,-10.089,-3.015,108,911.082,2,6.552,3.537,6.068519084,7.074,277.174898,0.282725474,21.194798,1,1
2328,TiO2,,170.0,1.14e-06,-51.9,RAW264.7,A,Mouse,Monocyte/Macrophage,Blood,24,LDH,LDH activity assay kit,LDH leakage,Y,N,Y,1.54,1.54,0.649350649,1,79.86,2,4.0,-1395.23559,502.72,681.67,10.088616,-10.089,-3.015,108,911.082,2,6.552,3.537,6.068519084,7.074,277.174898,0.282725474,20.066813,1,1
2329,TiO2,,170.0,2.29e-06,-51.9,RAW264.7,A,Mouse,Monocyte/Macrophage,Blood,24,LDH,LDH activity assay kit,LDH leakage,Y,N,Y,1.54,1.54,0.649350649,1,79.86,2,4.0,-1395.23559,502.72,681.67,10.088616,-10.089,-3.015,108,911.082,2,6.552,3.537,6.068519084,7.074,277.174898,0.282725474,19.69641,1,1
2330,TiO2,,170.0,9.16e-06,-51.9,RAW264.7,A,Mouse,Monocyte/Macrophage,Blood,24,LDH,LDH activity assay kit,LDH leakage,Y,N,Y,1.54,1.54,0.649350649,1,79.86,2,4.0,-1395.23559,502.72,681.67,10.088616,-10.089,-3.015,108,911.082,2,6.552,3.537,6.068519084,7.074,277.174898,0.282725474,17.432053,1,1
2331,TiO2,,170.0,1.83e-05,-51.9,RAW264.7,A,Mouse,Monocyte/Macrophage,Blood,24,LDH,LDH activity assay kit,LDH leakage,Y,N,Y,1.54,1.54,0.649350649,1,79.86,2,4.0,-1395.23559,502.72,681.67,10.088616,-10.089,-3.015,108,911.082,2,6.552,3.537,6.068519084,7.074,277.174898,0.282725474,17.44044,1,1
2332,TiO2,,115.0,1.97e-05,-11.0,Caco2,H,Human,Epithelial,Colon,24,Live/Dead,Trypan Blue,cell membrane integrity,N,Y,Y,1.54,1.54,0.273224044,1,79.86,2,4.0,-1243.5544,408.48,633.93,10.715248,-10.715,-4.819,128,1165.8436,2,7.767,2.948,10.23173151,5.896,52.909352,0.339213026,100.0,2,0
2333,TiO2,,115.0,1.97e-05,-11.0,Caco2,H,Human,Epithelial,Colon,24,Live/Dead,Trypan Blue,cell membrane integrity,N,Y,Y,1.54,1.54,0.273224044,1,79.86,2,4.0,-1243.5544,408.48,633.93,10.715248,-10.715,-4.819,128,1165.8436,2,7.767,2.948,10.23173151,5.896,52.909352,0.339213026,100.0,2,0
2334,TiO2,,115.0,1.97e-05,-8.6,Caco2,H,Human,Epithelial,Colon,24,LDH,LDH activity assay kit,LDH leakage,N,Y,Y,1.54,1.54,0.649350649,1,79.86,2,4.0,-1395.23559,502.72,681.67,10.088616,-10.089,-3.015,108,911.082,2,6.552,3.537,6.068519084,7.074,277.174898,0.282725474,100.2105,2,0
2335,TiO2,,115.0,1.97e-05,-8.6,Caco2,H,Human,Epithelial,Colon,24,MTT,Tetrazolium Salt,cell metabolic activity,N,Y,Y,1.54,1.54,0.649350649,1,79.86,2,4.0,-1395.23559,502.72,681.67,10.088616,-10.089,-3.015,108,911.082,2,6.552,3.537,6.068519084,7.074,277.174898,0.282725474,99.42357,2,0
2336,TiO2,Digestive enzymes,115.0,1.97e-05,-11.0,Caco2,H,Human,Epithelial,Colon,24,Live/Dead,Trypan Blue,cell membrane integrity,N,Y,Y,1.54,1.54,0.273224044,1,79.86,2,4.0,-1243.5544,408.48,633.93,10.715248,-10.715,-4.819,128,1165.8436,2,7.767,2.948,10.23173151,5.896,52.909352,0.339213026,100.60913,2,0
2337,TiO2,Digestive enzymes,115.0,1.97e-05,-11.0,Caco2,H,Human,Epithelial,Colon,24,Live/Dead,Trypan Blue,cell membrane integrity,N,Y,Y,1.54,1.54,0.273224044,1,79.86,2,4.0,-1243.5544,408.48,633.93,10.715248,-10.715,-4.819,128,1165.8436,2,7.767,2.948,10.23173151,5.896,52.909352,0.339213026,100.0,2,0
2338,TiO2,Digestive enzymes,115.0,1.97e-05,-8.6,Caco2,H,Human,Epithelial,Colon,24,MTT,Tetrazolium Salt,cell metabolic activity,N,Y,Y,1.54,1.54,0.649350649,1,79.86,2,4.0,-1395.23559,502.72,681.67,10.088616,-10.089,-3.015,108,911.082,2,6.552,3.537,6.068519084,7.074,277.174898,0.282725474,89.268295,2,0
2339,TiO2,,35.0,0.000874332,-44.6,A549,H,Human,Epithelial,Lung,4,WST8,Tetrazolium Salt,cell metabolic activity,N,N,N,1.54,1.54,0.649350649,1,79.86,2,4.0,-1395.23559,502.72,681.67,10.088616,-10.089,-3.015,108,911.082,2,6.552,3.537,6.068519084,7.074,277.174898,0.282725474,87.06105,2,0
2340,TiO2,,35.0,0.001748664,-44.6,A549,H,Human,Epithelial,Lung,4,WST8,Tetrazolium Salt,cell metabolic activity,N,N,N,1.54,1.54,0.649350649,1,79.86,2,4.0,-1395.23559,502.72,681.67,10.088616,-10.089,-3.015,108,911.082,2,6.552,3.537,6.068519084,7.074,277.174898,0.282725474,78.76518,2,0
2341,TiO2,,35.0,0.003497328,-44.6,A549,H,Human,Epithelial,Lung,4,WST8,Tetrazolium Salt,cell metabolic activity,N,N,N,1.54,1.54,0.649350649,1,79.86,2,4.0,-1395.23559,502.72,681.67,10.088616,-10.089,-3.015,108,911.082,2,6.552,3.537,6.068519084,7.074,277.174898,0.282725474,76.395164,2,0
2342,TiO2,,35.0,0.005245992,-44.6,A549,H,Human,Epithelial,Lung,4,WST8,Tetrazolium Salt,cell metabolic activity,N,N,N,1.54,1.54,0.649350649,1,79.86,2,4.0,-1395.23559,502.72,681.67,10.088616,-10.089,-3.015,108,911.082,2,6.552,3.537,6.068519084,7.074,277.174898,0.282725474,68.59472,2,0
2343,TiO2,,35.0,0.000874332,-44.6,A549,H,Human,Epithelial,Lung,4,ATP,Luciferase,ATP content,N,N,N,1.54,1.54,0.649350649,1,79.86,2,4.0,-1395.23559,502.72,681.67,10.088616,-10.089,-3.015,108,911.082,2,6.552,3.537,6.068519084,7.074,277.174898,0.282725474,86.71875,2,0
2344,TiO2,,35.0,0.001748664,-44.6,A549,H,Human,Epithelial,Lung,4,ATP,Luciferase,ATP content,N,N,N,1.54,1.54,0.649350649,1,79.86,2,4.0,-1395.23559,502.72,681.67,10.088616,-10.089,-3.015,108,911.082,2,6.552,3.537,6.068519084,7.074,277.174898,0.282725474,78.515625,2,0
2345,TiO2,,35.0,0.003497328,-44.6,A549,H,Human,Epithelial,Lung,4,ATP,Luciferase,ATP content,N,N,N,1.54,1.54,0.649350649,1,79.86,2,4.0,-1395.23559,502.72,681.67,10.088616,-10.089,-3.015,108,911.082,2,6.552,3.537,6.068519084,7.074,277.174898,0.282725474,69.53125,2,0
2346,TiO2,,35.0,0.005245992,-44.6,A549,H,Human,Epithelial,Lung,4,ATP,Luciferase,ATP content,N,N,N,1.54,1.54,0.649350649,1,79.86,2,4.0,-1395.23559,502.72,681.67,10.088616,-10.089,-3.015,108,911.082,2,6.552,3.537,6.068519084,7.074,277.174898,0.282725474,56.640625,2,0
2347,TiO2,,420.7,2.01e-07,-9.96,AGS,H,Human,Epithelial,stomach,3,MTS,Tetrazolium Salt,cell metabolic activity,N,N,N,1.54,1.54,0.649350649,1,79.86,2,4.0,-1395.23559,502.72,681.67,10.088616,-10.089,-3.015,108,911.082,2,6.552,3.537,6.068519084,7.074,277.174898,0.282725474,119.31976,2,0
2348,TiO2,,420.7,2.01e-07,-9.96,AGS,H,Human,Epithelial,stomach,6,MTS,Tetrazolium Salt,cell metabolic activity,N,N,N,1.54,1.54,0.649350649,1,79.86,2,4.0,-1395.23559,502.72,681.67,10.088616,-10.089,-3.015,108,911.082,2,6.552,3.537,6.068519084,7.074,277.174898,0.282725474,97.16019,2,0
2349,TiO2,,420.7,2.01e-07,-9.96,AGS,H,Human,Epithelial,stomach,24,MTS,Tetrazolium Salt,cell metabolic activity,N,N,N,1.54,1.54,0.649350649,1,79.86,2,4.0,-1395.23559,502.72,681.67,10.088616,-10.089,-3.015,108,911.082,2,6.552,3.537,6.068519084,7.074,277.174898,0.282725474,111.73497,2,0
2350,TiO2,,420.7,4.03e-07,-9.96,AGS,H,Human,Epithelial,stomach,3,MTS,Tetrazolium Salt,cell metabolic activity,N,N,N,1.54,1.54,0.649350649,1,79.86,2,4.0,-1395.23559,502.72,681.67,10.088616,-10.089,-3.015,108,911.082,2,6.552,3.537,6.068519084,7.074,277.174898,0.282725474,120.09925,2,0
2351,TiO2,,420.7,4.03e-07,-9.96,AGS,H,Human,Epithelial,stomach,6,MTS,Tetrazolium Salt,cell metabolic activity,N,N,N,1.54,1.54,0.649350649,1,79.86,2,4.0,-1395.23559,502.72,681.67,10.088616,-10.089,-3.015,108,911.082,2,6.552,3.537,6.068519084,7.074,277.174898,0.282725474,102.09809,2,0
2352,TiO2,,420.7,4.03e-07,-9.96,AGS,H,Human,Epithelial,stomach,24,MTS,Tetrazolium Salt,cell metabolic activity,N,N,N,1.54,1.54,0.649350649,1,79.86,2,4.0,-1395.23559,502.72,681.67,10.088616,-10.089,-3.015,108,911.082,2,6.552,3.537,6.068519084,7.074,277.174898,0.282725474,113.20584,2,0
2353,TiO2,,420.7,6.04e-07,-9.96,AGS,H,Human,Epithelial,stomach,3,MTS,Tetrazolium Salt,cell metabolic activity,N,N,N,1.54,1.54,0.649350649,1,79.86,2,4.0,-1395.23559,502.72,681.67,10.088616,-10.089,-3.015,108,911.082,2,6.552,3.537,6.068519084,7.074,277.174898,0.282725474,116.02726,2,0
2354,TiO2,,420.7,6.04e-07,-9.96,AGS,H,Human,Epithelial,stomach,6,MTS,Tetrazolium Salt,cell metabolic activity,N,N,N,1.54,1.54,0.649350649,1,79.86,2,4.0,-1395.23559,502.72,681.67,10.088616,-10.089,-3.015,108,911.082,2,6.552,3.537,6.068519084,7.074,277.174898,0.282725474,106.34462,2,0
2355,TiO2,,420.7,6.04e-07,-9.96,AGS,H,Human,Epithelial,stomach,24,MTS,Tetrazolium Salt,cell metabolic activity,N,N,N,1.54,1.54,0.649350649,1,79.86,2,4.0,-1395.23559,502.72,681.67,10.088616,-10.089,-3.015,108,911.082,2,6.552,3.537,6.068519084,7.074,277.174898,0.282725474,107.05633,2,0
2356,TiO2,,420.7,8.06e-07,-9.96,AGS,H,Human,Epithelial,stomach,3,MTS,Tetrazolium Salt,cell metabolic activity,N,N,N,1.54,1.54,0.649350649,1,79.86,2,4.0,-1395.23559,502.72,681.67,10.088616,-10.089,-3.015,108,911.082,2,6.552,3.537,6.068519084,7.074,277.174898,0.282725474,120.27379,2,0
2357,TiO2,,420.7,8.06e-07,-9.96,AGS,H,Human,Epithelial,stomach,6,MTS,Tetrazolium Salt,cell metabolic activity,N,N,N,1.54,1.54,0.649350649,1,79.86,2,4.0,-1395.23559,502.72,681.67,10.088616,-10.089,-3.015,108,911.082,2,6.552,3.537,6.068519084,7.074,277.174898,0.282725474,107.8138,2,0
2358,TiO2,,420.7,8.06e-07,-9.96,AGS,H,Human,Epithelial,stomach,24,MTS,Tetrazolium Salt,cell metabolic activity,N,N,N,1.54,1.54,0.649350649,1,79.86,2,4.0,-1395.23559,502.72,681.67,10.088616,-10.089,-3.015,108,911.082,2,6.552,3.537,6.068519084,7.074,277.174898,0.282725474,113.378685,2,0
2359,TiO2,,420.7,1.01e-06,-9.96,AGS,H,Human,Epithelial,stomach,3,MTS,Tetrazolium Salt,cell metabolic activity,N,N,N,1.54,1.54,0.649350649,1,79.86,2,4.0,-1395.23559,502.72,681.67,10.088616,-10.089,-3.015,108,911.082,2,6.552,3.537,6.068519084,7.074,277.174898,0.282725474,115.507034,2,0
2360,TiO2,,420.7,1.01e-06,-9.96,AGS,H,Human,Epithelial,stomach,6,MTS,Tetrazolium Salt,cell metabolic activity,N,N,N,1.54,1.54,0.649350649,1,79.86,2,4.0,-1395.23559,502.72,681.67,10.088616,-10.089,-3.015,108,911.082,2,6.552,3.537,6.068519084,7.074,277.174898,0.282725474,115.52567,2,0
2361,TiO2,,420.7,1.01e-06,-9.96,AGS,H,Human,Epithelial,stomach,24,MTS,Tetrazolium Salt,cell metabolic activity,N,N,N,1.54,1.54,0.649350649,1,79.86,2,4.0,-1395.23559,502.72,681.67,10.088616,-10.089,-3.015,108,911.082,2,6.552,3.537,6.068519084,7.074,277.174898,0.282725474,120.3958,2,0
2362,TiO2,,420.7,1.21e-06,-9.96,AGS,H,Human,Epithelial,stomach,3,MTS,Tetrazolium Salt,cell metabolic activity,N,N,N,1.54,1.54,0.649350649,1,79.86,2,4.0,-1395.23559,502.72,681.67,10.088616,-10.089,-3.015,108,911.082,2,6.552,3.537,6.068519084,7.074,277.174898,0.282725474,123.90859,2,0
2363,TiO2,,420.7,1.21e-06,-9.96,AGS,H,Human,Epithelial,stomach,6,MTS,Tetrazolium Salt,cell metabolic activity,N,N,N,1.54,1.54,0.649350649,1,79.86,2,4.0,-1395.23559,502.72,681.67,10.088616,-10.089,-3.015,108,911.082,2,6.552,3.537,6.068519084,7.074,277.174898,0.282725474,118.38606,2,0
2364,TiO2,,420.7,1.21e-06,-9.96,AGS,H,Human,Epithelial,stomach,24,MTS,Tetrazolium Salt,cell metabolic activity,N,N,N,1.54,1.54,0.649350649,1,79.86,2,4.0,-1395.23559,502.72,681.67,10.088616,-10.089,-3.015,108,911.082,2,6.552,3.537,6.068519084,7.074,277.174898,0.282725474,123.25619,2,0
2365,TiO2,,420.7,1.51e-06,-9.96,AGS,H,Human,Epithelial,stomach,3,MTS,Tetrazolium Salt,cell metabolic activity,N,N,N,1.54,1.54,0.649350649,1,79.86,2,4.0,-1395.23559,502.72,681.67,10.088616,-10.089,-3.015,108,911.082,2,6.552,3.537,6.068519084,7.074,277.174898,0.282725474,108.05781,2,0
2366,TiO2,,420.7,1.51e-06,-9.96,AGS,H,Human,Epithelial,stomach,6,MTS,Tetrazolium Salt,cell metabolic activity,N,N,N,1.54,1.54,0.649350649,1,79.86,2,4.0,-1395.23559,502.72,681.67,10.088616,-10.089,-3.015,108,911.082,2,6.552,3.537,6.068519084,7.074,277.174898,0.282725474,127.4807,2,0
2367,TiO2,,420.7,1.51e-06,-9.96,AGS,H,Human,Epithelial,stomach,24,MTS,Tetrazolium Salt,cell metabolic activity,N,N,N,1.54,1.54,0.649350649,1,79.86,2,4.0,-1395.23559,502.72,681.67,10.088616,-10.089,-3.015,108,911.082,2,6.552,3.537,6.068519084,7.074,277.174898,0.282725474,99.776566,2,0
2368,TiO2,,160.5,3.63e-06,-27.8,AGS,H,Human,Epithelial,stomach,3,MTS,Tetrazolium Salt,cell metabolic activity,N,N,N,1.54,1.54,0.649350649,1,79.86,2,4.0,-1395.23559,502.72,681.67,10.088616,-10.089,-3.015,108,911.082,2,6.552,3.537,6.068519084,7.074,277.174898,0.282725474,104.8,2,0
2369,TiO2,,160.5,3.63e-06,-27.8,AGS,H,Human,Epithelial,stomach,6,MTS,Tetrazolium Salt,cell metabolic activity,N,N,N,1.54,1.54,0.649350649,1,79.86,2,4.0,-1395.23559,502.72,681.67,10.088616,-10.089,-3.015,108,911.082,2,6.552,3.537,6.068519084,7.074,277.174898,0.282725474,135.2,2,0
2370,TiO2,,160.5,3.63e-06,-27.8,AGS,H,Human,Epithelial,stomach,24,MTS,Tetrazolium Salt,cell metabolic activity,N,N,N,1.54,1.54,0.649350649,1,79.86,2,4.0,-1395.23559,502.72,681.67,10.088616,-10.089,-3.015,108,911.082,2,6.552,3.537,6.068519084,7.074,277.174898,0.282725474,108.0,2,0
2371,TiO2,,160.5,7.25e-06,-27.8,AGS,H,Human,Epithelial,stomach,3,MTS,Tetrazolium Salt,cell metabolic activity,N,N,N,1.54,1.54,0.649350649,1,79.86,2,4.0,-1395.23559,502.72,681.67,10.088616,-10.089,-3.015,108,911.082,2,6.552,3.537,6.068519084,7.074,277.174898,0.282725474,103.2,2,0
2372,TiO2,,160.5,7.25e-06,-27.8,AGS,H,Human,Epithelial,stomach,6,MTS,Tetrazolium Salt,cell metabolic activity,N,N,N,1.54,1.54,0.649350649,1,79.86,2,4.0,-1395.23559,502.72,681.67,10.088616,-10.089,-3.015,108,911.082,2,6.552,3.537,6.068519084,7.074,277.174898,0.282725474,132.0,2,0
2373,TiO2,,160.5,7.25e-06,-27.8,AGS,H,Human,Epithelial,stomach,24,MTS,Tetrazolium Salt,cell metabolic activity,N,N,N,1.54,1.54,0.649350649,1,79.86,2,4.0,-1395.23559,502.72,681.67,10.088616,-10.089,-3.015,108,911.082,2,6.552,3.537,6.068519084,7.074,277.174898,0.282725474,110.4,2,0
2374,TiO2,,160.5,1.09e-05,-27.8,AGS,H,Human,Epithelial,stomach,3,MTS,Tetrazolium Salt,cell metabolic activity,N,N,N,1.54,1.54,0.649350649,1,79.86,2,4.0,-1395.23559,502.72,681.67,10.088616,-10.089,-3.015,108,911.082,2,6.552,3.537,6.068519084,7.074,277.174898,0.282725474,104.0,2,0
2375,TiO2,,160.5,1.09e-05,-27.8,AGS,H,Human,Epithelial,stomach,6,MTS,Tetrazolium Salt,cell metabolic activity,N,N,N,1.54,1.54,0.649350649,1,79.86,2,4.0,-1395.23559,502.72,681.67,10.088616,-10.089,-3.015,108,911.082,2,6.552,3.537,6.068519084,7.074,277.174898,0.282725474,134.4,2,0
2376,TiO2,,160.5,1.09e-05,-27.8,AGS,H,Human,Epithelial,stomach,24,MTS,Tetrazolium Salt,cell metabolic activity,N,N,N,1.54,1.54,0.649350649,1,79.86,2,4.0,-1395.23559,502.72,681.67,10.088616,-10.089,-3.015,108,911.082,2,6.552,3.537,6.068519084,7.074,277.174898,0.282725474,109.6,2,0
2377,TiO2,,160.5,1.45e-05,-27.8,AGS,H,Human,Epithelial,stomach,3,MTS,Tetrazolium Salt,cell metabolic activity,N,N,N,1.54,1.54,0.649350649,1,79.86,2,4.0,-1395.23559,502.72,681.67,10.088616,-10.089,-3.015,108,911.082,2,6.552,3.537,6.068519084,7.074,277.174898,0.282725474,107.2,2,0
2378,TiO2,,160.5,1.45e-05,-27.8,AGS,H,Human,Epithelial,stomach,6,MTS,Tetrazolium Salt,cell metabolic activity,N,N,N,1.54,1.54,0.649350649,1,79.86,2,4.0,-1395.23559,502.72,681.67,10.088616,-10.089,-3.015,108,911.082,2,6.552,3.537,6.068519084,7.074,277.174898,0.282725474,128.8,2,0
2379,TiO2,,160.5,1.45e-05,-27.8,AGS,H,Human,Epithelial,stomach,24,MTS,Tetrazolium Salt,cell metabolic activity,N,N,N,1.54,1.54,0.649350649,1,79.86,2,4.0,-1395.23559,502.72,681.67,10.088616,-10.089,-3.015,108,911.082,2,6.552,3.537,6.068519084,7.074,277.174898,0.282725474,118.4,2,0
2380,TiO2,,160.5,1.81e-05,-27.8,AGS,H,Human,Epithelial,stomach,3,MTS,Tetrazolium Salt,cell metabolic activity,N,N,N,1.54,1.54,0.649350649,1,79.86,2,4.0,-1395.23559,502.72,681.67,10.088616,-10.089,-3.015,108,911.082,2,6.552,3.537,6.068519084,7.074,277.174898,0.282725474,98.4,2,0
2381,TiO2,,160.5,1.81e-05,-27.8,AGS,H,Human,Epithelial,stomach,6,MTS,Tetrazolium Salt,cell metabolic activity,N,N,N,1.54,1.54,0.649350649,1,79.86,2,4.0,-1395.23559,502.72,681.67,10.088616,-10.089,-3.015,108,911.082,2,6.552,3.537,6.068519084,7.074,277.174898,0.282725474,139.2,2,0
2382,TiO2,,160.5,1.81e-05,-27.8,AGS,H,Human,Epithelial,stomach,24,MTS,Tetrazolium Salt,cell metabolic activity,N,N,N,1.54,1.54,0.649350649,1,79.86,2,4.0,-1395.23559,502.72,681.67,10.088616,-10.089,-3.015,108,911.082,2,6.552,3.537,6.068519084,7.074,277.174898,0.282725474,118.4,2,0
2383,TiO2,,160.5,2.18e-05,-27.8,AGS,H,Human,Epithelial,stomach,3,MTS,Tetrazolium Salt,cell metabolic activity,N,N,N,1.54,1.54,0.649350649,1,79.86,2,4.0,-1395.23559,502.72,681.67,10.088616,-10.089,-3.015,108,911.082,2,6.552,3.537,6.068519084,7.074,277.174898,0.282725474,94.4,2,0
2384,TiO2,,160.5,2.18e-05,-27.8,AGS,H,Human,Epithelial,stomach,6,MTS,Tetrazolium Salt,cell metabolic activity,N,N,N,1.54,1.54,0.649350649,1,79.86,2,4.0,-1395.23559,502.72,681.67,10.088616,-10.089,-3.015,108,911.082,2,6.552,3.537,6.068519084,7.074,277.174898,0.282725474,135.2,2,0
2385,TiO2,,160.5,2.18e-05,-27.8,AGS,H,Human,Epithelial,stomach,24,MTS,Tetrazolium Salt,cell metabolic activity,N,N,N,1.54,1.54,0.649350649,1,79.86,2,4.0,-1395.23559,502.72,681.67,10.088616,-10.089,-3.015,108,911.082,2,6.552,3.537,6.068519084,7.074,277.174898,0.282725474,124.0,2,0
2386,TiO2,,160.5,2.72e-05,-27.8,AGS,H,Human,Epithelial,stomach,3,MTS,Tetrazolium Salt,cell metabolic activity,N,N,N,1.54,1.54,0.649350649,1,79.86,2,4.0,-1395.23559,502.72,681.67,10.088616,-10.089,-3.015,108,911.082,2,6.552,3.537,6.068519084,7.074,277.174898,0.282725474,101.6,2,0
2387,TiO2,,160.5,2.72e-05,-27.8,AGS,H,Human,Epithelial,stomach,6,MTS,Tetrazolium Salt,cell metabolic activity,N,N,N,1.54,1.54,0.649350649,1,79.86,2,4.0,-1395.23559,502.72,681.67,10.088616,-10.089,-3.015,108,911.082,2,6.552,3.537,6.068519084,7.074,277.174898,0.282725474,128.0,2,0
2388,TiO2,,160.5,2.72e-05,-27.8,AGS,H,Human,Epithelial,stomach,24,MTS,Tetrazolium Salt,cell metabolic activity,N,N,N,1.54,1.54,0.649350649,1,79.86,2,4.0,-1395.23559,502.72,681.67,10.088616,-10.089,-3.015,108,911.082,2,6.552,3.537,6.068519084,7.074,277.174898,0.282725474,111.2,2,0
2389,TiO2,,50.0,0.100175307,-17.6,A431,H,Human,Epithelial,Skin,6,MTT,Tetrazolium Salt,cell metabolic activity,N,N,N,1.54,1.54,0.649350649,1,79.86,2,4.0,-1395.23559,502.72,681.67,10.088616,-10.089,-3.015,108,911.082,2,6.552,3.537,6.068519084,7.074,277.174898,0.282725474,99.883,2,0
2390,TiO2,,50.0,1.001753068,-17.6,A431,H,Human,Epithelial,Skin,6,MTT,Tetrazolium Salt,cell metabolic activity,N,N,N,1.54,1.54,0.649350649,1,79.86,2,4.0,-1395.23559,502.72,681.67,10.088616,-10.089,-3.015,108,911.082,2,6.552,3.537,6.068519084,7.074,277.174898,0.282725474,98.659,2,0
2391,TiO2,,50.0,10.01753068,-17.6,A431,H,Human,Epithelial,Skin,6,MTT,Tetrazolium Salt,cell metabolic activity,N,N,N,1.54,1.54,0.649350649,1,79.86,2,4.0,-1395.23559,502.72,681.67,10.088616,-10.089,-3.015,108,911.082,2,6.552,3.537,6.068519084,7.074,277.174898,0.282725474,96.91,2,0
2392,TiO2,,50.0,100.1753068,-17.6,A431,H,Human,Epithelial,Skin,6,MTT,Tetrazolium Salt,cell metabolic activity,N,N,N,1.54,1.54,0.649350649,1,79.86,2,4.0,-1395.23559,502.72,681.67,10.088616,-10.089,-3.015,108,911.082,2,6.552,3.537,6.068519084,7.074,277.174898,0.282725474,95.335,2,0
2393,TiO2,,50.0,1001.753068,-17.6,A431,H,Human,Epithelial,Skin,6,MTT,Tetrazolium Salt,cell metabolic activity,N,N,N,1.54,1.54,0.649350649,1,79.86,2,4.0,-1395.23559,502.72,681.67,10.088616,-10.089,-3.015,108,911.082,2,6.552,3.537,6.068519084,7.074,277.174898,0.282725474,93.061,2,0
2394,TiO2,,50.0,0.100175307,-17.6,A431,H,Human,Epithelial,Skin,24,MTT,Tetrazolium Salt,cell metabolic activity,N,N,N,1.54,1.54,0.649350649,1,79.86,2,4.0,-1395.23559,502.72,681.67,10.088616,-10.089,-3.015,108,911.082,2,6.552,3.537,6.068519084,7.074,277.174898,0.282725474,98.659,2,0
2395,TiO2,,50.0,1.001753068,-17.6,A431,H,Human,Epithelial,Skin,24,MTT,Tetrazolium Salt,cell metabolic activity,N,N,N,1.54,1.54,0.649350649,1,79.86,2,4.0,-1395.23559,502.72,681.67,10.088616,-10.089,-3.015,108,911.082,2,6.552,3.537,6.068519084,7.074,277.174898,0.282725474,99.883,2,0
2396,TiO2,,50.0,10.01753068,-17.6,A431,H,Human,Epithelial,Skin,24,MTT,Tetrazolium Salt,cell metabolic activity,N,N,N,1.54,1.54,0.649350649,1,79.86,2,4.0,-1395.23559,502.72,681.67,10.088616,-10.089,-3.015,108,911.082,2,6.552,3.537,6.068519084,7.074,277.174898,0.282725474,88.338,2,0
2397,TiO2,,50.0,100.1753068,-17.6,A431,H,Human,Epithelial,Skin,24,MTT,Tetrazolium Salt,cell metabolic activity,N,N,N,1.54,1.54,0.649350649,1,79.86,2,4.0,-1395.23559,502.72,681.67,10.088616,-10.089,-3.015,108,911.082,2,6.552,3.537,6.068519084,7.074,277.174898,0.282725474,83.44,2,0
2398,TiO2,,50.0,1001.753068,-17.6,A431,H,Human,Epithelial,Skin,24,MTT,Tetrazolium Salt,cell metabolic activity,N,N,N,1.54,1.54,0.649350649,1,79.86,2,4.0,-1395.23559,502.72,681.67,10.088616,-10.089,-3.015,108,911.082,2,6.552,3.537,6.068519084,7.074,277.174898,0.282725474,80.466,2,0
2399,TiO2,,50.0,0.100175307,-17.6,A431,H,Human,Epithelial,Skin,48,MTT,Tetrazolium Salt,cell metabolic activity,N,N,N,1.54,1.54,0.649350649,1,79.86,2,4.0,-1395.23559,502.72,681.67,10.088616,-10.089,-3.015,108,911.082,2,6.552,3.537,6.068519084,7.074,277.174898,0.282725474,97.609,2,0
2400,TiO2,,50.0,1.001753068,-17.6,A431,H,Human,Epithelial,Skin,48,MTT,Tetrazolium Salt,cell metabolic activity,N,N,N,1.54,1.54,0.649350649,1,79.86,2,4.0,-1395.23559,502.72,681.67,10.088616,-10.089,-3.015,108,911.082,2,6.552,3.537,6.068519084,7.074,277.174898,0.282725474,96.385,2,0
2401,TiO2,,50.0,10.01753068,-17.6,A431,H,Human,Epithelial,Skin,48,MTT,Tetrazolium Salt,cell metabolic activity,N,N,N,1.54,1.54,0.649350649,1,79.86,2,4.0,-1395.23559,502.72,681.67,10.088616,-10.089,-3.015,108,911.082,2,6.552,3.537,6.068519084,7.074,277.174898,0.282725474,85.015,2,0
2402,TiO2,,50.0,100.1753068,-17.6,A431,H,Human,Epithelial,Skin,48,MTT,Tetrazolium Salt,cell metabolic activity,N,N,N,1.54,1.54,0.649350649,1,79.86,2,4.0,-1395.23559,502.72,681.67,10.088616,-10.089,-3.015,108,911.082,2,6.552,3.537,6.068519084,7.074,277.174898,0.282725474,74.169,2,0
2403,TiO2,,50.0,1001.753068,-17.6,A431,H,Human,Epithelial,Skin,48,MTT,Tetrazolium Salt,cell metabolic activity,N,N,N,1.54,1.54,0.649350649,1,79.86,2,4.0,-1395.23559,502.72,681.67,10.088616,-10.089,-3.015,108,911.082,2,6.552,3.537,6.068519084,7.074,277.174898,0.282725474,68.222,2,0
2404,TiO2,,50.0,0.100175307,-17.6,A431,H,Human,Epithelial,Skin,6,NRU,NeutralRed,cell metabolic activity,N,N,N,1.54,1.54,0.649350649,1,79.86,2,4.0,-1395.23559,502.72,681.67,10.088616,-10.089,-3.015,108,911.082,2,6.552,3.537,6.068519084,7.074,277.174898,0.282725474,98.754,2,0
2405,TiO2,,50.0,1.001753068,-17.6,A431,H,Human,Epithelial,Skin,6,NRU,NeutralRed,cell metabolic activity,N,N,N,1.54,1.54,0.649350649,1,79.86,2,4.0,-1395.23559,502.72,681.67,10.088616,-10.089,-3.015,108,911.082,2,6.552,3.537,6.068519084,7.074,277.174898,0.282725474,99.344,2,0
2406,TiO2,,50.0,10.01753068,-17.6,A431,H,Human,Epithelial,Skin,6,NRU,NeutralRed,cell metabolic activity,N,N,N,1.54,1.54,0.649350649,1,79.86,2,4.0,-1395.23559,502.72,681.67,10.088616,-10.089,-3.015,108,911.082,2,6.552,3.537,6.068519084,7.074,277.174898,0.282725474,92.262,2,0
2407,TiO2,,50.0,100.1753068,-17.6,A431,H,Human,Epithelial,Skin,6,NRU,NeutralRed,cell metabolic activity,N,N,N,1.54,1.54,0.649350649,1,79.86,2,4.0,-1395.23559,502.72,681.67,10.088616,-10.089,-3.015,108,911.082,2,6.552,3.537,6.068519084,7.074,277.174898,0.282725474,91.672,2,0
2408,TiO2,,50.0,1001.753068,-17.6,A431,H,Human,Epithelial,Skin,6,NRU,NeutralRed,cell metabolic activity,N,N,N,1.54,1.54,0.649350649,1,79.86,2,4.0,-1395.23559,502.72,681.67,10.088616,-10.089,-3.015,108,911.082,2,6.552,3.537,6.068519084,7.074,277.174898,0.282725474,90.295,2,0
2409,TiO2,,50.0,0.100175307,-17.6,A431,H,Human,Epithelial,Skin,24,NRU,NeutralRed,cell metabolic activity,N,N,N,1.54,1.54,0.649350649,1,79.86,2,4.0,-1395.23559,502.72,681.67,10.088616,-10.089,-3.015,108,911.082,2,6.552,3.537,6.068519084,7.074,277.174898,0.282725474,97.574,2,0
2410,TiO2,,50.0,1.001753068,-17.6,A431,H,Human,Epithelial,Skin,24,NRU,NeutralRed,cell metabolic activity,N,N,N,1.54,1.54,0.649350649,1,79.86,2,4.0,-1395.23559,502.72,681.67,10.088616,-10.089,-3.015,108,911.082,2,6.552,3.537,6.068519084,7.074,277.174898,0.282725474,93.836,2,0
2411,TiO2,,50.0,10.01753068,-17.6,A431,H,Human,Epithelial,Skin,24,NRU,NeutralRed,cell metabolic activity,N,N,N,1.54,1.54,0.649350649,1,79.86,2,4.0,-1395.23559,502.72,681.67,10.088616,-10.089,-3.015,108,911.082,2,6.552,3.537,6.068519084,7.074,277.174898,0.282725474,88.328,2,0
2412,TiO2,,50.0,100.1753068,-17.6,A431,H,Human,Epithelial,Skin,24,NRU,NeutralRed,cell metabolic activity,N,N,N,1.54,1.54,0.649350649,1,79.86,2,4.0,-1395.23559,502.72,681.67,10.088616,-10.089,-3.015,108,911.082,2,6.552,3.537,6.068519084,7.074,277.174898,0.282725474,85.377,2,0
2413,TiO2,,50.0,1001.753068,-17.6,A431,H,Human,Epithelial,Skin,24,NRU,NeutralRed,cell metabolic activity,N,N,N,1.54,1.54,0.649350649,1,79.86,2,4.0,-1395.23559,502.72,681.67,10.088616,-10.089,-3.015,108,911.082,2,6.552,3.537,6.068519084,7.074,277.174898,0.282725474,77.508,2,0
2414,TiO2,,50.0,0.100175307,-17.6,A431,H,Human,Epithelial,Skin,48,NRU,NeutralRed,cell metabolic activity,N,N,N,1.54,1.54,0.649350649,1,79.86,2,4.0,-1395.23559,502.72,681.67,10.088616,-10.089,-3.015,108,911.082,2,6.552,3.537,6.068519084,7.074,277.174898,0.282725474,97.574,2,0
2415,TiO2,,50.0,1.001753068,-17.6,A431,H,Human,Epithelial,Skin,48,NRU,NeutralRed,cell metabolic activity,N,N,N,1.54,1.54,0.649350649,1,79.86,2,4.0,-1395.23559,502.72,681.67,10.088616,-10.089,-3.015,108,911.082,2,6.552,3.537,6.068519084,7.074,277.174898,0.282725474,93.049,2,0
2416,TiO2,,50.0,10.01753068,-17.6,A431,H,Human,Epithelial,Skin,48,NRU,NeutralRed,cell metabolic activity,N,N,N,1.54,1.54,0.649350649,1,79.86,2,4.0,-1395.23559,502.72,681.67,10.088616,-10.089,-3.015,108,911.082,2,6.552,3.537,6.068519084,7.074,277.174898,0.282725474,85.77,2,0
2417,TiO2,,50.0,100.1753068,-17.6,A431,H,Human,Epithelial,Skin,48,NRU,NeutralRed,cell metabolic activity,N,N,N,1.54,1.54,0.649350649,1,79.86,2,4.0,-1395.23559,502.72,681.67,10.088616,-10.089,-3.015,108,911.082,2,6.552,3.537,6.068519084,7.074,277.174898,0.282725474,74.951,2,0
2418,TiO2,,50.0,1001.753068,-17.6,A431,H,Human,Epithelial,Skin,48,NRU,NeutralRed,cell metabolic activity,N,N,N,1.54,1.54,0.649350649,1,79.86,2,4.0,-1395.23559,502.72,681.67,10.088616,-10.089,-3.015,108,911.082,2,6.552,3.537,6.068519084,7.074,277.174898,0.282725474,65.311,2,0
2419,TiO2,,5.0,62.60956674,-45.4,SHSY5Y,H,Human,Epithelial,Bone Marrow,24,MTT,Tetrazolium Salt,cell metabolic activity,N,N,N,1.54,1.54,0.649350649,1,79.86,2,4.0,-1395.23559,502.72,681.67,10.088616,-10.089,-3.015,108,911.082,2,6.552,3.537,6.068519084,7.074,277.174898,0.282725474,99.234,2,0
2420,TiO2,,5.0,125.2191335,-45.4,SHSY5Y,H,Human,Epithelial,Bone Marrow,24,MTT,Tetrazolium Salt,cell metabolic activity,N,N,N,1.54,1.54,0.649350649,1,79.86,2,4.0,-1395.23559,502.72,681.67,10.088616,-10.089,-3.015,108,911.082,2,6.552,3.537,6.068519084,7.074,277.174898,0.282725474,104.44,2,0
2421,TiO2,,5.0,626.0956674,-45.4,SHSY5Y,H,Human,Epithelial,Bone Marrow,24,MTT,Tetrazolium Salt,cell metabolic activity,N,N,N,1.54,1.54,0.649350649,1,79.86,2,4.0,-1395.23559,502.72,681.67,10.088616,-10.089,-3.015,108,911.082,2,6.552,3.537,6.068519084,7.074,277.174898,0.282725474,136.91,2,0
2422,TiO2,,5.0,1252.191335,-45.4,SHSY5Y,H,Human,Epithelial,Bone Marrow,24,MTT,Tetrazolium Salt,cell metabolic activity,N,N,N,1.54,1.54,0.649350649,1,79.86,2,4.0,-1395.23559,502.72,681.67,10.088616,-10.089,-3.015,108,911.082,2,6.552,3.537,6.068519084,7.074,277.174898,0.282725474,162.02,2,0
2423,TiO2,,60.0,12.52191335,-51.9,THP1,H,Human,Monocyte,Blood,24,MTT,Tetrazolium Salt,cell metabolic activity,N,N,N,1.54,1.54,0.649350649,1,79.86,2,4.0,-1395.23559,502.72,681.67,10.088616,-10.089,-3.015,108,911.082,2,6.552,3.537,6.068519084,7.074,277.174898,0.282725474,87.472,2,0
2424,TiO2,,60.0,125.2191335,-51.9,THP1,H,Human,Monocyte,Blood,24,MTT,Tetrazolium Salt,cell metabolic activity,N,N,N,1.54,1.54,0.649350649,1,79.86,2,4.0,-1395.23559,502.72,681.67,10.088616,-10.089,-3.015,108,911.082,2,6.552,3.537,6.068519084,7.074,277.174898,0.282725474,61.197,2,0
2425,TiO2,,60.0,250.438267,-51.9,THP1,H,Human,Monocyte,Blood,24,MTT,Tetrazolium Salt,cell metabolic activity,N,N,N,1.54,1.54,0.649350649,1,79.86,2,4.0,-1395.23559,502.72,681.67,10.088616,-10.089,-3.015,108,911.082,2,6.552,3.537,6.068519084,7.074,277.174898,0.282725474,51.774,2,0
2426,TiO2,,60.0,626.0956674,-51.9,THP1,H,Human,Monocyte,Blood,24,MTT,Tetrazolium Salt,cell metabolic activity,N,N,N,1.54,1.54,0.649350649,1,79.86,2,4.0,-1395.23559,502.72,681.67,10.088616,-10.089,-3.015,108,911.082,2,6.552,3.537,6.068519084,7.074,277.174898,0.282725474,44.9,1,1
2427,TiO2,,42.3,313.0478337,41.0,HepG2,H,Human,Epithelial,Liver,48,MTT,Tetrazolium Salt,cell metabolic activity,N,N,N,1.54,1.54,0.649350649,1,79.86,2,4.0,-1395.23559,502.72,681.67,10.088616,-10.089,-3.015,108,911.082,2,6.552,3.537,6.068519084,7.074,277.174898,0.282725474,90.794,2,0
2428,TiO2,,42.3,626.0956674,41.0,HepG2,H,Human,Epithelial,Liver,48,MTT,Tetrazolium Salt,cell metabolic activity,N,N,N,1.54,1.54,0.649350649,1,79.86,2,4.0,-1395.23559,502.72,681.67,10.088616,-10.089,-3.015,108,911.082,2,6.552,3.537,6.068519084,7.074,277.174898,0.282725474,94.921,2,0
2429,TiO2,,42.3,1252.191335,41.0,HepG2,H,Human,Epithelial,Liver,48,MTT,Tetrazolium Salt,cell metabolic activity,N,N,N,1.54,1.54,0.649350649,1,79.86,2,4.0,-1395.23559,502.72,681.67,10.088616,-10.089,-3.015,108,911.082,2,6.552,3.537,6.068519084,7.074,277.174898,0.282725474,115.4,2,0
2430,TiO2,,42.3,2504.38267,41.0,HepG2,H,Human,Epithelial,Liver,48,MTT,Tetrazolium Salt,cell metabolic activity,N,N,N,1.54,1.54,0.649350649,1,79.86,2,4.0,-1395.23559,502.72,681.67,10.088616,-10.089,-3.015,108,911.082,2,6.552,3.537,6.068519084,7.074,277.174898,0.282725474,103.17,2,0
2431,TiO2,,25.0,12.52191335,-14.25,A549,H,Human,Epithelial,Lung,6,MTT,Tetrazolium Salt,cell metabolic activity,N,N,N,1.54,1.54,0.649350649,1,79.86,2,4.0,-1395.23559,502.72,681.67,10.088616,-10.089,-3.015,108,911.082,2,6.552,3.537,6.068519084,7.074,277.174898,0.282725474,100.97,2,0
2432,TiO2,,25.0,62.60956674,-14.25,A549,H,Human,Epithelial,Lung,6,MTT,Tetrazolium Salt,cell metabolic activity,N,N,N,1.54,1.54,0.649350649,1,79.86,2,4.0,-1395.23559,502.72,681.67,10.088616,-10.089,-3.015,108,911.082,2,6.552,3.537,6.068519084,7.074,277.174898,0.282725474,97.742,2,0
2433,TiO2,,25.0,125.2191335,-14.25,A549,H,Human,Epithelial,Lung,6,MTT,Tetrazolium Salt,cell metabolic activity,N,N,N,1.54,1.54,0.649350649,1,79.86,2,4.0,-1395.23559,502.72,681.67,10.088616,-10.089,-3.015,108,911.082,2,6.552,3.537,6.068519084,7.074,277.174898,0.282725474,95.161,2,0
2434,TiO2,,25.0,626.0956674,-14.25,A549,H,Human,Epithelial,Lung,6,MTT,Tetrazolium Salt,cell metabolic activity,N,N,N,1.54,1.54,0.649350649,1,79.86,2,4.0,-1395.23559,502.72,681.67,10.088616,-10.089,-3.015,108,911.082,2,6.552,3.537,6.068519084,7.074,277.174898,0.282725474,96.935,2,0
2435,TiO2,,25.0,1252.191335,-14.25,A549,H,Human,Epithelial,Lung,6,MTT,Tetrazolium Salt,cell metabolic activity,N,N,N,1.54,1.54,0.649350649,1,79.86,2,4.0,-1395.23559,502.72,681.67,10.088616,-10.089,-3.015,108,911.082,2,6.552,3.537,6.068519084,7.074,277.174898,0.282725474,95.161,2,0
2436,TiO2,,25.0,12.52191335,-14.25,A549,H,Human,Epithelial,Lung,24,MTT,Tetrazolium Salt,cell metabolic activity,N,N,N,1.54,1.54,0.649350649,1,79.86,2,4.0,-1395.23559,502.72,681.67,10.088616,-10.089,-3.015,108,911.082,2,6.552,3.537,6.068519084,7.074,277.174898,0.282725474,97.742,2,0
2437,TiO2,,25.0,62.60956674,-14.25,A549,H,Human,Epithelial,Lung,24,MTT,Tetrazolium Salt,cell metabolic activity,N,N,N,1.54,1.54,0.649350649,1,79.86,2,4.0,-1395.23559,502.72,681.67,10.088616,-10.089,-3.015,108,911.082,2,6.552,3.537,6.068519084,7.074,277.174898,0.282725474,95.645,2,0
2438,TiO2,,25.0,125.2191335,-14.25,A549,H,Human,Epithelial,Lung,24,MTT,Tetrazolium Salt,cell metabolic activity,N,N,N,1.54,1.54,0.649350649,1,79.86,2,4.0,-1395.23559,502.72,681.67,10.088616,-10.089,-3.015,108,911.082,2,6.552,3.537,6.068519084,7.074,277.174898,0.282725474,92.19,2,0
2439,TiO2,,25.0,626.0956674,-14.25,A549,H,Human,Epithelial,Lung,24,MTT,Tetrazolium Salt,cell metabolic activity,N,N,N,1.54,1.54,0.649350649,1,79.86,2,4.0,-1395.23559,502.72,681.67,10.088616,-10.089,-3.015,108,911.082,2,6.552,3.537,6.068519084,7.074,277.174898,0.282725474,87.07,2,0
2440,TiO2,,25.0,1252.191335,-14.25,A549,H,Human,Epithelial,Lung,24,MTT,Tetrazolium Salt,cell metabolic activity,N,N,N,1.54,1.54,0.649350649,1,79.86,2,4.0,-1395.23559,502.72,681.67,10.088616,-10.089,-3.015,108,911.082,2,6.552,3.537,6.068519084,7.074,277.174898,0.282725474,84.34,2,0
2441,TiO2,,25.0,12.52191335,-14.25,A549,H,Human,Epithelial,Lung,48,MTT,Tetrazolium Salt,cell metabolic activity,N,N,N,1.54,1.54,0.649350649,1,79.86,2,4.0,-1395.23559,502.72,681.67,10.088616,-10.089,-3.015,108,911.082,2,6.552,3.537,6.068519084,7.074,277.174898,0.282725474,97.742,2,0
2442,TiO2,,25.0,62.60956674,-14.25,A549,H,Human,Epithelial,Lung,48,MTT,Tetrazolium Salt,cell metabolic activity,N,N,N,1.54,1.54,0.649350649,1,79.86,2,4.0,-1395.23559,502.72,681.67,10.088616,-10.089,-3.015,108,911.082,2,6.552,3.537,6.068519084,7.074,277.174898,0.282725474,92.742,2,0
2443,TiO2,,25.0,125.2191335,-14.25,A549,H,Human,Epithelial,Lung,48,MTT,Tetrazolium Salt,cell metabolic activity,N,N,N,1.54,1.54,0.649350649,1,79.86,2,4.0,-1395.23559,502.72,681.67,10.088616,-10.089,-3.015,108,911.082,2,6.552,3.537,6.068519084,7.074,277.174898,0.282725474,88.72,2,0
2444,TiO2,,25.0,626.0956674,-14.25,A549,H,Human,Epithelial,Lung,48,MTT,Tetrazolium Salt,cell metabolic activity,N,N,N,1.54,1.54,0.649350649,1,79.86,2,4.0,-1395.23559,502.72,681.67,10.088616,-10.089,-3.015,108,911.082,2,6.552,3.537,6.068519084,7.074,277.174898,0.282725474,82.34,2,0
2445,TiO2,,25.0,1252.191335,-14.25,A549,H,Human,Epithelial,Lung,48,MTT,Tetrazolium Salt,cell metabolic activity,N,N,N,1.54,1.54,0.649350649,1,79.86,2,4.0,-1395.23559,502.72,681.67,10.088616,-10.089,-3.015,108,911.082,2,6.552,3.537,6.068519084,7.074,277.174898,0.282725474,78.89,2,0
2446,TiO2,,15.84,1.252191335,-43.29,A549,H,Human,Epithelial,Lung,48,MTT,Tetrazolium Salt,cell metabolic activity,N,N,N,1.54,1.54,0.649350649,1,79.86,2,4.0,-1395.23559,502.72,681.67,10.088616,-10.089,-3.015,108,911.082,2,6.552,3.537,6.068519084,7.074,277.174898,0.282725474,89.374,2,0
2447,TiO2,,15.84,37.56574005,-43.29,A549,H,Human,Epithelial,Lung,48,MTT,Tetrazolium Salt,cell metabolic activity,N,N,N,1.54,1.54,0.649350649,1,79.86,2,4.0,-1395.23559,502.72,681.67,10.088616,-10.089,-3.015,108,911.082,2,6.552,3.537,6.068519084,7.074,277.174898,0.282725474,75.089,2,0
2448,TiO2,,15.84,125.2191335,-43.29,A549,H,Human,Epithelial,Lung,48,MTT,Tetrazolium Salt,cell metabolic activity,N,N,N,1.54,1.54,0.649350649,1,79.86,2,4.0,-1395.23559,502.72,681.67,10.088616,-10.089,-3.015,108,911.082,2,6.552,3.537,6.068519084,7.074,277.174898,0.282725474,64.109,2,0
2449,TiO2,,15.84,375.6574005,-43.29,A549,H,Human,Epithelial,Lung,48,MTT,Tetrazolium Salt,cell metabolic activity,N,N,N,1.54,1.54,0.649350649,1,79.86,2,4.0,-1395.23559,502.72,681.67,10.088616,-10.089,-3.015,108,911.082,2,6.552,3.537,6.068519084,7.074,277.174898,0.282725474,25.4,1,1
2450,TiO2,,15.84,751.3148009,-43.29,A549,H,Human,Epithelial,Lung,48,MTT,Tetrazolium Salt,cell metabolic activity,N,N,N,1.54,1.54,0.649350649,1,79.86,2,4.0,-1395.23559,502.72,681.67,10.088616,-10.089,-3.015,108,911.082,2,6.552,3.537,6.068519084,7.074,277.174898,0.282725474,14.71,1,1
2451,TiO2,,15.84,1252.191335,-43.29,A549,H,Human,Epithelial,Lung,48,MTT,Tetrazolium Salt,cell metabolic activity,N,N,N,1.54,1.54,0.649350649,1,79.86,2,4.0,-1395.23559,502.72,681.67,10.088616,-10.089,-3.015,108,911.082,2,6.552,3.537,6.068519084,7.074,277.174898,0.282725474,5.51,1,1
2452,TiO2,,24.59,1.252191335,-14.25,A549,H,Human,Epithelial,Lung,48,MTT,Tetrazolium Salt,cell metabolic activity,N,N,N,1.54,1.54,0.649350649,1,79.86,2,4.0,-1395.23559,502.72,681.67,10.088616,-10.089,-3.015,108,911.082,2,6.552,3.537,6.068519084,7.074,277.174898,0.282725474,91.499,2,0
2453,TiO2,,24.59,37.56574005,-14.25,A549,H,Human,Epithelial,Lung,48,MTT,Tetrazolium Salt,cell metabolic activity,N,N,N,1.54,1.54,0.649350649,1,79.86,2,4.0,-1395.23559,502.72,681.67,10.088616,-10.089,-3.015,108,911.082,2,6.552,3.537,6.068519084,7.074,277.174898,0.282725474,80.283,2,0
2454,TiO2,,24.59,125.2191335,-14.25,A549,H,Human,Epithelial,Lung,48,MTT,Tetrazolium Salt,cell metabolic activity,N,N,N,1.54,1.54,0.649350649,1,79.86,2,4.0,-1395.23559,502.72,681.67,10.088616,-10.089,-3.015,108,911.082,2,6.552,3.537,6.068519084,7.074,277.174898,0.282725474,64.7,2,0
2455,TiO2,,24.59,375.6574005,-14.25,A549,H,Human,Epithelial,Lung,48,MTT,Tetrazolium Salt,cell metabolic activity,N,N,N,1.54,1.54,0.649350649,1,79.86,2,4.0,-1395.23559,502.72,681.67,10.088616,-10.089,-3.015,108,911.082,2,6.552,3.537,6.068519084,7.074,277.174898,0.282725474,30.61,1,1
2456,TiO2,,24.59,751.3148009,-14.25,A549,H,Human,Epithelial,Lung,48,MTT,Tetrazolium Salt,cell metabolic activity,N,N,N,1.54,1.54,0.649350649,1,79.86,2,4.0,-1395.23559,502.72,681.67,10.088616,-10.089,-3.015,108,911.082,2,6.552,3.537,6.068519084,7.074,277.174898,0.282725474,16.6,1,1
2457,TiO2,,24.59,1252.191335,-14.25,A549,H,Human,Epithelial,Lung,48,MTT,Tetrazolium Salt,cell metabolic activity,N,N,N,1.54,1.54,0.649350649,1,79.86,2,4.0,-1395.23559,502.72,681.67,10.088616,-10.089,-3.015,108,911.082,2,6.552,3.537,6.068519084,7.074,277.174898,0.282725474,8.6,1,1
2458,TiO2,,81.8,1.252191335,-8.6,A549,H,Human,Epithelial,Lung,48,MTT,Tetrazolium Salt,cell metabolic activity,N,N,N,1.54,1.54,0.649350649,1,79.86,2,4.0,-1395.23559,502.72,681.67,10.088616,-10.089,-3.015,108,911.082,2,6.552,3.537,6.068519084,7.074,277.174898,0.282725474,93.152,2,0
2459,TiO2,,81.8,37.56574005,-8.6,A549,H,Human,Epithelial,Lung,48,MTT,Tetrazolium Salt,cell metabolic activity,N,N,N,1.54,1.54,0.649350649,1,79.86,2,4.0,-1395.23559,502.72,681.67,10.088616,-10.089,-3.015,108,911.082,2,6.552,3.537,6.068519084,7.074,277.174898,0.282725474,90.201,2,0
2460,TiO2,,81.8,125.2191335,-8.6,A549,H,Human,Epithelial,Lung,48,MTT,Tetrazolium Salt,cell metabolic activity,N,N,N,1.54,1.54,0.649350649,1,79.86,2,4.0,-1395.23559,502.72,681.67,10.088616,-10.089,-3.015,108,911.082,2,6.552,3.537,6.068519084,7.074,277.174898,0.282725474,76.505,2,0
2461,TiO2,,81.8,375.6574005,-8.6,A549,H,Human,Epithelial,Lung,48,MTT,Tetrazolium Salt,cell metabolic activity,N,N,N,1.54,1.54,0.649350649,1,79.86,2,4.0,-1395.23559,502.72,681.67,10.088616,-10.089,-3.015,108,911.082,2,6.552,3.537,6.068519084,7.074,277.174898,0.282725474,57.4,2,0
2462,TiO2,,81.8,751.3148009,-8.6,A549,H,Human,Epithelial,Lung,48,MTT,Tetrazolium Salt,cell metabolic activity,N,N,N,1.54,1.54,0.649350649,1,79.86,2,4.0,-1395.23559,502.72,681.67,10.088616,-10.089,-3.015,108,911.082,2,6.552,3.537,6.068519084,7.074,277.174898,0.282725474,37.61,1,1
2463,TiO2,,81.8,1252.191335,-8.6,A549,H,Human,Epithelial,Lung,48,MTT,Tetrazolium Salt,cell metabolic activity,N,N,N,1.54,1.54,0.649350649,1,79.86,2,4.0,-1395.23559,502.72,681.67,10.088616,-10.089,-3.015,108,911.082,2,6.552,3.537,6.068519084,7.074,277.174898,0.282725474,11.51,1,1
2464,TiO2,,15.84,1.252191335,-43.29,Caco2,H,Human,Epithelial,Colon,48,MTT,Tetrazolium Salt,cell metabolic activity,N,N,N,1.54,1.54,0.649350649,1,79.86,2,4.0,-1395.23559,502.72,681.67,10.088616,-10.089,-3.015,108,911.082,2,6.552,3.537,6.068519084,7.074,277.174898,0.282725474,87.557,2,0
2465,TiO2,,15.84,37.56574005,-43.29,Caco2,H,Human,Epithelial,Colon,48,MTT,Tetrazolium Salt,cell metabolic activity,N,N,N,1.54,1.54,0.649350649,1,79.86,2,4.0,-1395.23559,502.72,681.67,10.088616,-10.089,-3.015,108,911.082,2,6.552,3.537,6.068519084,7.074,277.174898,0.282725474,75.452,2,0
2466,TiO2,,15.84,125.2191335,-43.29,Caco2,H,Human,Epithelial,Colon,48,MTT,Tetrazolium Salt,cell metabolic activity,N,N,N,1.54,1.54,0.649350649,1,79.86,2,4.0,-1395.23559,502.72,681.67,10.088616,-10.089,-3.015,108,911.082,2,6.552,3.537,6.068519084,7.074,277.174898,0.282725474,60.52,2,0
2467,TiO2,,15.84,375.6574005,-43.29,Caco2,H,Human,Epithelial,Colon,48,MTT,Tetrazolium Salt,cell metabolic activity,N,N,N,1.54,1.54,0.649350649,1,79.86,2,4.0,-1395.23559,502.72,681.67,10.088616,-10.089,-3.015,108,911.082,2,6.552,3.537,6.068519084,7.074,277.174898,0.282725474,26.4,1,1
2468,TiO2,,15.84,751.3148009,-43.29,Caco2,H,Human,Epithelial,Colon,48,MTT,Tetrazolium Salt,cell metabolic activity,N,N,N,1.54,1.54,0.649350649,1,79.86,2,4.0,-1395.23559,502.72,681.67,10.088616,-10.089,-3.015,108,911.082,2,6.552,3.537,6.068519084,7.074,277.174898,0.282725474,15.11,1,1
2469,TiO2,,15.84,1252.191335,-43.29,Caco2,H,Human,Epithelial,Colon,48,MTT,Tetrazolium Salt,cell metabolic activity,N,N,N,1.54,1.54,0.649350649,1,79.86,2,4.0,-1395.23559,502.72,681.67,10.088616,-10.089,-3.015,108,911.082,2,6.552,3.537,6.068519084,7.074,277.174898,0.282725474,6.0,1,1
2470,TiO2,,24.59,1.252191335,-14.25,Caco2,H,Human,Epithelial,Colon,48,MTT,Tetrazolium Salt,cell metabolic activity,N,N,N,1.54,1.54,0.649350649,1,79.86,2,4.0,-1395.23559,502.72,681.67,10.088616,-10.089,-3.015,108,911.082,2,6.552,3.537,6.068519084,7.074,277.174898,0.282725474,90.724,2,0
2471,TiO2,,24.59,37.56574005,-14.25,Caco2,H,Human,Epithelial,Colon,48,MTT,Tetrazolium Salt,cell metabolic activity,N,N,N,1.54,1.54,0.649350649,1,79.86,2,4.0,-1395.23559,502.72,681.67,10.088616,-10.089,-3.015,108,911.082,2,6.552,3.537,6.068519084,7.074,277.174898,0.282725474,78.394,2,0
2472,TiO2,,24.59,125.2191335,-14.25,Caco2,H,Human,Epithelial,Colon,48,MTT,Tetrazolium Salt,cell metabolic activity,N,N,N,1.54,1.54,0.649350649,1,79.86,2,4.0,-1395.23559,502.72,681.67,10.088616,-10.089,-3.015,108,911.082,2,6.552,3.537,6.068519084,7.074,277.174898,0.282725474,64.706,2,0
2473,TiO2,,24.59,375.6574005,-14.25,Caco2,H,Human,Epithelial,Colon,48,MTT,Tetrazolium Salt,cell metabolic activity,N,N,N,1.54,1.54,0.649350649,1,79.86,2,4.0,-1395.23559,502.72,681.67,10.088616,-10.089,-3.015,108,911.082,2,6.552,3.537,6.068519084,7.074,277.174898,0.282725474,41.17,1,1
2474,TiO2,,24.59,751.3148009,-14.25,Caco2,H,Human,Epithelial,Colon,48,MTT,Tetrazolium Salt,cell metabolic activity,N,N,N,1.54,1.54,0.649350649,1,79.86,2,4.0,-1395.23559,502.72,681.67,10.088616,-10.089,-3.015,108,911.082,2,6.552,3.537,6.068519084,7.074,277.174898,0.282725474,20.61,1,1
2475,TiO2,,24.59,1252.191335,-14.25,Caco2,H,Human,Epithelial,Colon,48,MTT,Tetrazolium Salt,cell metabolic activity,N,N,N,1.54,1.54,0.649350649,1,79.86,2,4.0,-1395.23559,502.72,681.67,10.088616,-10.089,-3.015,108,911.082,2,6.552,3.537,6.068519084,7.074,277.174898,0.282725474,11.425,1,1
2476,TiO2,,81.8,1.252191335,-8.6,Caco2,H,Human,Epithelial,Colon,48,MTT,Tetrazolium Salt,cell metabolic activity,N,N,N,1.54,1.54,0.649350649,1,79.86,2,4.0,-1395.23559,502.72,681.67,10.088616,-10.089,-3.015,108,911.082,2,6.552,3.537,6.068519084,7.074,277.174898,0.282725474,91.629,2,0
2477,TiO2,,81.8,37.56574005,-8.6,Caco2,H,Human,Epithelial,Colon,48,MTT,Tetrazolium Salt,cell metabolic activity,N,N,N,1.54,1.54,0.649350649,1,79.86,2,4.0,-1395.23559,502.72,681.67,10.088616,-10.089,-3.015,108,911.082,2,6.552,3.537,6.068519084,7.074,277.174898,0.282725474,87.557,2,0
2478,TiO2,,81.8,125.2191335,-8.6,Caco2,H,Human,Epithelial,Colon,48,MTT,Tetrazolium Salt,cell metabolic activity,N,N,N,1.54,1.54,0.649350649,1,79.86,2,4.0,-1395.23559,502.72,681.67,10.088616,-10.089,-3.015,108,911.082,2,6.552,3.537,6.068519084,7.074,277.174898,0.282725474,78.733,2,0
2479,TiO2,,81.8,375.6574005,-8.6,Caco2,H,Human,Epithelial,Colon,48,MTT,Tetrazolium Salt,cell metabolic activity,N,N,N,1.54,1.54,0.649350649,1,79.86,2,4.0,-1395.23559,502.72,681.67,10.088616,-10.089,-3.015,108,911.082,2,6.552,3.537,6.068519084,7.074,277.174898,0.282725474,46.833,1,1
2480,TiO2,,81.8,751.3148009,-8.6,Caco2,H,Human,Epithelial,Colon,48,MTT,Tetrazolium Salt,cell metabolic activity,N,N,N,1.54,1.54,0.649350649,1,79.86,2,4.0,-1395.23559,502.72,681.67,10.088616,-10.089,-3.015,108,911.082,2,6.552,3.537,6.068519084,7.074,277.174898,0.282725474,31.674,1,1
2481,TiO2,,81.8,1252.191335,-8.6,Caco2,H,Human,Epithelial,Colon,48,MTT,Tetrazolium Salt,cell metabolic activity,N,N,N,1.54,1.54,0.649350649,1,79.86,2,4.0,-1395.23559,502.72,681.67,10.088616,-10.089,-3.015,108,911.082,2,6.552,3.537,6.068519084,7.074,277.174898,0.282725474,15.837,1,1
2482,TiO2,,25.0,250.438267,-9.96,AGS,H,Human,Epithelial,Stomach,3,MTS,Tetrazolium Salt,cell metabolic activity,N,N,N,1.54,1.54,0.649350649,1,79.86,2,4.0,-1395.23559,502.72,681.67,10.088616,-10.089,-3.015,108,911.082,2,6.552,3.537,6.068519084,7.074,277.174898,0.282725474,120.46,2,0
2483,TiO2,,25.0,500.8765339,-9.96,AGS,H,Human,Epithelial,Stomach,3,MTS,Tetrazolium Salt,cell metabolic activity,N,N,N,1.54,1.54,0.649350649,1,79.86,2,4.0,-1395.23559,502.72,681.67,10.088616,-10.089,-3.015,108,911.082,2,6.552,3.537,6.068519084,7.074,277.174898,0.282725474,121.74,2,0
2484,TiO2,,25.0,751.3148009,-9.96,AGS,H,Human,Epithelial,Stomach,3,MTS,Tetrazolium Salt,cell metabolic activity,N,N,N,1.54,1.54,0.649350649,1,79.86,2,4.0,-1395.23559,502.72,681.67,10.088616,-10.089,-3.015,108,911.082,2,6.552,3.537,6.068519084,7.074,277.174898,0.282725474,117.14,2,0
2485,TiO2,,25.0,1001.753068,-9.96,AGS,H,Human,Epithelial,Stomach,3,MTS,Tetrazolium Salt,cell metabolic activity,N,N,N,1.54,1.54,0.649350649,1,79.86,2,4.0,-1395.23559,502.72,681.67,10.088616,-10.089,-3.015,108,911.082,2,6.552,3.537,6.068519084,7.074,277.174898,0.282725474,121.74,2,0
2486,TiO2,,25.0,1252.191335,-9.96,AGS,H,Human,Epithelial,Stomach,3,MTS,Tetrazolium Salt,cell metabolic activity,N,N,N,1.54,1.54,0.649350649,1,79.86,2,4.0,-1395.23559,502.72,681.67,10.088616,-10.089,-3.015,108,911.082,2,6.552,3.537,6.068519084,7.074,277.174898,0.282725474,116.62,2,0
2487,TiO2,,25.0,1502.629602,-9.96,AGS,H,Human,Epithelial,Stomach,3,MTS,Tetrazolium Salt,cell metabolic activity,N,N,N,1.54,1.54,0.649350649,1,79.86,2,4.0,-1395.23559,502.72,681.67,10.088616,-10.089,-3.015,108,911.082,2,6.552,3.537,6.068519084,7.074,277.174898,0.282725474,125.32,2,0
2488,TiO2,,25.0,1878.287002,-9.96,AGS,H,Human,Epithelial,Stomach,3,MTS,Tetrazolium Salt,cell metabolic activity,N,N,N,1.54,1.54,0.649350649,1,79.86,2,4.0,-1395.23559,502.72,681.67,10.088616,-10.089,-3.015,108,911.082,2,6.552,3.537,6.068519084,7.074,277.174898,0.282725474,108.95,2,0
2489,TiO2,,25.0,250.438267,-9.96,AGS,H,Human,Epithelial,Stomach,6,MTS,Tetrazolium Salt,cell metabolic activity,N,N,N,1.54,1.54,0.649350649,1,79.86,2,4.0,-1395.23559,502.72,681.67,10.088616,-10.089,-3.015,108,911.082,2,6.552,3.537,6.068519084,7.074,277.174898,0.282725474,98.465,2,0
2490,TiO2,,25.0,500.8765339,-9.96,AGS,H,Human,Epithelial,Stomach,6,MTS,Tetrazolium Salt,cell metabolic activity,N,N,N,1.54,1.54,0.649350649,1,79.86,2,4.0,-1395.23559,502.72,681.67,10.088616,-10.089,-3.015,108,911.082,2,6.552,3.537,6.068519084,7.074,277.174898,0.282725474,103.32,2,0
2491,TiO2,,25.0,751.3148009,-9.96,AGS,H,Human,Epithelial,Stomach,6,MTS,Tetrazolium Salt,cell metabolic activity,N,N,N,1.54,1.54,0.649350649,1,79.86,2,4.0,-1395.23559,502.72,681.67,10.088616,-10.089,-3.015,108,911.082,2,6.552,3.537,6.068519084,7.074,277.174898,0.282725474,106.65,2,0
2492,TiO2,,25.0,1001.753068,-9.96,AGS,H,Human,Epithelial,Stomach,6,MTS,Tetrazolium Salt,cell metabolic activity,N,N,N,1.54,1.54,0.649350649,1,79.86,2,4.0,-1395.23559,502.72,681.67,10.088616,-10.089,-3.015,108,911.082,2,6.552,3.537,6.068519084,7.074,277.174898,0.282725474,108.95,2,0
2493,TiO2,,25.0,1252.191335,-9.96,AGS,H,Human,Epithelial,Stomach,6,MTS,Tetrazolium Salt,cell metabolic activity,N,N,N,1.54,1.54,0.649350649,1,79.86,2,4.0,-1395.23559,502.72,681.67,10.088616,-10.089,-3.015,108,911.082,2,6.552,3.537,6.068519084,7.074,277.174898,0.282725474,116.11,2,0
2494,TiO2,,25.0,1502.629602,-9.96,AGS,H,Human,Epithelial,Stomach,6,MTS,Tetrazolium Salt,cell metabolic activity,N,N,N,1.54,1.54,0.649350649,1,79.86,2,4.0,-1395.23559,502.72,681.67,10.088616,-10.089,-3.015,108,911.082,2,6.552,3.537,6.068519084,7.074,277.174898,0.282725474,119.44,2,0
2495,TiO2,,25.0,1878.287002,-9.96,AGS,H,Human,Epithelial,Stomach,6,MTS,Tetrazolium Salt,cell metabolic activity,N,N,N,1.54,1.54,0.649350649,1,79.86,2,4.0,-1395.23559,502.72,681.67,10.088616,-10.089,-3.015,108,911.082,2,6.552,3.537,6.068519084,7.074,277.174898,0.282725474,127.62,2,0
2496,TiO2,,25.0,250.438267,-9.96,AGS,H,Human,Epithelial,Stomach,24,MTS,Tetrazolium Salt,cell metabolic activity,N,N,N,1.54,1.54,0.649350649,1,79.86,2,4.0,-1395.23559,502.72,681.67,10.088616,-10.089,-3.015,108,911.082,2,6.552,3.537,6.068519084,7.074,277.174898,0.282725474,112.79,2,0
2497,TiO2,,25.0,500.8765339,-9.96,AGS,H,Human,Epithelial,Stomach,24,MTS,Tetrazolium Salt,cell metabolic activity,N,N,N,1.54,1.54,0.649350649,1,79.86,2,4.0,-1395.23559,502.72,681.67,10.088616,-10.089,-3.015,108,911.082,2,6.552,3.537,6.068519084,7.074,277.174898,0.282725474,113.81,2,0
2498,TiO2,,25.0,751.3148009,-9.96,AGS,H,Human,Epithelial,Stomach,24,MTS,Tetrazolium Salt,cell metabolic activity,N,N,N,1.54,1.54,0.649350649,1,79.86,2,4.0,-1395.23559,502.72,681.67,10.088616,-10.089,-3.015,108,911.082,2,6.552,3.537,6.068519084,7.074,277.174898,0.282725474,108.95,2,0
2499,TiO2,,25.0,1001.753068,-9.96,AGS,H,Human,Epithelial,Stomach,24,MTS,Tetrazolium Salt,cell metabolic activity,N,N,N,1.54,1.54,0.649350649,1,79.86,2,4.0,-1395.23559,502.72,681.67,10.088616,-10.089,-3.015,108,911.082,2,6.552,3.537,6.068519084,7.074,277.174898,0.282725474,113.81,2,0
2500,TiO2,,25.0,1252.191335,-9.96,AGS,H,Human,Epithelial,Stomach,24,MTS,Tetrazolium Salt,cell metabolic activity,N,N,N,1.54,1.54,0.649350649,1,79.86,2,4.0,-1395.23559,502.72,681.67,10.088616,-10.089,-3.015,108,911.082,2,6.552,3.537,6.068519084,7.074,277.174898,0.282725474,121.48,2,0
2501,TiO2,,25.0,1502.629602,-9.96,AGS,H,Human,Epithelial,Stomach,24,MTS,Tetrazolium Salt,cell metabolic activity,N,N,N,1.54,1.54,0.649350649,1,79.86,2,4.0,-1395.23559,502.72,681.67,10.088616,-10.089,-3.015,108,911.082,2,6.552,3.537,6.068519084,7.074,277.174898,0.282725474,124.3,2,0
2502,TiO2,,25.0,1878.287002,-9.96,AGS,H,Human,Epithelial,Stomach,24,MTS,Tetrazolium Salt,cell metabolic activity,N,N,N,1.54,1.54,0.649350649,1,79.86,2,4.0,-1395.23559,502.72,681.67,10.088616,-10.089,-3.015,108,911.082,2,6.552,3.537,6.068519084,7.074,277.174898,0.282725474,100.51,2,0
2503,TiO2,,21.0,250.438267,-27.8,AGS,H,Human,Epithelial,Stomach,3,MTS,Tetrazolium Salt,cell metabolic activity,N,N,N,1.54,1.54,0.649350649,1,79.86,2,4.0,-1395.23559,502.72,681.67,10.088616,-10.089,-3.015,108,911.082,2,6.552,3.537,6.068519084,7.074,277.174898,0.282725474,105.23,2,0
2504,TiO2,,21.0,500.8765339,-27.8,AGS,H,Human,Epithelial,Stomach,3,MTS,Tetrazolium Salt,cell metabolic activity,N,N,N,1.54,1.54,0.649350649,1,79.86,2,4.0,-1395.23559,502.72,681.67,10.088616,-10.089,-3.015,108,911.082,2,6.552,3.537,6.068519084,7.074,277.174898,0.282725474,103.08,2,0
2505,TiO2,,21.0,751.3148009,-27.8,AGS,H,Human,Epithelial,Stomach,3,MTS,Tetrazolium Salt,cell metabolic activity,N,N,N,1.54,1.54,0.649350649,1,79.86,2,4.0,-1395.23559,502.72,681.67,10.088616,-10.089,-3.015,108,911.082,2,6.552,3.537,6.068519084,7.074,277.174898,0.282725474,103.69,2,0
2506,TiO2,,21.0,1001.753068,-27.8,AGS,H,Human,Epithelial,Stomach,3,MTS,Tetrazolium Salt,cell metabolic activity,N,N,N,1.54,1.54,0.649350649,1,79.86,2,4.0,-1395.23559,502.72,681.67,10.088616,-10.089,-3.015,108,911.082,2,6.552,3.537,6.068519084,7.074,277.174898,0.282725474,106.15,2,0
2507,TiO2,,21.0,1252.191335,-27.8,AGS,H,Human,Epithelial,Stomach,3,MTS,Tetrazolium Salt,cell metabolic activity,N,N,N,1.54,1.54,0.649350649,1,79.86,2,4.0,-1395.23559,502.72,681.67,10.088616,-10.089,-3.015,108,911.082,2,6.552,3.537,6.068519084,7.074,277.174898,0.282725474,98.462,2,0
2508,TiO2,,21.0,1502.629602,-27.8,AGS,H,Human,Epithelial,Stomach,3,MTS,Tetrazolium Salt,cell metabolic activity,N,N,N,1.54,1.54,0.649350649,1,79.86,2,4.0,-1395.23559,502.72,681.67,10.088616,-10.089,-3.015,108,911.082,2,6.552,3.537,6.068519084,7.074,277.174898,0.282725474,95.077,2,0
2509,TiO2,,21.0,1878.287002,-27.8,AGS,H,Human,Epithelial,Stomach,3,MTS,Tetrazolium Salt,cell metabolic activity,N,N,N,1.54,1.54,0.649350649,1,79.86,2,4.0,-1395.23559,502.72,681.67,10.088616,-10.089,-3.015,108,911.082,2,6.552,3.537,6.068519084,7.074,277.174898,0.282725474,100.62,2,0
2510,TiO2,,21.0,250.438267,-27.8,AGS,H,Human,Epithelial,Stomach,6,MTS,Tetrazolium Salt,cell metabolic activity,N,N,N,1.54,1.54,0.649350649,1,79.86,2,4.0,-1395.23559,502.72,681.67,10.088616,-10.089,-3.015,108,911.082,2,6.552,3.537,6.068519084,7.074,277.174898,0.282725474,133.85,2,0
2511,TiO2,,21.0,500.8765339,-27.8,AGS,H,Human,Epithelial,Stomach,6,MTS,Tetrazolium Salt,cell metabolic activity,N,N,N,1.54,1.54,0.649350649,1,79.86,2,4.0,-1395.23559,502.72,681.67,10.088616,-10.089,-3.015,108,911.082,2,6.552,3.537,6.068519084,7.074,277.174898,0.282725474,132.0,2,0
2512,TiO2,,21.0,751.3148009,-27.8,AGS,H,Human,Epithelial,Stomach,6,MTS,Tetrazolium Salt,cell metabolic activity,N,N,N,1.54,1.54,0.649350649,1,79.86,2,4.0,-1395.23559,502.72,681.67,10.088616,-10.089,-3.015,108,911.082,2,6.552,3.537,6.068519084,7.074,277.174898,0.282725474,134.15,2,0
2513,TiO2,,21.0,1001.753068,-27.8,AGS,H,Human,Epithelial,Stomach,6,MTS,Tetrazolium Salt,cell metabolic activity,N,N,N,1.54,1.54,0.649350649,1,79.86,2,4.0,-1395.23559,502.72,681.67,10.088616,-10.089,-3.015,108,911.082,2,6.552,3.537,6.068519084,7.074,277.174898,0.282725474,128.31,2,0
2514,TiO2,,21.0,1252.191335,-27.8,AGS,H,Human,Epithelial,Stomach,6,MTS,Tetrazolium Salt,cell metabolic activity,N,N,N,1.54,1.54,0.649350649,1,79.86,2,4.0,-1395.23559,502.72,681.67,10.088616,-10.089,-3.015,108,911.082,2,6.552,3.537,6.068519084,7.074,277.174898,0.282725474,139.08,2,0
2515,TiO2,,21.0,1502.629602,-27.8,AGS,H,Human,Epithelial,Stomach,6,MTS,Tetrazolium Salt,cell metabolic activity,N,N,N,1.54,1.54,0.649350649,1,79.86,2,4.0,-1395.23559,502.72,681.67,10.088616,-10.089,-3.015,108,911.082,2,6.552,3.537,6.068519084,7.074,277.174898,0.282725474,135.38,2,0
2516,TiO2,,21.0,1878.287002,-27.8,AGS,H,Human,Epithelial,Stomach,6,MTS,Tetrazolium Salt,cell metabolic activity,N,N,N,1.54,1.54,0.649350649,1,79.86,2,4.0,-1395.23559,502.72,681.67,10.088616,-10.089,-3.015,108,911.082,2,6.552,3.537,6.068519084,7.074,277.174898,0.282725474,128.0,2,0
2517,TiO2,,21.0,250.438267,-27.8,AGS,H,Human,Epithelial,Stomach,24,MTS,Tetrazolium Salt,cell metabolic activity,N,N,N,1.54,1.54,0.649350649,1,79.86,2,4.0,-1395.23559,502.72,681.67,10.088616,-10.089,-3.015,108,911.082,2,6.552,3.537,6.068519084,7.074,277.174898,0.282725474,107.08,2,0
2518,TiO2,,21.0,500.8765339,-27.8,AGS,H,Human,Epithelial,Stomach,24,MTS,Tetrazolium Salt,cell metabolic activity,N,N,N,1.54,1.54,0.649350649,1,79.86,2,4.0,-1395.23559,502.72,681.67,10.088616,-10.089,-3.015,108,911.082,2,6.552,3.537,6.068519084,7.074,277.174898,0.282725474,110.15,2,0
2519,TiO2,,21.0,751.3148009,-27.8,AGS,H,Human,Epithelial,Stomach,24,MTS,Tetrazolium Salt,cell metabolic activity,N,N,N,1.54,1.54,0.649350649,1,79.86,2,4.0,-1395.23559,502.72,681.67,10.088616,-10.089,-3.015,108,911.082,2,6.552,3.537,6.068519084,7.074,277.174898,0.282725474,109.54,2,0
2520,TiO2,,21.0,1001.753068,-27.8,AGS,H,Human,Epithelial,Stomach,24,MTS,Tetrazolium Salt,cell metabolic activity,N,N,N,1.54,1.54,0.649350649,1,79.86,2,4.0,-1395.23559,502.72,681.67,10.088616,-10.089,-3.015,108,911.082,2,6.552,3.537,6.068519084,7.074,277.174898,0.282725474,118.15,2,0
2521,TiO2,,21.0,1252.191335,-27.8,AGS,H,Human,Epithelial,Stomach,24,MTS,Tetrazolium Salt,cell metabolic activity,N,N,N,1.54,1.54,0.649350649,1,79.86,2,4.0,-1395.23559,502.72,681.67,10.088616,-10.089,-3.015,108,911.082,2,6.552,3.537,6.068519084,7.074,277.174898,0.282725474,118.46,2,0
2522,TiO2,,21.0,1502.629602,-27.8,AGS,H,Human,Epithelial,Stomach,24,MTS,Tetrazolium Salt,cell metabolic activity,N,N,N,1.54,1.54,0.649350649,1,79.86,2,4.0,-1395.23559,502.72,681.67,10.088616,-10.089,-3.015,108,911.082,2,6.552,3.537,6.068519084,7.074,277.174898,0.282725474,124.0,2,0
2523,TiO2,,21.0,1878.287002,-27.8,AGS,H,Human,Epithelial,Stomach,24,MTS,Tetrazolium Salt,cell metabolic activity,N,N,N,1.54,1.54,0.649350649,1,79.86,2,4.0,-1395.23559,502.72,681.67,10.088616,-10.089,-3.015,108,911.082,2,6.552,3.537,6.068519084,7.074,277.174898,0.282725474,110.77,2,0
2524,TiO2,,24.0,12.52191335,-43.29,A549,H,Human,Epithelial,Lung,24,MTT,Tetrazolium Salt,cell metabolic activity,N,N,N,1.54,1.54,0.649350649,1,79.86,2,4.0,-1395.23559,502.72,681.67,10.088616,-10.089,-3.015,108,911.082,2,6.552,3.537,6.068519084,7.074,277.174898,0.282725474,104.88,2,0
2525,TiO2,,24.0,31.30478337,-43.29,A549,H,Human,Epithelial,Lung,24,MTT,Tetrazolium Salt,cell metabolic activity,N,N,N,1.54,1.54,0.649350649,1,79.86,2,4.0,-1395.23559,502.72,681.67,10.088616,-10.089,-3.015,108,911.082,2,6.552,3.537,6.068519084,7.074,277.174898,0.282725474,101.8,2,0
2526,TiO2,,24.0,62.60956674,-43.29,A549,H,Human,Epithelial,Lung,24,MTT,Tetrazolium Salt,cell metabolic activity,N,N,N,1.54,1.54,0.649350649,1,79.86,2,4.0,-1395.23559,502.72,681.67,10.088616,-10.089,-3.015,108,911.082,2,6.552,3.537,6.068519084,7.074,277.174898,0.282725474,101.8,2,0
2527,TiO2,,24.0,125.2191335,-43.29,A549,H,Human,Epithelial,Lung,24,MTT,Tetrazolium Salt,cell metabolic activity,N,N,N,1.54,1.54,0.649350649,1,79.86,2,4.0,-1395.23559,502.72,681.67,10.088616,-10.089,-3.015,108,911.082,2,6.552,3.537,6.068519084,7.074,277.174898,0.282725474,105.66,2,0
2528,TiO2,,24.0,626.0956674,-43.29,A549,H,Human,Epithelial,Lung,24,MTT,Tetrazolium Salt,cell metabolic activity,N,N,N,1.54,1.54,0.649350649,1,79.86,2,4.0,-1395.23559,502.72,681.67,10.088616,-10.089,-3.015,108,911.082,2,6.552,3.537,6.068519084,7.074,277.174898,0.282725474,91.517,2,0
2529,ZnO,,165.0,1.01e-09,-26.0,A431,H,Human,Epithelial,Skin,3,MTT,Tetrazolium Salt,cell metabolic activity,N,N,N,1.65,1.65,0.606060606,1,81.38,1,2.0,-725.87448,322.92,463.16,5.91594,-5.916,-2.018,62,1351.451,2,3.967,1.949,4.037221396,3.898,216.66638,0.513083633,100.481926,2,0
2530,ZnO,,165.0,1.01e-08,-26.0,A431,H,Human,Epithelial,Skin,3,MTT,Tetrazolium Salt,cell metabolic activity,N,N,N,1.65,1.65,0.606060606,1,81.38,1,2.0,-725.87448,322.92,463.16,5.91594,-5.916,-2.018,62,1351.451,2,3.967,1.949,4.037221396,3.898,216.66638,0.513083633,96.14458,2,0
2531,ZnO,,165.0,1.01e-07,-26.0,A431,H,Human,Epithelial,Skin,3,MTT,Tetrazolium Salt,cell metabolic activity,N,N,N,1.65,1.65,0.606060606,1,81.38,1,2.0,-725.87448,322.92,463.16,5.91594,-5.916,-2.018,62,1351.451,2,3.967,1.949,4.037221396,3.898,216.66638,0.513083633,91.084335,2,0
2532,ZnO,,165.0,6.29e-07,-26.0,A431,H,Human,Epithelial,Skin,3,MTT,Tetrazolium Salt,cell metabolic activity,N,N,N,1.65,1.65,0.606060606,1,81.38,1,2.0,-725.87448,322.92,463.16,5.91594,-5.916,-2.018,62,1351.451,2,3.967,1.949,4.037221396,3.898,216.66638,0.513083633,86.02409,2,0
2533,ZnO,,165.0,1.01e-06,-26.0,A431,H,Human,Epithelial,Skin,3,MTT,Tetrazolium Salt,cell metabolic activity,N,N,N,1.65,1.65,0.606060606,1,81.38,1,2.0,-725.87448,322.92,463.16,5.91594,-5.916,-2.018,62,1351.451,2,3.967,1.949,4.037221396,3.898,216.66638,0.513083633,86.02409,2,0
2534,ZnO,,165.0,2.52e-06,-26.0,A431,H,Human,Epithelial,Skin,3,MTT,Tetrazolium Salt,cell metabolic activity,N,N,N,1.65,1.65,0.606060606,1,81.38,1,2.0,-725.87448,322.92,463.16,5.91594,-5.916,-2.018,62,1351.451,2,3.967,1.949,4.037221396,3.898,216.66638,0.513083633,69.39759,2,0
2535,ZnO,,165.0,1.01e-09,-26.0,A431,H,Human,Epithelial,Skin,6,MTT,Tetrazolium Salt,cell metabolic activity,N,N,N,1.65,1.65,0.606060606,1,81.38,1,2.0,-725.87448,322.92,463.16,5.91594,-5.916,-2.018,62,1351.451,2,3.967,1.949,4.037221396,3.898,216.66638,0.513083633,96.14458,2,0
2536,ZnO,,165.0,1.01e-08,-26.0,A431,H,Human,Epithelial,Skin,6,MTT,Tetrazolium Salt,cell metabolic activity,N,N,N,1.65,1.65,0.606060606,1,81.38,1,2.0,-725.87448,322.92,463.16,5.91594,-5.916,-2.018,62,1351.451,2,3.967,1.949,4.037221396,3.898,216.66638,0.513083633,93.97591,2,0
2537,ZnO,,165.0,1.01e-07,-26.0,A431,H,Human,Epithelial,Skin,6,MTT,Tetrazolium Salt,cell metabolic activity,N,N,N,1.65,1.65,0.606060606,1,81.38,1,2.0,-725.87448,322.92,463.16,5.91594,-5.916,-2.018,62,1351.451,2,3.967,1.949,4.037221396,3.898,216.66638,0.513083633,90.36144,2,0
2538,ZnO,,165.0,6.29e-07,-26.0,A431,H,Human,Epithelial,Skin,6,MTT,Tetrazolium Salt,cell metabolic activity,N,N,N,1.65,1.65,0.606060606,1,81.38,1,2.0,-725.87448,322.92,463.16,5.91594,-5.916,-2.018,62,1351.451,2,3.967,1.949,4.037221396,3.898,216.66638,0.513083633,85.30121,2,0
2539,ZnO,,165.0,1.01e-06,-26.0,A431,H,Human,Epithelial,Skin,6,MTT,Tetrazolium Salt,cell metabolic activity,N,N,N,1.65,1.65,0.606060606,1,81.38,1,2.0,-725.87448,322.92,463.16,5.91594,-5.916,-2.018,62,1351.451,2,3.967,1.949,4.037221396,3.898,216.66638,0.513083633,76.6265,2,0
2540,ZnO,,165.0,2.52e-06,-26.0,A431,H,Human,Epithelial,Skin,6,MTT,Tetrazolium Salt,cell metabolic activity,N,N,N,1.65,1.65,0.606060606,1,81.38,1,2.0,-725.87448,322.92,463.16,5.91594,-5.916,-2.018,62,1351.451,2,3.967,1.949,4.037221396,3.898,216.66638,0.513083633,63.614456,2,0
2541,ZnO,,165.0,1.01e-09,-26.0,A431,H,Human,Epithelial,Skin,24,MTT,Tetrazolium Salt,cell metabolic activity,N,N,N,1.65,1.65,0.606060606,1,81.38,1,2.0,-725.87448,322.92,463.16,5.91594,-5.916,-2.018,62,1351.451,2,3.967,1.949,4.037221396,3.898,216.66638,0.513083633,99.75903,2,0
2542,ZnO,,165.0,1.01e-08,-26.0,A431,H,Human,Epithelial,Skin,24,MTT,Tetrazolium Salt,cell metabolic activity,N,N,N,1.65,1.65,0.606060606,1,81.38,1,2.0,-725.87448,322.92,463.16,5.91594,-5.916,-2.018,62,1351.451,2,3.967,1.949,4.037221396,3.898,216.66638,0.513083633,88.19277,2,0
2543,ZnO,,165.0,1.01e-07,-26.0,A431,H,Human,Epithelial,Skin,24,MTT,Tetrazolium Salt,cell metabolic activity,N,N,N,1.65,1.65,0.606060606,1,81.38,1,2.0,-725.87448,322.92,463.16,5.91594,-5.916,-2.018,62,1351.451,2,3.967,1.949,4.037221396,3.898,216.66638,0.513083633,86.02409,2,0
2544,ZnO,,165.0,6.29e-07,-26.0,A431,H,Human,Epithelial,Skin,24,MTT,Tetrazolium Salt,cell metabolic activity,N,N,N,1.65,1.65,0.606060606,1,81.38,1,2.0,-725.87448,322.92,463.16,5.91594,-5.916,-2.018,62,1351.451,2,3.967,1.949,4.037221396,3.898,216.66638,0.513083633,52.04819,2,0
2545,ZnO,,165.0,1.01e-06,-26.0,A431,H,Human,Epithelial,Skin,24,MTT,Tetrazolium Salt,cell metabolic activity,N,N,N,1.65,1.65,0.606060606,1,81.38,1,2.0,-725.87448,322.92,463.16,5.91594,-5.916,-2.018,62,1351.451,2,3.967,1.949,4.037221396,3.898,216.66638,0.513083633,26.024096,1,1
2546,ZnO,,165.0,2.52e-06,-26.0,A431,H,Human,Epithelial,Skin,24,MTT,Tetrazolium Salt,cell metabolic activity,N,N,N,1.65,1.65,0.606060606,1,81.38,1,2.0,-725.87448,322.92,463.16,5.91594,-5.916,-2.018,62,1351.451,2,3.967,1.949,4.037221396,3.898,216.66638,0.513083633,7.2289157,1,1
2547,ZnO,,165.0,1.01e-09,-26.0,A431,H,Human,Epithelial,Skin,48,MTT,Tetrazolium Salt,cell metabolic activity,N,N,N,1.65,1.65,0.606060606,1,81.38,1,2.0,-725.87448,322.92,463.16,5.91594,-5.916,-2.018,62,1351.451,2,3.967,1.949,4.037221396,3.898,216.66638,0.513083633,90.36144,2,0
2548,ZnO,,165.0,1.01e-08,-26.0,A431,H,Human,Epithelial,Skin,48,MTT,Tetrazolium Salt,cell metabolic activity,N,N,N,1.65,1.65,0.606060606,1,81.38,1,2.0,-725.87448,322.92,463.16,5.91594,-5.916,-2.018,62,1351.451,2,3.967,1.949,4.037221396,3.898,216.66638,0.513083633,88.19277,2,0
2549,ZnO,,165.0,1.01e-07,-26.0,A431,H,Human,Epithelial,Skin,48,MTT,Tetrazolium Salt,cell metabolic activity,N,N,N,1.65,1.65,0.606060606,1,81.38,1,2.0,-725.87448,322.92,463.16,5.91594,-5.916,-2.018,62,1351.451,2,3.967,1.949,4.037221396,3.898,216.66638,0.513083633,86.02409,2,0
2550,ZnO,,165.0,6.29e-07,-26.0,A431,H,Human,Epithelial,Skin,48,MTT,Tetrazolium Salt,cell metabolic activity,N,N,N,1.65,1.65,0.606060606,1,81.38,1,2.0,-725.87448,322.92,463.16,5.91594,-5.916,-2.018,62,1351.451,2,3.967,1.949,4.037221396,3.898,216.66638,0.513083633,41.92771,1,1
2551,ZnO,,165.0,1.01e-06,-26.0,A431,H,Human,Epithelial,Skin,48,MTT,Tetrazolium Salt,cell metabolic activity,N,N,N,1.65,1.65,0.606060606,1,81.38,1,2.0,-725.87448,322.92,463.16,5.91594,-5.916,-2.018,62,1351.451,2,3.967,1.949,4.037221396,3.898,216.66638,0.513083633,9.397591,1,1
2552,ZnO,,165.0,2.52e-06,-26.0,A431,H,Human,Epithelial,Skin,48,MTT,Tetrazolium Salt,cell metabolic activity,N,N,N,1.65,1.65,0.606060606,1,81.38,1,2.0,-725.87448,322.92,463.16,5.91594,-5.916,-2.018,62,1351.451,2,3.967,1.949,4.037221396,3.898,216.66638,0.513083633,6.506024,1,1
2553,ZnO,,165.0,1.01e-09,-26.0,A431,H,Human,Epithelial,Skin,3,NR,toluylene red,lysosomal uptake,N,N,N,1.65,1.65,0.606060606,1,81.38,1,2.0,-725.87448,322.92,463.16,5.91594,-5.916,-2.018,62,1351.451,2,3.967,1.949,4.037221396,3.898,216.66638,0.513083633,100.52232,2,0
2554,ZnO,,165.0,1.01e-08,-26.0,A431,H,Human,Epithelial,Skin,3,NR,toluylene red,lysosomal uptake,N,N,N,1.65,1.65,0.606060606,1,81.38,1,2.0,-725.87448,322.92,463.16,5.91594,-5.916,-2.018,62,1351.451,2,3.967,1.949,4.037221396,3.898,216.66638,0.513083633,97.6419,2,0
2555,ZnO,,165.0,1.01e-07,-26.0,A431,H,Human,Epithelial,Skin,3,NR,toluylene red,lysosomal uptake,N,N,N,1.65,1.65,0.606060606,1,81.38,1,2.0,-725.87448,322.92,463.16,5.91594,-5.916,-2.018,62,1351.451,2,3.967,1.949,4.037221396,3.898,216.66638,0.513083633,98.22968,2,0
2556,ZnO,,165.0,6.29e-07,-26.0,A431,H,Human,Epithelial,Skin,3,NR,toluylene red,lysosomal uptake,N,N,N,1.65,1.65,0.606060606,1,81.38,1,2.0,-725.87448,322.92,463.16,5.91594,-5.916,-2.018,62,1351.451,2,3.967,1.949,4.037221396,3.898,216.66638,0.513083633,104.363815,2,0
2557,ZnO,,165.0,1.01e-06,-26.0,A431,H,Human,Epithelial,Skin,3,NR,toluylene red,lysosomal uptake,N,N,N,1.65,1.65,0.606060606,1,81.38,1,2.0,-725.87448,322.92,463.16,5.91594,-5.916,-2.018,62,1351.451,2,3.967,1.949,4.037221396,3.898,216.66638,0.513083633,101.48339,2,0
2558,ZnO,,165.0,2.52e-06,-26.0,A431,H,Human,Epithelial,Skin,3,NR,toluylene red,lysosomal uptake,N,N,N,1.65,1.65,0.606060606,1,81.38,1,2.0,-725.87448,322.92,463.16,5.91594,-5.916,-2.018,62,1351.451,2,3.967,1.949,4.037221396,3.898,216.66638,0.513083633,99.29382,2,0
2559,ZnO,,165.0,1.01e-09,-26.0,A431,H,Human,Epithelial,Skin,6,NR,toluylene red,lysosomal uptake,N,N,N,1.65,1.65,0.606060606,1,81.38,1,2.0,-725.87448,322.92,463.16,5.91594,-5.916,-2.018,62,1351.451,2,3.967,1.949,4.037221396,3.898,216.66638,0.513083633,99.02918,2,0
2560,ZnO,,165.0,1.01e-08,-26.0,A431,H,Human,Epithelial,Skin,6,NR,toluylene red,lysosomal uptake,N,N,N,1.65,1.65,0.606060606,1,81.38,1,2.0,-725.87448,322.92,463.16,5.91594,-5.916,-2.018,62,1351.451,2,3.967,1.949,4.037221396,3.898,216.66638,0.513083633,98.22968,2,0
2561,ZnO,,165.0,1.01e-07,-26.0,A431,H,Human,Epithelial,Skin,6,NR,toluylene red,lysosomal uptake,N,N,N,1.65,1.65,0.606060606,1,81.38,1,2.0,-725.87448,322.92,463.16,5.91594,-5.916,-2.018,62,1351.451,2,3.967,1.949,4.037221396,3.898,216.66638,0.513083633,95.34369,2,0
2562,ZnO,,165.0,6.29e-07,-26.0,A431,H,Human,Epithelial,Skin,6,NR,toluylene red,lysosomal uptake,N,N,N,1.65,1.65,0.606060606,1,81.38,1,2.0,-725.87448,322.92,463.16,5.91594,-5.916,-2.018,62,1351.451,2,3.967,1.949,4.037221396,3.898,216.66638,0.513083633,92.463264,2,0
2563,ZnO,,165.0,1.01e-06,-26.0,A431,H,Human,Epithelial,Skin,6,NR,toluylene red,lysosomal uptake,N,N,N,1.65,1.65,0.606060606,1,81.38,1,2.0,-725.87448,322.92,463.16,5.91594,-5.916,-2.018,62,1351.451,2,3.967,1.949,4.037221396,3.898,216.66638,0.513083633,82.640854,2,0
2564,ZnO,,165.0,2.52e-06,-26.0,A431,H,Human,Epithelial,Skin,6,NR,toluylene red,lysosomal uptake,N,N,N,1.65,1.65,0.606060606,1,81.38,1,2.0,-725.87448,322.92,463.16,5.91594,-5.916,-2.018,62,1351.451,2,3.967,1.949,4.037221396,3.898,216.66638,0.513083633,63.115814,2,0
2565,ZnO,,165.0,1.01e-09,-26.0,A431,H,Human,Epithelial,Skin,24,NR,toluylene red,lysosomal uptake,N,N,N,1.65,1.65,0.606060606,1,81.38,1,2.0,-725.87448,322.92,463.16,5.91594,-5.916,-2.018,62,1351.451,2,3.967,1.949,4.037221396,3.898,216.66638,0.513083633,101.80375,2,0
2566,ZnO,,165.0,1.01e-08,-26.0,A431,H,Human,Epithelial,Skin,24,NR,toluylene red,lysosomal uptake,N,N,N,1.65,1.65,0.606060606,1,81.38,1,2.0,-725.87448,322.92,463.16,5.91594,-5.916,-2.018,62,1351.451,2,3.967,1.949,4.037221396,3.898,216.66638,0.513083633,101.001465,2,0
2567,ZnO,,165.0,1.01e-07,-26.0,A431,H,Human,Epithelial,Skin,24,NR,toluylene red,lysosomal uptake,N,N,N,1.65,1.65,0.606060606,1,81.38,1,2.0,-725.87448,322.92,463.16,5.91594,-5.916,-2.018,62,1351.451,2,3.967,1.949,4.037221396,3.898,216.66638,0.513083633,97.424614,2,0
2568,ZnO,,165.0,6.29e-07,-26.0,A431,H,Human,Epithelial,Skin,24,NR,toluylene red,lysosomal uptake,N,N,N,1.65,1.65,0.606060606,1,81.38,1,2.0,-725.87448,322.92,463.16,5.91594,-5.916,-2.018,62,1351.451,2,3.967,1.949,4.037221396,3.898,216.66638,0.513083633,88.99784,2,0
2569,ZnO,,165.0,1.01e-06,-26.0,A431,H,Human,Epithelial,Skin,24,NR,toluylene red,lysosomal uptake,N,N,N,1.65,1.65,0.606060606,1,81.38,1,2.0,-725.87448,322.92,463.16,5.91594,-5.916,-2.018,62,1351.451,2,3.967,1.949,4.037221396,3.898,216.66638,0.513083633,54.897972,2,0
2570,ZnO,,165.0,2.52e-06,-26.0,A431,H,Human,Epithelial,Skin,24,NR,toluylene red,lysosomal uptake,N,N,N,1.65,1.65,0.606060606,1,81.38,1,2.0,-725.87448,322.92,463.16,5.91594,-5.916,-2.018,62,1351.451,2,3.967,1.949,4.037221396,3.898,216.66638,0.513083633,48.549343,1,1
2571,ZnO,,165.0,1.01e-09,-26.0,A431,H,Human,Epithelial,Skin,48,NR,toluylene red,lysosomal uptake,N,N,N,1.65,1.65,0.606060606,1,81.38,1,2.0,-725.87448,322.92,463.16,5.91594,-5.916,-2.018,62,1351.451,2,3.967,1.949,4.037221396,3.898,216.66638,0.513083633,93.477264,2,0
2572,ZnO,,165.0,1.01e-08,-26.0,A431,H,Human,Epithelial,Skin,48,NR,toluylene red,lysosomal uptake,N,N,N,1.65,1.65,0.606060606,1,81.38,1,2.0,-725.87448,322.92,463.16,5.91594,-5.916,-2.018,62,1351.451,2,3.967,1.949,4.037221396,3.898,216.66638,0.513083633,91.98412,2,0
2573,ZnO,,165.0,1.01e-07,-26.0,A431,H,Human,Epithelial,Skin,48,NR,toluylene red,lysosomal uptake,N,N,N,1.65,1.65,0.606060606,1,81.38,1,2.0,-725.87448,322.92,463.16,5.91594,-5.916,-2.018,62,1351.451,2,3.967,1.949,4.037221396,3.898,216.66638,0.513083633,96.73376,2,0
2574,ZnO,,165.0,6.29e-07,-26.0,A431,H,Human,Epithelial,Skin,48,NR,toluylene red,lysosomal uptake,N,N,N,1.65,1.65,0.606060606,1,81.38,1,2.0,-725.87448,322.92,463.16,5.91594,-5.916,-2.018,62,1351.451,2,3.967,1.949,4.037221396,3.898,216.66638,0.513083633,69.57309,2,0
2575,ZnO,,165.0,1.01e-06,-26.0,A431,H,Human,Epithelial,Skin,48,NR,toluylene red,lysosomal uptake,N,N,N,1.65,1.65,0.606060606,1,81.38,1,2.0,-725.87448,322.92,463.16,5.91594,-5.916,-2.018,62,1351.451,2,3.967,1.949,4.037221396,3.898,216.66638,0.513083633,43.79971,1,1
2576,ZnO,,165.0,2.52e-06,-26.0,A431,H,Human,Epithelial,Skin,48,NR,toluylene red,lysosomal uptake,N,N,N,1.65,1.65,0.606060606,1,81.38,1,2.0,-725.87448,322.92,463.16,5.91594,-5.916,-2.018,62,1351.451,2,3.967,1.949,4.037221396,3.898,216.66638,0.513083633,34.67651,1,1
2577,ZnO,,10.0,0.000847968,43.8,RAW264.7,A,Mouse,Monocyte/Macrophage,Blood,24,WST1,Tetrazolium Salt,cell metabolic activity,Y,N,Y,1.65,1.65,0.606060606,1,81.38,1,2.0,-725.87448,322.92,463.16,5.91594,-5.916,-2.018,62,1351.451,2,3.967,1.949,4.037221396,3.898,216.66638,0.513083633,124.066376,2,0
2578,ZnO,,11.0,0.002703539,43.8,RAW264.7,A,Mouse,Monocyte/Macrophage,Blood,24,WST1,Tetrazolium Salt,cell metabolic activity,Y,N,Y,1.65,1.65,0.606060606,1,81.38,1,2.0,-725.87448,322.92,463.16,5.91594,-5.916,-2.018,62,1351.451,2,3.967,1.949,4.037221396,3.898,216.66638,0.513083633,136.3089,2,0
2579,ZnO,,12.0,0.003617543,43.8,RAW264.7,A,Mouse,Monocyte/Macrophage,Blood,24,WST1,Tetrazolium Salt,cell metabolic activity,Y,N,Y,1.65,1.65,0.606060606,1,81.38,1,2.0,-725.87448,322.92,463.16,5.91594,-5.916,-2.018,62,1351.451,2,3.967,1.949,4.037221396,3.898,216.66638,0.513083633,76.85051,2,0
2580,ZnO,,13.0,0.010059326,43.8,RAW264.7,A,Mouse,Monocyte/Macrophage,Blood,24,WST1,Tetrazolium Salt,cell metabolic activity,Y,N,Y,1.65,1.65,0.606060606,1,81.38,1,2.0,-725.87448,322.92,463.16,5.91594,-5.916,-2.018,62,1351.451,2,3.967,1.949,4.037221396,3.898,216.66638,0.513083633,31.543184,1,1
2581,ZnO,,14.0,0.014431936,43.8,RAW264.7,A,Mouse,Monocyte/Macrophage,Blood,24,WST1,Tetrazolium Salt,cell metabolic activity,Y,N,Y,1.65,1.65,0.606060606,1,81.38,1,2.0,-725.87448,322.92,463.16,5.91594,-5.916,-2.018,62,1351.451,2,3.967,1.949,4.037221396,3.898,216.66638,0.513083633,27.747828,1,1
2582,ZnO,,15.0,0.000132847,-27.0,RAW264.7,A,Mouse,Monocyte/Macrophage,Blood,24,LDH,LDH activity assay kit,LDH leakage,Y,N,Y,1.65,1.65,0.606060606,1,81.38,1,2.0,-725.87448,322.92,463.16,5.91594,-5.916,-2.018,62,1351.451,2,3.967,1.949,4.037221396,3.898,216.66638,0.513083633,27.093307,1,1
2583,ZnO,,16.0,0.000500173,-27.0,RAW264.7,A,Mouse,Monocyte/Macrophage,Blood,24,LDH,LDH activity assay kit,LDH leakage,Y,N,Y,1.65,1.65,0.606060606,1,81.38,1,2.0,-725.87448,322.92,463.16,5.91594,-5.916,-2.018,62,1351.451,2,3.967,1.949,4.037221396,3.898,216.66638,0.513083633,52.859447,2,0
2584,ZnO,,17.0,0.000767857,-27.0,RAW264.7,A,Mouse,Monocyte/Macrophage,Blood,24,LDH,LDH activity assay kit,LDH leakage,Y,N,Y,1.65,1.65,0.606060606,1,81.38,1,2.0,-725.87448,322.92,463.16,5.91594,-5.916,-2.018,62,1351.451,2,3.967,1.949,4.037221396,3.898,216.66638,0.513083633,54.383,2,0
2585,ZnO,,18.0,0.002397322,-27.0,RAW264.7,A,Mouse,Monocyte/Macrophage,Blood,24,LDH,LDH activity assay kit,LDH leakage,Y,N,Y,1.65,1.65,0.606060606,1,81.38,1,2.0,-725.87448,322.92,463.16,5.91594,-5.916,-2.018,62,1351.451,2,3.967,1.949,4.037221396,3.898,216.66638,0.513083633,54.391384,2,0
2586,ZnO,,19.0,0.003797704,-27.0,RAW264.7,A,Mouse,Monocyte/Macrophage,Blood,24,LDH,LDH activity assay kit,LDH leakage,Y,N,Y,1.65,1.65,0.606060606,1,81.38,1,2.0,-725.87448,322.92,463.16,5.91594,-5.916,-2.018,62,1351.451,2,3.967,1.949,4.037221396,3.898,216.66638,0.513083633,52.12703,2,0
2587,ZnO,,112.0,1.61e-05,-11.0,Caco2,H,Human,Epithelial,Colon,24,Live/Dead,Trypan Blue,cell membrane integrity,N,Y,Y,1.65,1.65,0.273224044,1,81.38,1,2.0,-1243.5544,408.48,633.93,10.715248,-10.715,-4.819,128,1165.8436,2,7.767,2.948,10.23173151,5.896,52.909352,0.339213026,98.0,2,0
2588,ZnO,,112.0,1.61e-05,-11.0,Caco2,H,Human,Epithelial,Colon,24,Live/Dead,Trypan Blue,cell membrane integrity,N,Y,Y,1.65,1.65,0.273224044,1,81.38,1,2.0,-1243.5544,408.48,633.93,10.715248,-10.715,-4.819,128,1165.8436,2,7.767,2.948,10.23173151,5.896,52.909352,0.339213026,100.0,2,0
2589,ZnO,,112.0,1.61e-05,-11.0,Caco2,H,Human,Epithelial,Colon,24,LDH,LDH activity assay kit,LDH leakage,N,Y,Y,1.65,1.65,0.606060606,1,81.38,1,2.0,-725.87448,322.92,463.16,5.91594,-5.916,-2.018,62,1351.451,2,3.967,1.949,4.037221396,3.898,216.66638,0.513083633,81.052635,2,0
2590,ZnO,,112.0,1.61e-05,-26.0,Caco2,H,Human,Epithelial,Colon,24,MTT,Tetrazolium Salt,cell metabolic activity,N,Y,Y,1.65,1.65,0.606060606,1,81.38,1,2.0,-725.87448,322.92,463.16,5.91594,-5.916,-2.018,62,1351.451,2,3.967,1.949,4.037221396,3.898,216.66638,0.513083633,69.632324,2,0
2591,ZnO,,24.0,2.04e-05,43.8,A549,H,Human,Epithelial,Lung,48,WST1,Tetrazolium Salt,cell metabolic activity,N,N,N,1.65,1.65,0.606060606,1,81.38,1,2.0,-725.87448,322.92,463.16,5.91594,-5.916,-2.018,62,1351.451,2,3.967,1.949,4.037221396,3.898,216.66638,0.513083633,100.03914,2,0
2592,ZnO,,24.0,0.000204467,43.8,A549,H,Human,Epithelial,Lung,48,WST1,Tetrazolium Salt,cell metabolic activity,N,N,N,1.65,1.65,0.606060606,1,81.38,1,2.0,-725.87448,322.92,463.16,5.91594,-5.916,-2.018,62,1351.451,2,3.967,1.949,4.037221396,3.898,216.66638,0.513083633,90.41096,2,0
2593,ZnO,,24.0,0.002042648,43.8,A549,H,Human,Epithelial,Lung,48,WST1,Tetrazolium Salt,cell metabolic activity,N,N,N,1.65,1.65,0.606060606,1,81.38,1,2.0,-725.87448,322.92,463.16,5.91594,-5.916,-2.018,62,1351.451,2,3.967,1.949,4.037221396,3.898,216.66638,0.513083633,34.285713,1,1
2594,ZnO,,24.0,0.005111687,43.8,A549,H,Human,Epithelial,Lung,48,WST1,Tetrazolium Salt,cell metabolic activity,N,N,N,1.65,1.65,0.606060606,1,81.38,1,2.0,-725.87448,322.92,463.16,5.91594,-5.916,-2.018,62,1351.451,2,3.967,1.949,4.037221396,3.898,216.66638,0.513083633,24.4227,1,1
2595,ZnO,,24.0,0.010017618,43.8,A549,H,Human,Epithelial,Lung,48,WST1,Tetrazolium Salt,cell metabolic activity,N,N,N,1.65,1.65,0.606060606,1,81.38,1,2.0,-725.87448,322.92,463.16,5.91594,-5.916,-2.018,62,1351.451,2,3.967,1.949,4.037221396,3.898,216.66638,0.513083633,7.2798433,1,1
2596,ZnO,,24.0,0.020614723,43.8,A549,H,Human,Epithelial,Lung,48,WST1,Tetrazolium Salt,cell metabolic activity,N,N,N,1.65,1.65,0.606060606,1,81.38,1,2.0,-725.87448,322.92,463.16,5.91594,-5.916,-2.018,62,1351.451,2,3.967,1.949,4.037221396,3.898,216.66638,0.513083633,7.514677,1,1
2597,ZnO,,24.0,0.040893497,43.8,A549,H,Human,Epithelial,Lung,48,WST1,Tetrazolium Salt,cell metabolic activity,N,N,N,1.65,1.65,0.606060606,1,81.38,1,2.0,-725.87448,322.92,463.16,5.91594,-5.916,-2.018,62,1351.451,2,3.967,1.949,4.037221396,3.898,216.66638,0.513083633,11.741683,1,1
2598,ZnO,,24.0,2.04e-05,-44.6,A549,H,Human,Epithelial,Lung,48,WST1,Tetrazolium Salt,cell metabolic activity,N,N,N,1.65,1.65,0.606060606,1,81.38,1,2.0,-725.87448,322.92,463.16,5.91594,-5.916,-2.018,62,1351.451,2,3.967,1.949,4.037221396,3.898,216.66638,0.513083633,91.11546,2,0
2599,ZnO,,24.0,0.000204467,-44.6,A549,H,Human,Epithelial,Lung,48,WST1,Tetrazolium Salt,cell metabolic activity,N,N,N,1.65,1.65,0.606060606,1,81.38,1,2.0,-725.87448,322.92,463.16,5.91594,-5.916,-2.018,62,1351.451,2,3.967,1.949,4.037221396,3.898,216.66638,0.513083633,89.70646,2,0
2600,ZnO,,24.0,0.002044675,-44.6,A549,H,Human,Epithelial,Lung,48,WST1,Tetrazolium Salt,cell metabolic activity,N,N,N,1.65,1.65,0.606060606,1,81.38,1,2.0,-725.87448,322.92,463.16,5.91594,-5.916,-2.018,62,1351.451,2,3.967,1.949,4.037221396,3.898,216.66638,0.513083633,56.125244,2,0
2601,ZnO,,24.0,0.005111687,-44.6,A549,H,Human,Epithelial,Lung,48,WST1,Tetrazolium Salt,cell metabolic activity,N,N,N,1.65,1.65,0.606060606,1,81.38,1,2.0,-725.87448,322.92,463.16,5.91594,-5.916,-2.018,62,1351.451,2,3.967,1.949,4.037221396,3.898,216.66638,0.513083633,7.749511,1,1
2602,ZnO,,24.0,0.010223374,-44.6,A549,H,Human,Epithelial,Lung,48,WST1,Tetrazolium Salt,cell metabolic activity,N,N,N,1.65,1.65,0.606060606,1,81.38,1,2.0,-725.87448,322.92,463.16,5.91594,-5.916,-2.018,62,1351.451,2,3.967,1.949,4.037221396,3.898,216.66638,0.513083633,8.688846,1,1
2603,ZnO,,24.0,0.020446748,-44.6,A549,H,Human,Epithelial,Lung,48,WST1,Tetrazolium Salt,cell metabolic activity,N,N,N,1.65,1.65,0.606060606,1,81.38,1,2.0,-725.87448,322.92,463.16,5.91594,-5.916,-2.018,62,1351.451,2,3.967,1.949,4.037221396,3.898,216.66638,0.513083633,11.976517,1,1
2604,ZnO,,24.0,0.040893497,-44.6,A549,H,Human,Epithelial,Lung,48,WST1,Tetrazolium Salt,cell metabolic activity,N,N,N,1.65,1.65,0.606060606,1,81.38,1,2.0,-725.87448,322.92,463.16,5.91594,-5.916,-2.018,62,1351.451,2,3.967,1.949,4.037221396,3.898,216.66638,0.513083633,22.544031,1,1
2605,ZnO,,67.0,9.4e-07,44.1,A549,H,Human,Epithelial,Lung,48,WST1,Tetrazolium Salt,cell metabolic activity,N,N,N,1.65,1.65,0.606060606,1,81.38,1,2.0,-725.87448,322.92,463.16,5.91594,-5.916,-2.018,62,1351.451,2,3.967,1.949,4.037221396,3.898,216.66638,0.513083633,100.97847,2,0
2606,ZnO,,67.0,9.4e-06,44.1,A549,H,Human,Epithelial,Lung,48,WST1,Tetrazolium Salt,cell metabolic activity,N,N,N,1.65,1.65,0.606060606,1,81.38,1,2.0,-725.87448,322.92,463.16,5.91594,-5.916,-2.018,62,1351.451,2,3.967,1.949,4.037221396,3.898,216.66638,0.513083633,101.682976,2,0
2607,ZnO,,67.0,9.4e-05,44.1,A549,H,Human,Epithelial,Lung,48,WST1,Tetrazolium Salt,cell metabolic activity,N,N,N,1.65,1.65,0.606060606,1,81.38,1,2.0,-725.87448,322.92,463.16,5.91594,-5.916,-2.018,62,1351.451,2,3.967,1.949,4.037221396,3.898,216.66638,0.513083633,66.457924,2,0
2608,ZnO,,67.0,0.000234949,44.1,A549,H,Human,Epithelial,Lung,48,WST1,Tetrazolium Salt,cell metabolic activity,N,N,N,1.65,1.65,0.606060606,1,81.38,1,2.0,-725.87448,322.92,463.16,5.91594,-5.916,-2.018,62,1351.451,2,3.967,1.949,4.037221396,3.898,216.66638,0.513083633,55.18591,2,0
2609,ZnO,,67.0,0.000469898,44.1,A549,H,Human,Epithelial,Lung,48,WST1,Tetrazolium Salt,cell metabolic activity,N,N,N,1.65,1.65,0.606060606,1,81.38,1,2.0,-725.87448,322.92,463.16,5.91594,-5.916,-2.018,62,1351.451,2,3.967,1.949,4.037221396,3.898,216.66638,0.513083633,25.127201,1,1
2610,ZnO,,67.0,0.000939796,44.1,A549,H,Human,Epithelial,Lung,48,WST1,Tetrazolium Salt,cell metabolic activity,N,N,N,1.65,1.65,0.606060606,1,81.38,1,2.0,-725.87448,322.92,463.16,5.91594,-5.916,-2.018,62,1351.451,2,3.967,1.949,4.037221396,3.898,216.66638,0.513083633,10.097847,1,1
2611,ZnO,,67.0,0.001879592,44.1,A549,H,Human,Epithelial,Lung,48,WST1,Tetrazolium Salt,cell metabolic activity,N,N,N,1.65,1.65,0.606060606,1,81.38,1,2.0,-725.87448,322.92,463.16,5.91594,-5.916,-2.018,62,1351.451,2,3.967,1.949,4.037221396,3.898,216.66638,0.513083633,9.393347,1,1
2612,ZnO,,67.0,9.4e-07,45.2,A549,H,Human,Epithelial,Lung,48,WST1,Tetrazolium Salt,cell metabolic activity,N,N,N,1.65,1.65,0.606060606,1,81.38,1,2.0,-725.87448,322.92,463.16,5.91594,-5.916,-2.018,62,1351.451,2,3.967,1.949,4.037221396,3.898,216.66638,0.513083633,97.6908,2,0
2613,ZnO,,67.0,9.4e-06,45.2,A549,H,Human,Epithelial,Lung,48,WST1,Tetrazolium Salt,cell metabolic activity,N,N,N,1.65,1.65,0.606060606,1,81.38,1,2.0,-725.87448,322.92,463.16,5.91594,-5.916,-2.018,62,1351.451,2,3.967,1.949,4.037221396,3.898,216.66638,0.513083633,99.804306,2,0
2614,ZnO,,67.0,9.4e-05,45.2,A549,H,Human,Epithelial,Lung,48,WST1,Tetrazolium Salt,cell metabolic activity,N,N,N,1.65,1.65,0.606060606,1,81.38,1,2.0,-725.87448,322.92,463.16,5.91594,-5.916,-2.018,62,1351.451,2,3.967,1.949,4.037221396,3.898,216.66638,0.513083633,62.46575,2,0
2615,ZnO,,67.0,0.000234949,45.2,A549,H,Human,Epithelial,Lung,48,WST1,Tetrazolium Salt,cell metabolic activity,N,N,N,1.65,1.65,0.606060606,1,81.38,1,2.0,-725.87448,322.92,463.16,5.91594,-5.916,-2.018,62,1351.451,2,3.967,1.949,4.037221396,3.898,216.66638,0.513083633,10.097847,1,1
2616,ZnO,,67.0,0.000469898,45.2,A549,H,Human,Epithelial,Lung,48,WST1,Tetrazolium Salt,cell metabolic activity,N,N,N,1.65,1.65,0.606060606,1,81.38,1,2.0,-725.87448,322.92,463.16,5.91594,-5.916,-2.018,62,1351.451,2,3.967,1.949,4.037221396,3.898,216.66638,0.513083633,9.158513,1,1
2617,ZnO,,67.0,0.000939796,45.2,A549,H,Human,Epithelial,Lung,48,WST1,Tetrazolium Salt,cell metabolic activity,N,N,N,1.65,1.65,0.606060606,1,81.38,1,2.0,-725.87448,322.92,463.16,5.91594,-5.916,-2.018,62,1351.451,2,3.967,1.949,4.037221396,3.898,216.66638,0.513083633,14.559687,1,1
2618,ZnO,,67.0,0.001879592,45.2,A549,H,Human,Epithelial,Lung,48,WST1,Tetrazolium Salt,cell metabolic activity,N,N,N,1.65,1.65,0.606060606,1,81.38,1,2.0,-725.87448,322.92,463.16,5.91594,-5.916,-2.018,62,1351.451,2,3.967,1.949,4.037221396,3.898,216.66638,0.513083633,27.240704,1,1
2619,ZnO,l-cysteine l-lysine l-lysine,20.0,0.00035332,-20.0,Caco2,H,Human,Epithelial,Colon,24,CellTiter Blue,Alamar Blue,cell metabolic activity,N,N,N,1.65,1.65,0.606060606,1,81.38,1,2.0,-725.87448,322.92,463.16,5.91594,-5.916,-2.018,62,1351.451,2,3.967,1.949,4.037221396,3.898,216.66638,0.513083633,88.0639,2,0
2620,ZnO,l-cysteine l-lysine l-lysine,20.0,0.00035332,-20.0,Caco2,H,Human,Epithelial,Colon,36,CellTiter Blue,Alamar Blue,cell metabolic activity,N,N,N,1.65,1.65,0.606060606,1,81.38,1,2.0,-725.87448,322.92,463.16,5.91594,-5.916,-2.018,62,1351.451,2,3.967,1.949,4.037221396,3.898,216.66638,0.513083633,78.450935,2,0
2621,ZnO,l-cysteine l-lysine l-lysine,20.0,0.00035332,-20.0,Caco2,H,Human,Epithelial,Colon,48,CellTiter Blue,Alamar Blue,cell metabolic activity,N,N,N,1.65,1.65,0.606060606,1,81.38,1,2.0,-725.87448,322.92,463.16,5.91594,-5.916,-2.018,62,1351.451,2,3.967,1.949,4.037221396,3.898,216.66638,0.513083633,39.97198,1,1
2622,ZnO,l-cysteine l-lysine l-lysine,20.0,0.00070664,-20.0,Caco2,H,Human,Epithelial,Colon,24,CellTiter Blue,Alamar Blue,cell metabolic activity,N,N,N,1.65,1.65,0.606060606,1,81.38,1,2.0,-725.87448,322.92,463.16,5.91594,-5.916,-2.018,62,1351.451,2,3.967,1.949,4.037221396,3.898,216.66638,0.513083633,68.17292,2,0
2623,ZnO,l-cysteine l-lysine l-lysine,20.0,0.00070664,-20.0,Caco2,H,Human,Epithelial,Colon,36,CellTiter Blue,Alamar Blue,cell metabolic activity,N,N,N,1.65,1.65,0.606060606,1,81.38,1,2.0,-725.87448,322.92,463.16,5.91594,-5.916,-2.018,62,1351.451,2,3.967,1.949,4.037221396,3.898,216.66638,0.513083633,49.626442,1,1
2624,ZnO,l-cysteine l-lysine l-lysine,20.0,0.00070664,-20.0,Caco2,H,Human,Epithelial,Colon,48,CellTiter Blue,Alamar Blue,cell metabolic activity,N,N,N,1.65,1.65,0.606060606,1,81.38,1,2.0,-725.87448,322.92,463.16,5.91594,-5.916,-2.018,62,1351.451,2,3.967,1.949,4.037221396,3.898,216.66638,0.513083633,24.892593,1,1
2625,ZnO,l-cysteine l-lysine l-lysine,20.0,0.001766599,-20.0,Caco2,H,Human,Epithelial,Colon,24,CellTiter Blue,Alamar Blue,cell metabolic activity,N,N,N,1.65,1.65,0.606060606,1,81.38,1,2.0,-725.87448,322.92,463.16,5.91594,-5.916,-2.018,62,1351.451,2,3.967,1.949,4.037221396,3.898,216.66638,0.513083633,33.85015,1,1
2626,ZnO,l-cysteine l-lysine l-lysine,20.0,0.001766599,-20.0,Caco2,H,Human,Epithelial,Colon,36,CellTiter Blue,Alamar Blue,cell metabolic activity,N,N,N,1.65,1.65,0.606060606,1,81.38,1,2.0,-725.87448,322.92,463.16,5.91594,-5.916,-2.018,62,1351.451,2,3.967,1.949,4.037221396,3.898,216.66638,0.513083633,4.992589,1,1
2627,ZnO,l-cysteine l-lysine l-lysine,20.0,0.001766599,-20.0,Caco2,H,Human,Epithelial,Colon,48,CellTiter Blue,Alamar Blue,cell metabolic activity,N,N,N,1.65,1.65,0.606060606,1,81.38,1,2.0,-725.87448,322.92,463.16,5.91594,-5.916,-2.018,62,1351.451,2,3.967,1.949,4.037221396,3.898,216.66638,0.513083633,4.3149247,1,1
2628,ZnO,l-cysteine l-lysine l-lysine,20.0,0.003533198,-20.0,Caco2,H,Human,Epithelial,Colon,24,CellTiter Blue,Alamar Blue,cell metabolic activity,N,N,N,1.65,1.65,0.606060606,1,81.38,1,2.0,-725.87448,322.92,463.16,5.91594,-5.916,-2.018,62,1351.451,2,3.967,1.949,4.037221396,3.898,216.66638,0.513083633,20.144733,1,1
2629,ZnO,l-cysteine l-lysine l-lysine,20.0,0.003533198,-20.0,Caco2,H,Human,Epithelial,Colon,36,CellTiter Blue,Alamar Blue,cell metabolic activity,N,N,N,1.65,1.65,0.606060606,1,81.38,1,2.0,-725.87448,322.92,463.16,5.91594,-5.916,-2.018,62,1351.451,2,3.967,1.949,4.037221396,3.898,216.66638,0.513083633,0.22308208,1,1
2630,ZnO,l-cysteine l-lysine l-lysine,20.0,0.003533198,-20.0,Caco2,H,Human,Epithelial,Colon,48,CellTiter Blue,Alamar Blue,cell metabolic activity,N,N,N,1.65,1.65,0.606060606,1,81.38,1,2.0,-725.87448,322.92,463.16,5.91594,-5.916,-2.018,62,1351.451,2,3.967,1.949,4.037221396,3.898,216.66638,0.513083633,2.2927547,1,1
2631,ZnO,l-cysteine l-lysine l-lysine,20.0,0.007066396,-20.0,Caco2,H,Human,Epithelial,Colon,24,CellTiter Blue,Alamar Blue,cell metabolic activity,N,N,N,1.65,1.65,0.606060606,1,81.38,1,2.0,-725.87448,322.92,463.16,5.91594,-5.916,-2.018,62,1351.451,2,3.967,1.949,4.037221396,3.898,216.66638,0.513083633,10.563026,1,1
2632,ZnO,l-cysteine l-lysine l-lysine,20.0,0.007066396,-20.0,Caco2,H,Human,Epithelial,Colon,36,CellTiter Blue,Alamar Blue,cell metabolic activity,N,N,N,1.65,1.65,0.606060606,1,81.38,1,2.0,-725.87448,322.92,463.16,5.91594,-5.916,-2.018,62,1351.451,2,3.967,1.949,4.037221396,3.898,216.66638,0.513083633,0.26336914,1,1
2633,ZnO,l-cysteine l-lysine l-lysine,20.0,0.007066396,-20.0,Caco2,H,Human,Epithelial,Colon,48,CellTiter Blue,Alamar Blue,cell metabolic activity,N,N,N,1.65,1.65,0.606060606,1,81.38,1,2.0,-725.87448,322.92,463.16,5.91594,-5.916,-2.018,62,1351.451,2,3.967,1.949,4.037221396,3.898,216.66638,0.513083633,2.333643,1,1
2634,ZnO,l-cysteine l-lysine l-lysine,40.0,4.42e-05,-20.0,Caco2,H,Human,Epithelial,Colon,24,CellTiter Blue,Alamar Blue,cell metabolic activity,N,N,N,1.65,1.65,0.606060606,1,81.38,1,2.0,-725.87448,322.92,463.16,5.91594,-5.916,-2.018,62,1351.451,2,3.967,1.949,4.037221396,3.898,216.66638,0.513083633,108.20203,2,0
2635,ZnO,l-cysteine l-lysine l-lysine,40.0,4.42e-05,-20.0,Caco2,H,Human,Epithelial,Colon,36,CellTiter Blue,Alamar Blue,cell metabolic activity,N,N,N,1.65,1.65,0.606060606,1,81.38,1,2.0,-725.87448,322.92,463.16,5.91594,-5.916,-2.018,62,1351.451,2,3.967,1.949,4.037221396,3.898,216.66638,0.513083633,99.96482,2,0
2636,ZnO,l-cysteine l-lysine l-lysine,40.0,4.42e-05,-20.0,Caco2,H,Human,Epithelial,Colon,48,CellTiter Blue,Alamar Blue,cell metabolic activity,N,N,N,1.65,1.65,0.606060606,1,81.38,1,2.0,-725.87448,322.92,463.16,5.91594,-5.916,-2.018,62,1351.451,2,3.967,1.949,4.037221396,3.898,216.66638,0.513083633,96.53802,2,0
2637,ZnO,l-cysteine l-lysine l-lysine,40.0,8.83e-05,-20.0,Caco2,H,Human,Epithelial,Colon,24,CellTiter Blue,Alamar Blue,cell metabolic activity,N,N,N,1.65,1.65,0.606060606,1,81.38,1,2.0,-725.87448,322.92,463.16,5.91594,-5.916,-2.018,62,1351.451,2,3.967,1.949,4.037221396,3.898,216.66638,0.513083633,100.68518,2,0
2638,ZnO,l-cysteine l-lysine l-lysine,40.0,8.83e-05,-20.0,Caco2,H,Human,Epithelial,Colon,36,CellTiter Blue,Alamar Blue,cell metabolic activity,N,N,N,1.65,1.65,0.606060606,1,81.38,1,2.0,-725.87448,322.92,463.16,5.91594,-5.916,-2.018,62,1351.451,2,3.967,1.949,4.037221396,3.898,216.66638,0.513083633,90.38612,2,0
2639,ZnO,l-cysteine l-lysine l-lysine,40.0,8.83e-05,-20.0,Caco2,H,Human,Epithelial,Colon,48,CellTiter Blue,Alamar Blue,cell metabolic activity,N,N,N,1.65,1.65,0.606060606,1,81.38,1,2.0,-725.87448,322.92,463.16,5.91594,-5.916,-2.018,62,1351.451,2,3.967,1.949,4.037221396,3.898,216.66638,0.513083633,64.966194,2,0
2640,ZnO,l-cysteine l-lysine l-lysine,40.0,0.000220825,-20.0,Caco2,H,Human,Epithelial,Colon,24,CellTiter Blue,Alamar Blue,cell metabolic activity,N,N,N,1.65,1.65,0.606060606,1,81.38,1,2.0,-725.87448,322.92,463.16,5.91594,-5.916,-2.018,62,1351.451,2,3.967,1.949,4.037221396,3.898,216.66638,0.513083633,93.856224,2,0
2641,ZnO,l-cysteine l-lysine l-lysine,40.0,0.000220825,-20.0,Caco2,H,Human,Epithelial,Colon,36,CellTiter Blue,Alamar Blue,cell metabolic activity,N,N,N,1.65,1.65,0.606060606,1,81.38,1,2.0,-725.87448,322.92,463.16,5.91594,-5.916,-2.018,62,1351.451,2,3.967,1.949,4.037221396,3.898,216.66638,0.513083633,81.49471,2,0
2642,ZnO,l-cysteine l-lysine l-lysine,40.0,0.000220825,-20.0,Caco2,H,Human,Epithelial,Colon,48,CellTiter Blue,Alamar Blue,cell metabolic activity,N,N,N,1.65,1.65,0.606060606,1,81.38,1,2.0,-725.87448,322.92,463.16,5.91594,-5.916,-2.018,62,1351.451,2,3.967,1.949,4.037221396,3.898,216.66638,0.513083633,43.703644,1,1
2643,ZnO,l-cysteine l-lysine l-lysine,40.0,0.00044165,-20.0,Caco2,H,Human,Epithelial,Colon,24,CellTiter Blue,Alamar Blue,cell metabolic activity,N,N,N,1.65,1.65,0.606060606,1,81.38,1,2.0,-725.87448,322.92,463.16,5.91594,-5.916,-2.018,62,1351.451,2,3.967,1.949,4.037221396,3.898,216.66638,0.513083633,73.28096,2,0
2644,ZnO,l-cysteine l-lysine l-lysine,40.0,0.00044165,-20.0,Caco2,H,Human,Epithelial,Colon,36,CellTiter Blue,Alamar Blue,cell metabolic activity,N,N,N,1.65,1.65,0.606060606,1,81.38,1,2.0,-725.87448,322.92,463.16,5.91594,-5.916,-2.018,62,1351.451,2,3.967,1.949,4.037221396,3.898,216.66638,0.513083633,54.73388,2,0
2645,ZnO,l-cysteine l-lysine l-lysine,40.0,0.00044165,-20.0,Caco2,H,Human,Epithelial,Colon,48,CellTiter Blue,Alamar Blue,cell metabolic activity,N,N,N,1.65,1.65,0.606060606,1,81.38,1,2.0,-725.87448,322.92,463.16,5.91594,-5.916,-2.018,62,1351.451,2,3.967,1.949,4.037221396,3.898,216.66638,0.513083633,26.564205,1,1
2646,ZnO,l-cysteine l-lysine l-lysine,40.0,0.0008833,-20.0,Caco2,H,Human,Epithelial,Colon,24,CellTiter Blue,Alamar Blue,cell metabolic activity,N,N,N,1.65,1.65,0.606060606,1,81.38,1,2.0,-725.87448,322.92,463.16,5.91594,-5.916,-2.018,62,1351.451,2,3.967,1.949,4.037221396,3.898,216.66638,0.513083633,43.083702,1,1
2647,ZnO,l-cysteine l-lysine l-lysine,40.0,0.0008833,-20.0,Caco2,H,Human,Epithelial,Colon,36,CellTiter Blue,Alamar Blue,cell metabolic activity,N,N,N,1.65,1.65,0.606060606,1,81.38,1,2.0,-725.87448,322.92,463.16,5.91594,-5.916,-2.018,62,1351.451,2,3.967,1.949,4.037221396,3.898,216.66638,0.513083633,25.910593,1,1
2648,ZnO,l-cysteine l-lysine l-lysine,40.0,0.0008833,-20.0,Caco2,H,Human,Epithelial,Colon,48,CellTiter Blue,Alamar Blue,cell metabolic activity,N,N,N,1.65,1.65,0.606060606,1,81.38,1,2.0,-725.87448,322.92,463.16,5.91594,-5.916,-2.018,62,1351.451,2,3.967,1.949,4.037221396,3.898,216.66638,0.513083633,5.9895434,1,1
2649,ZnO,,60.0,0.001,-8.23,SHSY5Y,H,Human,Epithelial,Bone Marrow,48,MTS,Tetrazolium Salt,cell metabolic activity,N,N,N,1.65,1.65,0.606060606,1,81.38,1,2.0,-725.87448,322.92,463.16,5.91594,-5.916,-2.018,62,1351.451,2,3.967,1.949,4.037221396,3.898,216.66638,0.513083633,100.693115,2,0
2650,ZnO,,60.0,0.1,-8.23,SHSY5Y,H,Human,Epithelial,Bone Marrow,48,MTS,Tetrazolium Salt,cell metabolic activity,N,N,N,1.65,1.65,0.606060606,1,81.38,1,2.0,-725.87448,322.92,463.16,5.91594,-5.916,-2.018,62,1351.451,2,3.967,1.949,4.037221396,3.898,216.66638,0.513083633,92.226105,2,0
2651,ZnO,,60.0,1.0,-8.23,SHSY5Y,H,Human,Epithelial,Bone Marrow,48,MTS,Tetrazolium Salt,cell metabolic activity,N,N,N,1.65,1.65,0.606060606,1,81.38,1,2.0,-725.87448,322.92,463.16,5.91594,-5.916,-2.018,62,1351.451,2,3.967,1.949,4.037221396,3.898,216.66638,0.513083633,68.79509,2,0
2652,ZnO,,60.0,10.0,-8.23,SHSY5Y,H,Human,Epithelial,Bone Marrow,48,MTS,Tetrazolium Salt,cell metabolic activity,N,N,N,1.65,1.65,0.606060606,1,81.38,1,2.0,-725.87448,322.92,463.16,5.91594,-5.916,-2.018,62,1351.451,2,3.967,1.949,4.037221396,3.898,216.66638,0.513083633,55.583572,2,0
2653,ZnO,,60.0,100.0,-8.23,SHSY5Y,H,Human,Epithelial,Bone Marrow,48,MTS,Tetrazolium Salt,cell metabolic activity,N,N,N,1.65,1.65,0.606060606,1,81.38,1,2.0,-725.87448,322.92,463.16,5.91594,-5.916,-2.018,62,1351.451,2,3.967,1.949,4.037221396,3.898,216.66638,0.513083633,0.03533673,1,1
2654,ZnO,,60.0,0.001,-8.23,H4,H,Human,Epithelial,Brain,48,MTS,Tetrazolium Salt,cell metabolic activity,N,N,N,1.65,1.65,0.606060606,1,81.38,1,2.0,-725.87448,322.92,463.16,5.91594,-5.916,-2.018,62,1351.451,2,3.967,1.949,4.037221396,3.898,216.66638,0.513083633,110.36489,2,0
2655,ZnO,,60.0,0.1,-8.23,H4,H,Human,Epithelial,Brain,48,MTS,Tetrazolium Salt,cell metabolic activity,N,N,N,1.65,1.65,0.606060606,1,81.38,1,2.0,-725.87448,322.92,463.16,5.91594,-5.916,-2.018,62,1351.451,2,3.967,1.949,4.037221396,3.898,216.66638,0.513083633,107.41884,2,0
2656,ZnO,,60.0,1.0,-8.23,H4,H,Human,Epithelial,Brain,48,MTS,Tetrazolium Salt,cell metabolic activity,N,N,N,1.65,1.65,0.606060606,1,81.38,1,2.0,-725.87448,322.92,463.16,5.91594,-5.916,-2.018,62,1351.451,2,3.967,1.949,4.037221396,3.898,216.66638,0.513083633,97.29278,2,0
2657,ZnO,,60.0,10.0,-8.23,H4,H,Human,Epithelial,Brain,48,MTS,Tetrazolium Salt,cell metabolic activity,N,N,N,1.65,1.65,0.606060606,1,81.38,1,2.0,-725.87448,322.92,463.16,5.91594,-5.916,-2.018,62,1351.451,2,3.967,1.949,4.037221396,3.898,216.66638,0.513083633,89.433136,2,0
2658,ZnO,,60.0,100.0,-8.23,H4,H,Human,Epithelial,Brain,48,MTS,Tetrazolium Salt,cell metabolic activity,N,N,N,1.65,1.65,0.606060606,1,81.38,1,2.0,-725.87448,322.92,463.16,5.91594,-5.916,-2.018,62,1351.451,2,3.967,1.949,4.037221396,3.898,216.66638,0.513083633,46.814537,1,1
2659,ZnO,,60.0,0.001,-8.23,SHSY5Y,H,Human,Epithelial,Bone Marrow,48,Live/Dead,Trypan Blue,cell membrane integrity,N,N,N,1.65,1.65,0.273224044,1,81.38,1,2.0,-1243.5544,408.48,633.93,10.715248,-10.715,-4.819,128,1165.8436,2,7.767,2.948,10.23173151,5.896,52.909352,0.339213026,98.67841,2,0
2660,ZnO,,60.0,0.1,-8.23,SHSY5Y,H,Human,Epithelial,Bone Marrow,48,Live/Dead,Trypan Blue,cell membrane integrity,N,N,N,1.65,1.65,0.273224044,1,81.38,1,2.0,-1243.5544,408.48,633.93,10.715248,-10.715,-4.819,128,1165.8436,2,7.767,2.948,10.23173151,5.896,52.909352,0.339213026,98.67841,2,0
2661,ZnO,,60.0,1.0,-8.23,SHSY5Y,H,Human,Epithelial,Bone Marrow,48,Live/Dead,Trypan Blue,cell membrane integrity,N,N,N,1.65,1.65,0.273224044,1,81.38,1,2.0,-1243.5544,408.48,633.93,10.715248,-10.715,-4.819,128,1165.8436,2,7.767,2.948,10.23173151,5.896,52.909352,0.339213026,98.37004,2,0
2662,ZnO,,60.0,10.0,-8.23,SHSY5Y,H,Human,Epithelial,Bone Marrow,48,Live/Dead,Trypan Blue,cell membrane integrity,N,N,N,1.65,1.65,0.273224044,1,81.38,1,2.0,-1243.5544,408.48,633.93,10.715248,-10.715,-4.819,128,1165.8436,2,7.767,2.948,10.23173151,5.896,52.909352,0.339213026,98.67841,2,0
2663,ZnO,,60.0,100.0,-8.23,SHSY5Y,H,Human,Epithelial,Bone Marrow,48,Live/Dead,Trypan Blue,cell membrane integrity,N,N,N,1.65,1.65,0.273224044,1,81.38,1,2.0,-1243.5544,408.48,633.93,10.715248,-10.715,-4.819,128,1165.8436,2,7.767,2.948,10.23173151,5.896,52.909352,0.339213026,97.44493,2,0
2664,ZnO,,60.0,0.001,-8.23,H4,H,Human,Epithelial,Brain,48,Live/Dead,Trypan Blue,cell membrane integrity,N,N,N,1.65,1.65,0.273224044,1,81.38,1,2.0,-1243.5544,408.48,633.93,10.715248,-10.715,-4.819,128,1165.8436,2,7.767,2.948,10.23173151,5.896,52.909352,0.339213026,99.911896,2,0
2665,ZnO,,60.0,0.1,-8.23,H4,H,Human,Epithelial,Brain,48,Live/Dead,Trypan Blue,cell membrane integrity,N,N,N,1.65,1.65,0.273224044,1,81.38,1,2.0,-1243.5544,408.48,633.93,10.715248,-10.715,-4.819,128,1165.8436,2,7.767,2.948,10.23173151,5.896,52.909352,0.339213026,98.37004,2,0
2666,ZnO,,60.0,1.0,-8.23,H4,H,Human,Epithelial,Brain,48,Live/Dead,Trypan Blue,cell membrane integrity,N,N,N,1.65,1.65,0.273224044,1,81.38,1,2.0,-1243.5544,408.48,633.93,10.715248,-10.715,-4.819,128,1165.8436,2,7.767,2.948,10.23173151,5.896,52.909352,0.339213026,98.67841,2,0
2667,ZnO,,60.0,10.0,-8.23,H4,H,Human,Epithelial,Brain,48,Live/Dead,Trypan Blue,cell membrane integrity,N,N,N,1.65,1.65,0.273224044,1,81.38,1,2.0,-1243.5544,408.48,633.93,10.715248,-10.715,-4.819,128,1165.8436,2,7.767,2.948,10.23173151,5.896,52.909352,0.339213026,99.60352,2,0
2668,ZnO,,60.0,100.0,-8.23,H4,H,Human,Epithelial,Brain,48,Live/Dead,Trypan Blue,cell membrane integrity,N,N,N,1.65,1.65,0.273224044,1,81.38,1,2.0,-1243.5544,408.48,633.93,10.715248,-10.715,-4.819,128,1165.8436,2,7.767,2.948,10.23173151,5.896,52.909352,0.339213026,94.977974,2,0
2669,ZnO,,18.0,0.009693273,-23.5,SKOV3,H,Human,Epithelial,Ovary,24,MTT,Tetrazolium Salt,cell metabolic activity,N,N,Y,1.65,1.65,0.606060606,1,81.38,1,2.0,-725.87448,322.92,463.16,5.91594,-5.916,-2.018,62,1351.451,2,3.967,1.949,4.037221396,3.898,216.66638,0.513083633,25.252525,1,1
2670,ZnO,,18.0,0.009693273,-23.5,SKOV3,H,Human,Epithelial,Ovary,48,MTT,Tetrazolium Salt,cell metabolic activity,N,N,Y,1.65,1.65,0.606060606,1,81.38,1,2.0,-725.87448,322.92,463.16,5.91594,-5.916,-2.018,62,1351.451,2,3.967,1.949,4.037221396,3.898,216.66638,0.513083633,14.141414,1,1
2671,ZnO,,90.0,122.8803146,-20.0,Caco2,H,Human,Epithelial,Colon,24,CCK8,Tetrazolium Salt,cell metabolic activity,N,N,N,1.65,1.65,0.606060606,1,81.38,1,2.0,-725.87448,322.92,463.16,5.91594,-5.916,-2.018,62,1351.451,2,3.967,1.949,4.037221396,3.898,216.66638,0.513083633,27.99,1,1
2672,ZnO,,90.0,307.2007864,-20.0,Caco2,H,Human,Epithelial,Colon,24,CCK8,Tetrazolium Salt,cell metabolic activity,N,N,N,1.65,1.65,0.606060606,1,81.38,1,2.0,-725.87448,322.92,463.16,5.91594,-5.916,-2.018,62,1351.451,2,3.967,1.949,4.037221396,3.898,216.66638,0.513083633,25.73,1,1
2673,ZnO,,90.0,614.4015729,-20.0,Caco2,H,Human,Epithelial,Colon,24,CCK8,Tetrazolium Salt,cell metabolic activity,N,N,N,1.65,1.65,0.606060606,1,81.38,1,2.0,-725.87448,322.92,463.16,5.91594,-5.916,-2.018,62,1351.451,2,3.967,1.949,4.037221396,3.898,216.66638,0.513083633,18.21,1,1
2674,ZnO,,90.0,1228.803146,-20.0,Caco2,H,Human,Epithelial,Colon,24,CCK8,Tetrazolium Salt,cell metabolic activity,N,N,N,1.65,1.65,0.606060606,1,81.38,1,2.0,-725.87448,322.92,463.16,5.91594,-5.916,-2.018,62,1351.451,2,3.967,1.949,4.037221396,3.898,216.66638,0.513083633,17.87,1,1
2675,ZnO,,90.0,2457.606291,-20.0,Caco2,H,Human,Epithelial,Colon,24,CCK8,Tetrazolium Salt,cell metabolic activity,N,N,N,1.65,1.65,0.606060606,1,81.38,1,2.0,-725.87448,322.92,463.16,5.91594,-5.916,-2.018,62,1351.451,2,3.967,1.949,4.037221396,3.898,216.66638,0.513083633,14.34,1,1
2676,ZnO,,100.0,122.8803146,-8.23,SHSY5Y,H,Human,Epithelial,Bone Marrow,3,MTT,Tetrazolium Salt,cell metabolic activity,N,N,N,1.65,1.65,0.606060606,1,81.38,1,2.0,-725.87448,322.92,463.16,5.91594,-5.916,-2.018,62,1351.451,2,3.967,1.949,4.037221396,3.898,216.66638,0.513083633,97.431,2,0
2677,ZnO,,100.0,184.3204719,-8.23,SHSY5Y,H,Human,Epithelial,Bone Marrow,3,MTT,Tetrazolium Salt,cell metabolic activity,N,N,N,1.65,1.65,0.606060606,1,81.38,1,2.0,-725.87448,322.92,463.16,5.91594,-5.916,-2.018,62,1351.451,2,3.967,1.949,4.037221396,3.898,216.66638,0.513083633,90.711,2,0
2678,ZnO,,100.0,245.7606291,-8.23,SHSY5Y,H,Human,Epithelial,Bone Marrow,3,MTT,Tetrazolium Salt,cell metabolic activity,N,N,N,1.65,1.65,0.606060606,1,81.38,1,2.0,-725.87448,322.92,463.16,5.91594,-5.916,-2.018,62,1351.451,2,3.967,1.949,4.037221396,3.898,216.66638,0.513083633,89.526,2,0
2679,ZnO,,100.0,307.2007864,-8.23,SHSY5Y,H,Human,Epithelial,Bone Marrow,3,MTT,Tetrazolium Salt,cell metabolic activity,N,N,N,1.65,1.65,0.606060606,1,81.38,1,2.0,-725.87448,322.92,463.16,5.91594,-5.916,-2.018,62,1351.451,2,3.967,1.949,4.037221396,3.898,216.66638,0.513083633,76.877,2,0
2680,ZnO,,100.0,368.6409437,-8.23,SHSY5Y,H,Human,Epithelial,Bone Marrow,3,MTT,Tetrazolium Salt,cell metabolic activity,N,N,N,1.65,1.65,0.606060606,1,81.38,1,2.0,-725.87448,322.92,463.16,5.91594,-5.916,-2.018,62,1351.451,2,3.967,1.949,4.037221396,3.898,216.66638,0.513083633,71.146,2,0
2681,ZnO,,100.0,430.081101,-8.23,SHSY5Y,H,Human,Epithelial,Bone Marrow,3,MTT,Tetrazolium Salt,cell metabolic activity,N,N,N,1.65,1.65,0.606060606,1,81.38,1,2.0,-725.87448,322.92,463.16,5.91594,-5.916,-2.018,62,1351.451,2,3.967,1.949,4.037221396,3.898,216.66638,0.513083633,64.822,2,0
2682,ZnO,,100.0,491.5212583,-8.23,SHSY5Y,H,Human,Epithelial,Bone Marrow,3,MTT,Tetrazolium Salt,cell metabolic activity,N,N,N,1.65,1.65,0.606060606,1,81.38,1,2.0,-725.87448,322.92,463.16,5.91594,-5.916,-2.018,62,1351.451,2,3.967,1.949,4.037221396,3.898,216.66638,0.513083633,61.66,2,0
2683,ZnO,,100.0,983.0425166,-8.23,SHSY5Y,H,Human,Epithelial,Bone Marrow,3,MTT,Tetrazolium Salt,cell metabolic activity,N,N,N,1.65,1.65,0.606060606,1,81.38,1,2.0,-725.87448,322.92,463.16,5.91594,-5.916,-2.018,62,1351.451,2,3.967,1.949,4.037221396,3.898,216.66638,0.513083633,48.419,1,1
2684,ZnO,,100.0,122.8803146,-8.23,SHSY5Y,H,Human,Epithelial,Bone Marrow,6,MTT,Tetrazolium Salt,cell metabolic activity,N,N,N,1.65,1.65,0.606060606,1,81.38,1,2.0,-725.87448,322.92,463.16,5.91594,-5.916,-2.018,62,1351.451,2,3.967,1.949,4.037221396,3.898,216.66638,0.513083633,95.85,2,0
2685,ZnO,,100.0,184.3204719,-8.23,SHSY5Y,H,Human,Epithelial,Bone Marrow,6,MTT,Tetrazolium Salt,cell metabolic activity,N,N,N,1.65,1.65,0.606060606,1,81.38,1,2.0,-725.87448,322.92,463.16,5.91594,-5.916,-2.018,62,1351.451,2,3.967,1.949,4.037221396,3.898,216.66638,0.513083633,86.759,2,0
2686,ZnO,,100.0,245.7606291,-8.23,SHSY5Y,H,Human,Epithelial,Bone Marrow,6,MTT,Tetrazolium Salt,cell metabolic activity,N,N,N,1.65,1.65,0.606060606,1,81.38,1,2.0,-725.87448,322.92,463.16,5.91594,-5.916,-2.018,62,1351.451,2,3.967,1.949,4.037221396,3.898,216.66638,0.513083633,81.225,2,0
2687,ZnO,,100.0,307.2007864,-8.23,SHSY5Y,H,Human,Epithelial,Bone Marrow,6,MTT,Tetrazolium Salt,cell metabolic activity,N,N,N,1.65,1.65,0.606060606,1,81.38,1,2.0,-725.87448,322.92,463.16,5.91594,-5.916,-2.018,62,1351.451,2,3.967,1.949,4.037221396,3.898,216.66638,0.513083633,72.53,2,0
2688,ZnO,,100.0,368.6409437,-8.23,SHSY5Y,H,Human,Epithelial,Bone Marrow,6,MTT,Tetrazolium Salt,cell metabolic activity,N,N,N,1.65,1.65,0.606060606,1,81.38,1,2.0,-725.87448,322.92,463.16,5.91594,-5.916,-2.018,62,1351.451,2,3.967,1.949,4.037221396,3.898,216.66638,0.513083633,68.577,2,0
2689,ZnO,,100.0,430.081101,-8.23,SHSY5Y,H,Human,Epithelial,Bone Marrow,6,MTT,Tetrazolium Salt,cell metabolic activity,N,N,N,1.65,1.65,0.606060606,1,81.38,1,2.0,-725.87448,322.92,463.16,5.91594,-5.916,-2.018,62,1351.451,2,3.967,1.949,4.037221396,3.898,216.66638,0.513083633,61.067,2,0
2690,ZnO,,100.0,491.5212583,-8.23,SHSY5Y,H,Human,Epithelial,Bone Marrow,6,MTT,Tetrazolium Salt,cell metabolic activity,N,N,N,1.65,1.65,0.606060606,1,81.38,1,2.0,-725.87448,322.92,463.16,5.91594,-5.916,-2.018,62,1351.451,2,3.967,1.949,4.037221396,3.898,216.66638,0.513083633,57.115,2,0
2691,ZnO,,100.0,983.0425166,-8.23,SHSY5Y,H,Human,Epithelial,Bone Marrow,6,MTT,Tetrazolium Salt,cell metabolic activity,N,N,N,1.65,1.65,0.606060606,1,81.38,1,2.0,-725.87448,322.92,463.16,5.91594,-5.916,-2.018,62,1351.451,2,3.967,1.949,4.037221396,3.898,216.66638,0.513083633,30.435,1,1
2692,ZnO,,100.0,122.8803146,-8.23,SHSY5Y,H,Human,Epithelial,Bone Marrow,24,MTT,Tetrazolium Salt,cell metabolic activity,N,N,N,1.65,1.65,0.606060606,1,81.38,1,2.0,-725.87448,322.92,463.16,5.91594,-5.916,-2.018,62,1351.451,2,3.967,1.949,4.037221396,3.898,216.66638,0.513083633,79.249,2,0
2693,ZnO,,100.0,184.3204719,-8.23,SHSY5Y,H,Human,Epithelial,Bone Marrow,24,MTT,Tetrazolium Salt,cell metabolic activity,N,N,N,1.65,1.65,0.606060606,1,81.38,1,2.0,-725.87448,322.92,463.16,5.91594,-5.916,-2.018,62,1351.451,2,3.967,1.949,4.037221396,3.898,216.66638,0.513083633,80.237,2,0
2694,ZnO,,100.0,245.7606291,-8.23,SHSY5Y,H,Human,Epithelial,Bone Marrow,24,MTT,Tetrazolium Salt,cell metabolic activity,N,N,N,1.65,1.65,0.606060606,1,81.38,1,2.0,-725.87448,322.92,463.16,5.91594,-5.916,-2.018,62,1351.451,2,3.967,1.949,4.037221396,3.898,216.66638,0.513083633,72.134,2,0
2695,ZnO,,100.0,307.2007864,-8.23,SHSY5Y,H,Human,Epithelial,Bone Marrow,24,MTT,Tetrazolium Salt,cell metabolic activity,N,N,N,1.65,1.65,0.606060606,1,81.38,1,2.0,-725.87448,322.92,463.16,5.91594,-5.916,-2.018,62,1351.451,2,3.967,1.949,4.037221396,3.898,216.66638,0.513083633,14.625,1,1
2696,ZnO,,100.0,368.6409437,-8.23,SHSY5Y,H,Human,Epithelial,Bone Marrow,24,MTT,Tetrazolium Salt,cell metabolic activity,N,N,N,1.65,1.65,0.606060606,1,81.38,1,2.0,-725.87448,322.92,463.16,5.91594,-5.916,-2.018,62,1351.451,2,3.967,1.949,4.037221396,3.898,216.66638,0.513083633,11.858,1,1
2697,ZnO,,100.0,430.081101,-8.23,SHSY5Y,H,Human,Epithelial,Bone Marrow,24,MTT,Tetrazolium Salt,cell metabolic activity,N,N,N,1.65,1.65,0.606060606,1,81.38,1,2.0,-725.87448,322.92,463.16,5.91594,-5.916,-2.018,62,1351.451,2,3.967,1.949,4.037221396,3.898,216.66638,0.513083633,9.6838,1,1
2698,ZnO,,100.0,491.5212583,-8.23,SHSY5Y,H,Human,Epithelial,Bone Marrow,24,MTT,Tetrazolium Salt,cell metabolic activity,N,N,N,1.65,1.65,0.606060606,1,81.38,1,2.0,-725.87448,322.92,463.16,5.91594,-5.916,-2.018,62,1351.451,2,3.967,1.949,4.037221396,3.898,216.66638,0.513083633,9.2885,1,1
2699,ZnO,,100.0,983.0425166,-8.23,SHSY5Y,H,Human,Epithelial,Bone Marrow,24,MTT,Tetrazolium Salt,cell metabolic activity,N,N,N,1.65,1.65,0.606060606,1,81.38,1,2.0,-725.87448,322.92,463.16,5.91594,-5.916,-2.018,62,1351.451,2,3.967,1.949,4.037221396,3.898,216.66638,0.513083633,-3.5573,1,1
2700,ZnO,,100.0,122.8803146,-8.23,SHSY5Y,H,Human,Epithelial,Bone Marrow,48,MTT,Tetrazolium Salt,cell metabolic activity,N,N,N,1.65,1.65,0.606060606,1,81.38,1,2.0,-725.87448,322.92,463.16,5.91594,-5.916,-2.018,62,1351.451,2,3.967,1.949,4.037221396,3.898,216.66638,0.513083633,77.273,2,0
2701,ZnO,,100.0,184.3204719,-8.23,SHSY5Y,H,Human,Epithelial,Bone Marrow,48,MTT,Tetrazolium Salt,cell metabolic activity,N,N,N,1.65,1.65,0.606060606,1,81.38,1,2.0,-725.87448,322.92,463.16,5.91594,-5.916,-2.018,62,1351.451,2,3.967,1.949,4.037221396,3.898,216.66638,0.513083633,72.134,2,0
2702,ZnO,,100.0,245.7606291,-8.23,SHSY5Y,H,Human,Epithelial,Bone Marrow,48,MTT,Tetrazolium Salt,cell metabolic activity,N,N,N,1.65,1.65,0.606060606,1,81.38,1,2.0,-725.87448,322.92,463.16,5.91594,-5.916,-2.018,62,1351.451,2,3.967,1.949,4.037221396,3.898,216.66638,0.513083633,56.719,2,0
2703,ZnO,,100.0,307.2007864,-8.23,SHSY5Y,H,Human,Epithelial,Bone Marrow,48,MTT,Tetrazolium Salt,cell metabolic activity,N,N,N,1.65,1.65,0.606060606,1,81.38,1,2.0,-725.87448,322.92,463.16,5.91594,-5.916,-2.018,62,1351.451,2,3.967,1.949,4.037221396,3.898,216.66638,0.513083633,10.079,1,1
2704,ZnO,,100.0,368.6409437,-8.23,SHSY5Y,H,Human,Epithelial,Bone Marrow,48,MTT,Tetrazolium Salt,cell metabolic activity,N,N,N,1.65,1.65,0.606060606,1,81.38,1,2.0,-725.87448,322.92,463.16,5.91594,-5.916,-2.018,62,1351.451,2,3.967,1.949,4.037221396,3.898,216.66638,0.513083633,9.0909,1,1
2705,ZnO,,100.0,430.081101,-8.23,SHSY5Y,H,Human,Epithelial,Bone Marrow,48,MTT,Tetrazolium Salt,cell metabolic activity,N,N,N,1.65,1.65,0.606060606,1,81.38,1,2.0,-725.87448,322.92,463.16,5.91594,-5.916,-2.018,62,1351.451,2,3.967,1.949,4.037221396,3.898,216.66638,0.513083633,7.9051,1,1
2706,ZnO,,100.0,491.5212583,-8.23,SHSY5Y,H,Human,Epithelial,Bone Marrow,48,MTT,Tetrazolium Salt,cell metabolic activity,N,N,N,1.65,1.65,0.606060606,1,81.38,1,2.0,-725.87448,322.92,463.16,5.91594,-5.916,-2.018,62,1351.451,2,3.967,1.949,4.037221396,3.898,216.66638,0.513083633,7.9051,1,1
2707,ZnO,,100.0,122.8803146,-8.23,SHSY5Y,H,Human,Epithelial,Bone Marrow,3,NRU,NeutralRed,cell metabolic activity,N,N,N,1.65,1.65,0.606060606,1,81.38,1,2.0,-725.87448,322.92,463.16,5.91594,-5.916,-2.018,62,1351.451,2,3.967,1.949,4.037221396,3.898,216.66638,0.513083633,101.97,2,0
2708,ZnO,,100.0,184.3204719,-8.23,SHSY5Y,H,Human,Epithelial,Bone Marrow,3,NRU,NeutralRed,cell metabolic activity,N,N,N,1.65,1.65,0.606060606,1,81.38,1,2.0,-725.87448,322.92,463.16,5.91594,-5.916,-2.018,62,1351.451,2,3.967,1.949,4.037221396,3.898,216.66638,0.513083633,92.358,2,0
2709,ZnO,,100.0,245.7606291,-8.23,SHSY5Y,H,Human,Epithelial,Bone Marrow,3,NRU,NeutralRed,cell metabolic activity,N,N,N,1.65,1.65,0.606060606,1,81.38,1,2.0,-725.87448,322.92,463.16,5.91594,-5.916,-2.018,62,1351.451,2,3.967,1.949,4.037221396,3.898,216.66638,0.513083633,86.463,2,0
2710,ZnO,,100.0,307.2007864,-8.23,SHSY5Y,H,Human,Epithelial,Bone Marrow,3,NRU,NeutralRed,cell metabolic activity,N,N,N,1.65,1.65,0.606060606,1,81.38,1,2.0,-725.87448,322.92,463.16,5.91594,-5.916,-2.018,62,1351.451,2,3.967,1.949,4.037221396,3.898,216.66638,0.513083633,65.066,2,0
2711,ZnO,,100.0,368.6409437,-8.23,SHSY5Y,H,Human,Epithelial,Bone Marrow,3,NRU,NeutralRed,cell metabolic activity,N,N,N,1.65,1.65,0.606060606,1,81.38,1,2.0,-725.87448,322.92,463.16,5.91594,-5.916,-2.018,62,1351.451,2,3.967,1.949,4.037221396,3.898,216.66638,0.513083633,56.769,2,0
2712,ZnO,,100.0,430.081101,-8.23,SHSY5Y,H,Human,Epithelial,Bone Marrow,3,NRU,NeutralRed,cell metabolic activity,N,N,N,1.65,1.65,0.606060606,1,81.38,1,2.0,-725.87448,322.92,463.16,5.91594,-5.916,-2.018,62,1351.451,2,3.967,1.949,4.037221396,3.898,216.66638,0.513083633,56.769,2,0
2713,ZnO,,100.0,491.5212583,-8.23,SHSY5Y,H,Human,Epithelial,Bone Marrow,3,NRU,NeutralRed,cell metabolic activity,N,N,N,1.65,1.65,0.606060606,1,81.38,1,2.0,-725.87448,322.92,463.16,5.91594,-5.916,-2.018,62,1351.451,2,3.967,1.949,4.037221396,3.898,216.66638,0.513083633,50.437,2,0
2714,ZnO,,100.0,983.0425166,-8.23,SHSY5Y,H,Human,Epithelial,Bone Marrow,3,NRU,NeutralRed,cell metabolic activity,N,N,N,1.65,1.65,0.606060606,1,81.38,1,2.0,-725.87448,322.92,463.16,5.91594,-5.916,-2.018,62,1351.451,2,3.967,1.949,4.037221396,3.898,216.66638,0.513083633,61.572,2,0
2715,ZnO,,100.0,122.8803146,-8.23,SHSY5Y,H,Human,Epithelial,Bone Marrow,6,NRU,NeutralRed,cell metabolic activity,N,N,N,1.65,1.65,0.606060606,1,81.38,1,2.0,-725.87448,322.92,463.16,5.91594,-5.916,-2.018,62,1351.451,2,3.967,1.949,4.037221396,3.898,216.66638,0.513083633,104.8,2,0
2716,ZnO,,100.0,184.3204719,-8.23,SHSY5Y,H,Human,Epithelial,Bone Marrow,6,NRU,NeutralRed,cell metabolic activity,N,N,N,1.65,1.65,0.606060606,1,81.38,1,2.0,-725.87448,322.92,463.16,5.91594,-5.916,-2.018,62,1351.451,2,3.967,1.949,4.037221396,3.898,216.66638,0.513083633,100.44,2,0
2717,ZnO,,100.0,245.7606291,-8.23,SHSY5Y,H,Human,Epithelial,Bone Marrow,6,NRU,NeutralRed,cell metabolic activity,N,N,N,1.65,1.65,0.606060606,1,81.38,1,2.0,-725.87448,322.92,463.16,5.91594,-5.916,-2.018,62,1351.451,2,3.967,1.949,4.037221396,3.898,216.66638,0.513083633,105.9,2,0
2718,ZnO,,100.0,307.2007864,-8.23,SHSY5Y,H,Human,Epithelial,Bone Marrow,6,NRU,NeutralRed,cell metabolic activity,N,N,N,1.65,1.65,0.606060606,1,81.38,1,2.0,-725.87448,322.92,463.16,5.91594,-5.916,-2.018,62,1351.451,2,3.967,1.949,4.037221396,3.898,216.66638,0.513083633,76.856,2,0
2719,ZnO,,100.0,368.6409437,-8.23,SHSY5Y,H,Human,Epithelial,Bone Marrow,6,NRU,NeutralRed,cell metabolic activity,N,N,N,1.65,1.65,0.606060606,1,81.38,1,2.0,-725.87448,322.92,463.16,5.91594,-5.916,-2.018,62,1351.451,2,3.967,1.949,4.037221396,3.898,216.66638,0.513083633,60.262,2,0
2720,ZnO,,100.0,430.081101,-8.23,SHSY5Y,H,Human,Epithelial,Bone Marrow,6,NRU,NeutralRed,cell metabolic activity,N,N,N,1.65,1.65,0.606060606,1,81.38,1,2.0,-725.87448,322.92,463.16,5.91594,-5.916,-2.018,62,1351.451,2,3.967,1.949,4.037221396,3.898,216.66638,0.513083633,56.114,2,0
2721,ZnO,,100.0,491.5212583,-8.23,SHSY5Y,H,Human,Epithelial,Bone Marrow,6,NRU,NeutralRed,cell metabolic activity,N,N,N,1.65,1.65,0.606060606,1,81.38,1,2.0,-725.87448,322.92,463.16,5.91594,-5.916,-2.018,62,1351.451,2,3.967,1.949,4.037221396,3.898,216.66638,0.513083633,53.275,2,0
2722,ZnO,,100.0,983.0425166,-8.23,SHSY5Y,H,Human,Epithelial,Bone Marrow,6,NRU,NeutralRed,cell metabolic activity,N,N,N,1.65,1.65,0.606060606,1,81.38,1,2.0,-725.87448,322.92,463.16,5.91594,-5.916,-2.018,62,1351.451,2,3.967,1.949,4.037221396,3.898,216.66638,0.513083633,59.825,2,0
2723,ZnO,,100.0,122.8803146,-8.23,SHSY5Y,H,Human,Epithelial,Bone Marrow,24,NRU,NeutralRed,cell metabolic activity,N,N,N,1.65,1.65,0.606060606,1,81.38,1,2.0,-725.87448,322.92,463.16,5.91594,-5.916,-2.018,62,1351.451,2,3.967,1.949,4.037221396,3.898,216.66638,0.513083633,104.8,2,0
2724,ZnO,,100.0,184.3204719,-8.23,SHSY5Y,H,Human,Epithelial,Bone Marrow,24,NRU,NeutralRed,cell metabolic activity,N,N,N,1.65,1.65,0.606060606,1,81.38,1,2.0,-725.87448,322.92,463.16,5.91594,-5.916,-2.018,62,1351.451,2,3.967,1.949,4.037221396,3.898,216.66638,0.513083633,100.0,2,0
2725,ZnO,,100.0,245.7606291,-8.23,SHSY5Y,H,Human,Epithelial,Bone Marrow,24,NRU,NeutralRed,cell metabolic activity,N,N,N,1.65,1.65,0.606060606,1,81.38,1,2.0,-725.87448,322.92,463.16,5.91594,-5.916,-2.018,62,1351.451,2,3.967,1.949,4.037221396,3.898,216.66638,0.513083633,92.795,2,0
2726,ZnO,,100.0,307.2007864,-8.23,SHSY5Y,H,Human,Epithelial,Bone Marrow,24,NRU,NeutralRed,cell metabolic activity,N,N,N,1.65,1.65,0.606060606,1,81.38,1,2.0,-725.87448,322.92,463.16,5.91594,-5.916,-2.018,62,1351.451,2,3.967,1.949,4.037221396,3.898,216.66638,0.513083633,75.109,2,0
2727,ZnO,,100.0,368.6409437,-8.23,SHSY5Y,H,Human,Epithelial,Bone Marrow,24,NRU,NeutralRed,cell metabolic activity,N,N,N,1.65,1.65,0.606060606,1,81.38,1,2.0,-725.87448,322.92,463.16,5.91594,-5.916,-2.018,62,1351.451,2,3.967,1.949,4.037221396,3.898,216.66638,0.513083633,70.742,2,0
2728,ZnO,,100.0,430.081101,-8.23,SHSY5Y,H,Human,Epithelial,Bone Marrow,24,NRU,NeutralRed,cell metabolic activity,N,N,N,1.65,1.65,0.606060606,1,81.38,1,2.0,-725.87448,322.92,463.16,5.91594,-5.916,-2.018,62,1351.451,2,3.967,1.949,4.037221396,3.898,216.66638,0.513083633,68.996,2,0
2729,ZnO,,100.0,491.5212583,-8.23,SHSY5Y,H,Human,Epithelial,Bone Marrow,24,NRU,NeutralRed,cell metabolic activity,N,N,N,1.65,1.65,0.606060606,1,81.38,1,2.0,-725.87448,322.92,463.16,5.91594,-5.916,-2.018,62,1351.451,2,3.967,1.949,4.037221396,3.898,216.66638,0.513083633,69.432,2,0
2730,ZnO,,100.0,983.0425166,-8.23,SHSY5Y,H,Human,Epithelial,Bone Marrow,24,NRU,NeutralRed,cell metabolic activity,N,N,N,1.65,1.65,0.606060606,1,81.38,1,2.0,-725.87448,322.92,463.16,5.91594,-5.916,-2.018,62,1351.451,2,3.967,1.949,4.037221396,3.898,216.66638,0.513083633,49.345,1,1
2731,ZnO,,100.0,122.8803146,-8.23,SHSY5Y,H,Human,Epithelial,Bone Marrow,48,NRU,NeutralRed,cell metabolic activity,N,N,N,1.65,1.65,0.606060606,1,81.38,1,2.0,-725.87448,322.92,463.16,5.91594,-5.916,-2.018,62,1351.451,2,3.967,1.949,4.037221396,3.898,216.66638,0.513083633,96.288,2,0
2732,ZnO,,100.0,184.3204719,-8.23,SHSY5Y,H,Human,Epithelial,Bone Marrow,48,NRU,NeutralRed,cell metabolic activity,N,N,N,1.65,1.65,0.606060606,1,81.38,1,2.0,-725.87448,322.92,463.16,5.91594,-5.916,-2.018,62,1351.451,2,3.967,1.949,4.037221396,3.898,216.66638,0.513083633,100.44,2,0
2733,ZnO,,100.0,245.7606291,-8.23,SHSY5Y,H,Human,Epithelial,Bone Marrow,48,NRU,NeutralRed,cell metabolic activity,N,N,N,1.65,1.65,0.606060606,1,81.38,1,2.0,-725.87448,322.92,463.16,5.91594,-5.916,-2.018,62,1351.451,2,3.967,1.949,4.037221396,3.898,216.66638,0.513083633,82.314,2,0
2734,ZnO,,100.0,307.2007864,-8.23,SHSY5Y,H,Human,Epithelial,Bone Marrow,48,NRU,NeutralRed,cell metabolic activity,N,N,N,1.65,1.65,0.606060606,1,81.38,1,2.0,-725.87448,322.92,463.16,5.91594,-5.916,-2.018,62,1351.451,2,3.967,1.949,4.037221396,3.898,216.66638,0.513083633,63.755,2,0
2735,ZnO,,100.0,368.6409437,-8.23,SHSY5Y,H,Human,Epithelial,Bone Marrow,48,NRU,NeutralRed,cell metabolic activity,N,N,N,1.65,1.65,0.606060606,1,81.38,1,2.0,-725.87448,322.92,463.16,5.91594,-5.916,-2.018,62,1351.451,2,3.967,1.949,4.037221396,3.898,216.66638,0.513083633,60.262,2,0
2736,ZnO,,100.0,430.081101,-8.23,SHSY5Y,H,Human,Epithelial,Bone Marrow,48,NRU,NeutralRed,cell metabolic activity,N,N,N,1.65,1.65,0.606060606,1,81.38,1,2.0,-725.87448,322.92,463.16,5.91594,-5.916,-2.018,62,1351.451,2,3.967,1.949,4.037221396,3.898,216.66638,0.513083633,59.607,2,0
2737,ZnO,,100.0,491.5212583,-8.23,SHSY5Y,H,Human,Epithelial,Bone Marrow,48,NRU,NeutralRed,cell metabolic activity,N,N,N,1.65,1.65,0.606060606,1,81.38,1,2.0,-725.87448,322.92,463.16,5.91594,-5.916,-2.018,62,1351.451,2,3.967,1.949,4.037221396,3.898,216.66638,0.513083633,64.192,2,0
2738,ZnO,,100.0,983.0425166,-8.23,SHSY5Y,H,Human,Epithelial,Bone Marrow,48,NRU,NeutralRed,cell metabolic activity,N,N,N,1.65,1.65,0.606060606,1,81.38,1,2.0,-725.87448,322.92,463.16,5.91594,-5.916,-2.018,62,1351.451,2,3.967,1.949,4.037221396,3.898,216.66638,0.513083633,55.677,2,0
2739,ZnO,,71.0,122.8803146,17.5,HepG2,H,Human,Epithelial,Liver,48,MTT,Tetrazolium Salt,cell metabolic activity,N,N,N,1.65,1.65,0.606060606,1,81.38,1,2.0,-725.87448,322.92,463.16,5.91594,-5.916,-2.018,62,1351.451,2,3.967,1.949,4.037221396,3.898,216.66638,0.513083633,88.254,2,0
2740,ZnO,,71.0,307.2007864,17.5,HepG2,H,Human,Epithelial,Liver,48,MTT,Tetrazolium Salt,cell metabolic activity,N,N,N,1.65,1.65,0.606060606,1,81.38,1,2.0,-725.87448,322.92,463.16,5.91594,-5.916,-2.018,62,1351.451,2,3.967,1.949,4.037221396,3.898,216.66638,0.513083633,67.143,2,0
2741,ZnO,,71.0,614.4015729,17.5,HepG2,H,Human,Epithelial,Liver,48,MTT,Tetrazolium Salt,cell metabolic activity,N,N,N,1.65,1.65,0.606060606,1,81.38,1,2.0,-725.87448,322.92,463.16,5.91594,-5.916,-2.018,62,1351.451,2,3.967,1.949,4.037221396,3.898,216.66638,0.513083633,10.0,1,1
2742,ZnO,,71.0,1228.803146,17.5,HepG2,H,Human,Epithelial,Liver,48,MTT,Tetrazolium Salt,cell metabolic activity,N,N,N,1.65,1.65,0.606060606,1,81.38,1,2.0,-725.87448,322.92,463.16,5.91594,-5.916,-2.018,62,1351.451,2,3.967,1.949,4.037221396,3.898,216.66638,0.513083633,11.587,1,1
2743,ZnO,,30.0,12.28803146,42.28,A549,H,Human,Epithelial,Lung,24,CCK8,Tetrazolium Salt,cell metabolic activity,N,N,N,1.65,1.65,0.606060606,1,81.38,1,2.0,-725.87448,322.92,463.16,5.91594,-5.916,-2.018,62,1351.451,2,3.967,1.949,4.037221396,3.898,216.66638,0.513083633,96.943,2,0
2744,ZnO,,30.0,30.72007864,42.28,A549,H,Human,Epithelial,Lung,24,CCK8,Tetrazolium Salt,cell metabolic activity,N,N,N,1.65,1.65,0.606060606,1,81.38,1,2.0,-725.87448,322.92,463.16,5.91594,-5.916,-2.018,62,1351.451,2,3.967,1.949,4.037221396,3.898,216.66638,0.513083633,98.69,2,0
2745,ZnO,,30.0,61.44015729,42.28,A549,H,Human,Epithelial,Lung,24,CCK8,Tetrazolium Salt,cell metabolic activity,N,N,N,1.65,1.65,0.606060606,1,81.38,1,2.0,-725.87448,322.92,463.16,5.91594,-5.916,-2.018,62,1351.451,2,3.967,1.949,4.037221396,3.898,216.66638,0.513083633,101.16,2,0
2746,ZnO,,30.0,122.8803146,42.28,A549,H,Human,Epithelial,Lung,24,CCK8,Tetrazolium Salt,cell metabolic activity,N,N,N,1.65,1.65,0.606060606,1,81.38,1,2.0,-725.87448,322.92,463.16,5.91594,-5.916,-2.018,62,1351.451,2,3.967,1.949,4.037221396,3.898,216.66638,0.513083633,89.52,2,0
2747,ZnO,,30.0,307.2007864,42.28,A549,H,Human,Epithelial,Lung,24,CCK8,Tetrazolium Salt,cell metabolic activity,N,N,N,1.65,1.65,0.606060606,1,81.38,1,2.0,-725.87448,322.92,463.16,5.91594,-5.916,-2.018,62,1351.451,2,3.967,1.949,4.037221396,3.898,216.66638,0.513083633,63.901,2,0
2748,ZnO,,30.0,614.4015729,42.28,A549,H,Human,Epithelial,Lung,24,CCK8,Tetrazolium Salt,cell metabolic activity,N,N,N,1.65,1.65,0.606060606,1,81.38,1,2.0,-725.87448,322.92,463.16,5.91594,-5.916,-2.018,62,1351.451,2,3.967,1.949,4.037221396,3.898,216.66638,0.513083633,59.971,2,0
2749,ZnO,,20.0,49.15212583,17.5,HepG2,H,Human,Epithelial,Liver,24,MTT,Tetrazolium Salt,cell metabolic activity,N,N,N,1.65,1.65,0.606060606,1,81.38,1,2.0,-725.87448,322.92,463.16,5.91594,-5.916,-2.018,62,1351.451,2,3.967,1.949,4.037221396,3.898,216.66638,0.513083633,98.097,2,0
2750,ZnO,,20.0,98.30425166,17.5,HepG2,H,Human,Epithelial,Liver,24,MTT,Tetrazolium Salt,cell metabolic activity,N,N,N,1.65,1.65,0.606060606,1,81.38,1,2.0,-725.87448,322.92,463.16,5.91594,-5.916,-2.018,62,1351.451,2,3.967,1.949,4.037221396,3.898,216.66638,0.513083633,87.408,2,0
2751,ZnO,,20.0,196.6085033,17.5,HepG2,H,Human,Epithelial,Liver,24,MTT,Tetrazolium Salt,cell metabolic activity,N,N,N,1.65,1.65,0.606060606,1,81.38,1,2.0,-725.87448,322.92,463.16,5.91594,-5.916,-2.018,62,1351.451,2,3.967,1.949,4.037221396,3.898,216.66638,0.513083633,68.96,2,0
2752,ZnO,,20.0,491.5212583,17.5,HepG2,H,Human,Epithelial,Liver,24,MTT,Tetrazolium Salt,cell metabolic activity,N,N,N,1.65,1.65,0.606060606,1,81.38,1,2.0,-725.87448,322.92,463.16,5.91594,-5.916,-2.018,62,1351.451,2,3.967,1.949,4.037221396,3.898,216.66638,0.513083633,40.556,1,1
2753,ZnO,,20.0,983.0425166,17.5,HepG2,H,Human,Epithelial,Liver,24,MTT,Tetrazolium Salt,cell metabolic activity,N,N,N,1.65,1.65,0.606060606,1,81.38,1,2.0,-725.87448,322.92,463.16,5.91594,-5.916,-2.018,62,1351.451,2,3.967,1.949,4.037221396,3.898,216.66638,0.513083633,24.89,1,1
2754,ZnO,,20.0,1966.085033,17.5,HepG2,H,Human,Epithelial,Liver,24,MTT,Tetrazolium Salt,cell metabolic activity,N,N,N,1.65,1.65,0.606060606,1,81.38,1,2.0,-725.87448,322.92,463.16,5.91594,-5.916,-2.018,62,1351.451,2,3.967,1.949,4.037221396,3.898,216.66638,0.513083633,21.669,1,1
2755,ZnO,,90.0,49.15212583,17.5,HepG2,H,Human,Epithelial,Liver,24,MTT,Tetrazolium Salt,cell metabolic activity,N,N,N,1.65,1.65,0.606060606,1,81.38,1,2.0,-725.87448,322.92,463.16,5.91594,-5.916,-2.018,62,1351.451,2,3.967,1.949,4.037221396,3.898,216.66638,0.513083633,99.56,2,0
2756,ZnO,,90.0,98.30425166,17.5,HepG2,H,Human,Epithelial,Liver,24,MTT,Tetrazolium Salt,cell metabolic activity,N,N,N,1.65,1.65,0.606060606,1,81.38,1,2.0,-725.87448,322.92,463.16,5.91594,-5.916,-2.018,62,1351.451,2,3.967,1.949,4.037221396,3.898,216.66638,0.513083633,95.748,2,0
2757,ZnO,,90.0,196.6085033,17.5,HepG2,H,Human,Epithelial,Liver,24,MTT,Tetrazolium Salt,cell metabolic activity,N,N,N,1.65,1.65,0.606060606,1,81.38,1,2.0,-725.87448,322.92,463.16,5.91594,-5.916,-2.018,62,1351.451,2,3.967,1.949,4.037221396,3.898,216.66638,0.513083633,79.912,2,0
2758,ZnO,,90.0,491.5212583,17.5,HepG2,H,Human,Epithelial,Liver,24,MTT,Tetrazolium Salt,cell metabolic activity,N,N,N,1.65,1.65,0.606060606,1,81.38,1,2.0,-725.87448,322.92,463.16,5.91594,-5.916,-2.018,62,1351.451,2,3.967,1.949,4.037221396,3.898,216.66638,0.513083633,48.68,1,1
2759,ZnO,,90.0,983.0425166,17.5,HepG2,H,Human,Epithelial,Liver,24,MTT,Tetrazolium Salt,cell metabolic activity,N,N,N,1.65,1.65,0.606060606,1,81.38,1,2.0,-725.87448,322.92,463.16,5.91594,-5.916,-2.018,62,1351.451,2,3.967,1.949,4.037221396,3.898,216.66638,0.513083633,29.472,1,1
2760,ZnO,,90.0,1966.085033,17.5,HepG2,H,Human,Epithelial,Liver,24,MTT,Tetrazolium Salt,cell metabolic activity,N,N,N,1.65,1.65,0.606060606,1,81.38,1,2.0,-725.87448,322.92,463.16,5.91594,-5.916,-2.018,62,1351.451,2,3.967,1.949,4.037221396,3.898,216.66638,0.513083633,23.607,1,1
2761,ZnO,,200.0,49.15212583,17.5,HepG2,H,Human,Epithelial,Liver,24,MTT,Tetrazolium Salt,cell metabolic activity,N,N,N,1.65,1.65,0.606060606,1,81.38,1,2.0,-725.87448,322.92,463.16,5.91594,-5.916,-2.018,62,1351.451,2,3.967,1.949,4.037221396,3.898,216.66638,0.513083633,99.854,2,0
2762,ZnO,,200.0,98.30425166,17.5,HepG2,H,Human,Epithelial,Liver,24,MTT,Tetrazolium Salt,cell metabolic activity,N,N,N,1.65,1.65,0.606060606,1,81.38,1,2.0,-725.87448,322.92,463.16,5.91594,-5.916,-2.018,62,1351.451,2,3.967,1.949,4.037221396,3.898,216.66638,0.513083633,92.982,2,0
2763,ZnO,,200.0,196.6085033,17.5,HepG2,H,Human,Epithelial,Liver,24,MTT,Tetrazolium Salt,cell metabolic activity,N,N,N,1.65,1.65,0.606060606,1,81.38,1,2.0,-725.87448,322.92,463.16,5.91594,-5.916,-2.018,62,1351.451,2,3.967,1.949,4.037221396,3.898,216.66638,0.513083633,80.994,2,0
2764,ZnO,,200.0,491.5212583,17.5,HepG2,H,Human,Epithelial,Liver,24,MTT,Tetrazolium Salt,cell metabolic activity,N,N,N,1.65,1.65,0.606060606,1,81.38,1,2.0,-725.87448,322.92,463.16,5.91594,-5.916,-2.018,62,1351.451,2,3.967,1.949,4.037221396,3.898,216.66638,0.513083633,63.596,2,0
2765,ZnO,,200.0,983.0425166,17.5,HepG2,H,Human,Epithelial,Liver,24,MTT,Tetrazolium Salt,cell metabolic activity,N,N,N,1.65,1.65,0.606060606,1,81.38,1,2.0,-725.87448,322.92,463.16,5.91594,-5.916,-2.018,62,1351.451,2,3.967,1.949,4.037221396,3.898,216.66638,0.513083633,60.234,2,0
2766,ZnO,,200.0,1966.085033,17.5,HepG2,H,Human,Epithelial,Liver,24,MTT,Tetrazolium Salt,cell metabolic activity,N,N,N,1.65,1.65,0.606060606,1,81.38,1,2.0,-725.87448,322.92,463.16,5.91594,-5.916,-2.018,62,1351.451,2,3.967,1.949,4.037221396,3.898,216.66638,0.513083633,57.018,2,0
2767,ZnO,,94.5,122.8803146,17.5,THP1,H,Human,Monocyte,Blood,24,MTT,Tetrazolium Salt,cell metabolic activity,N,N,N,1.65,1.65,0.606060606,1,81.38,1,2.0,-725.87448,322.92,463.16,5.91594,-5.916,-2.018,62,1351.451,2,3.967,1.949,4.037221396,3.898,216.66638,0.513083633,57.358,2,0
2768,ZnO,,94.5,245.7606291,17.5,THP1,H,Human,Monocyte,Blood,24,MTT,Tetrazolium Salt,cell metabolic activity,N,N,N,1.65,1.65,0.606060606,1,81.38,1,2.0,-725.87448,322.92,463.16,5.91594,-5.916,-2.018,62,1351.451,2,3.967,1.949,4.037221396,3.898,216.66638,0.513083633,45.652,1,1
2769,ZnO,,94.5,491.5212583,17.5,THP1,H,Human,Monocyte,Blood,24,MTT,Tetrazolium Salt,cell metabolic activity,N,N,N,1.65,1.65,0.606060606,1,81.38,1,2.0,-725.87448,322.92,463.16,5.91594,-5.916,-2.018,62,1351.451,2,3.967,1.949,4.037221396,3.898,216.66638,0.513083633,36.957,1,1
2770,ZnO,,94.5,983.0425166,17.5,THP1,H,Human,Monocyte,Blood,24,MTT,Tetrazolium Salt,cell metabolic activity,N,N,N,1.65,1.65,0.606060606,1,81.38,1,2.0,-725.87448,322.92,463.16,5.91594,-5.916,-2.018,62,1351.451,2,3.967,1.949,4.037221396,3.898,216.66638,0.513083633,24.582,1,1
2771,ZnO,,94.5,1228.803146,17.5,THP1,H,Human,Monocyte,Blood,24,MTT,Tetrazolium Salt,cell metabolic activity,N,N,N,1.65,1.65,0.606060606,1,81.38,1,2.0,-725.87448,322.92,463.16,5.91594,-5.916,-2.018,62,1351.451,2,3.967,1.949,4.037221396,3.898,216.66638,0.513083633,21.07,1,1
2772,ZnO,,52.0,61.44015729,-26.0,A549,H,Human,Epithelial,Lung,24,MTT,Tetrazolium Salt,cell metabolic activity,N,N,N,1.65,1.65,0.606060606,1,81.38,1,2.0,-725.87448,322.92,463.16,5.91594,-5.916,-2.018,62,1351.451,2,3.967,1.949,4.037221396,3.898,216.66638,0.513083633,95.017,2,0
2773,ZnO,,52.0,122.8803146,-26.0,A549,H,Human,Epithelial,Lung,24,MTT,Tetrazolium Salt,cell metabolic activity,N,N,N,1.65,1.65,0.606060606,1,81.38,1,2.0,-725.87448,322.92,463.16,5.91594,-5.916,-2.018,62,1351.451,2,3.967,1.949,4.037221396,3.898,216.66638,0.513083633,73.09,2,0
2774,ZnO,,52.0,307.2007864,-26.0,A549,H,Human,Epithelial,Lung,24,MTT,Tetrazolium Salt,cell metabolic activity,N,N,N,1.65,1.65,0.606060606,1,81.38,1,2.0,-725.87448,322.92,463.16,5.91594,-5.916,-2.018,62,1351.451,2,3.967,1.949,4.037221396,3.898,216.66638,0.513083633,60.133,2,0
2775,ZnO,,52.0,614.4015729,-26.0,A549,H,Human,Epithelial,Lung,24,MTT,Tetrazolium Salt,cell metabolic activity,N,N,N,1.65,1.65,0.606060606,1,81.38,1,2.0,-725.87448,322.92,463.16,5.91594,-5.916,-2.018,62,1351.451,2,3.967,1.949,4.037221396,3.898,216.66638,0.513083633,49.169,1,1
2776,ZnO,,52.0,1228.803146,-26.0,A549,H,Human,Epithelial,Lung,24,MTT,Tetrazolium Salt,cell metabolic activity,N,N,N,1.65,1.65,0.606060606,1,81.38,1,2.0,-725.87448,322.92,463.16,5.91594,-5.916,-2.018,62,1351.451,2,3.967,1.949,4.037221396,3.898,216.66638,0.513083633,39.092,1,1
2777,ZnO,,52.0,61.44015729,-26.0,A549,H,Human,Epithelial,Lung,48,MTT,Tetrazolium Salt,cell metabolic activity,N,N,N,1.65,1.65,0.606060606,1,81.38,1,2.0,-725.87448,322.92,463.16,5.91594,-5.916,-2.018,62,1351.451,2,3.967,1.949,4.037221396,3.898,216.66638,0.513083633,93.245,2,0
2778,ZnO,,52.0,122.8803146,-26.0,A549,H,Human,Epithelial,Lung,48,MTT,Tetrazolium Salt,cell metabolic activity,N,N,N,1.65,1.65,0.606060606,1,81.38,1,2.0,-725.87448,322.92,463.16,5.91594,-5.916,-2.018,62,1351.451,2,3.967,1.949,4.037221396,3.898,216.66638,0.513083633,60.908,2,0
2779,ZnO,,52.0,307.2007864,-26.0,A549,H,Human,Epithelial,Lung,48,MTT,Tetrazolium Salt,cell metabolic activity,N,N,N,1.65,1.65,0.606060606,1,81.38,1,2.0,-725.87448,322.92,463.16,5.91594,-5.916,-2.018,62,1351.451,2,3.967,1.949,4.037221396,3.898,216.66638,0.513083633,47.841,1,1
2780,ZnO,,52.0,614.4015729,-26.0,A549,H,Human,Epithelial,Lung,48,MTT,Tetrazolium Salt,cell metabolic activity,N,N,N,1.65,1.65,0.606060606,1,81.38,1,2.0,-725.87448,322.92,463.16,5.91594,-5.916,-2.018,62,1351.451,2,3.967,1.949,4.037221396,3.898,216.66638,0.513083633,37.874,1,1
2781,ZnO,,52.0,1228.803146,-26.0,A549,H,Human,Epithelial,Lung,48,MTT,Tetrazolium Salt,cell metabolic activity,N,N,N,1.65,1.65,0.606060606,1,81.38,1,2.0,-725.87448,322.92,463.16,5.91594,-5.916,-2.018,62,1351.451,2,3.967,1.949,4.037221396,3.898,216.66638,0.513083633,26.91,1,1
2782,ZrO2,,10.0,405.7684036,-45.5,HCT116,H,Human,Epithelial,Colon,24,MTT,Tetrazolium Salt,cell metabolic activity,N,N,N,1.33,1.33,0.751879699,1,123.223,2,4.0,-3117.89237,534.27,1057.08,6.411461,-6.411,3.042,124,1789.0608,9,1.6845,4.7265,0.300173516,9.453,241.41374,0.211573046,72.5,2,0
2783,ZrO2,,10.0,811.5368073,-45.5,HCT116,H,Human,Epithelial,Colon,24,MTT,Tetrazolium Salt,cell metabolic activity,N,N,N,1.33,1.33,0.751879699,1,123.223,2,4.0,-3117.89237,534.27,1057.08,6.411461,-6.411,3.042,124,1789.0608,9,1.6845,4.7265,0.300173516,9.453,241.41374,0.211573046,62.4,2,0
2784,ZrO2,,10.0,1217.305211,-45.5,HCT116,H,Human,Epithelial,Colon,24,MTT,Tetrazolium Salt,cell metabolic activity,N,N,N,1.33,1.33,0.751879699,1,123.223,2,4.0,-3117.89237,534.27,1057.08,6.411461,-6.411,3.042,124,1789.0608,9,1.6845,4.7265,0.300173516,9.453,241.41374,0.211573046,51.1,2,0
2785,ZrO2,,10.0,1623.073615,-45.5,HCT116,H,Human,Epithelial,Colon,24,MTT,Tetrazolium Salt,cell metabolic activity,N,N,N,1.33,1.33,0.751879699,1,123.223,2,4.0,-3117.89237,534.27,1057.08,6.411461,-6.411,3.042,124,1789.0608,9,1.6845,4.7265,0.300173516,9.453,241.41374,0.211573046,43.6,1,1
2786,ZrO2,,10.0,405.7684036,-45.5,A549,H,Human,Epithelial,Lung,24,MTT,Tetrazolium Salt,cell metabolic activity,N,N,N,1.33,1.33,0.751879699,1,123.223,2,4.0,-3117.89237,534.27,1057.08,6.411461,-6.411,3.042,124,1789.0608,9,1.6845,4.7265,0.300173516,9.453,241.41374,0.211573046,68.45,2,0
2787,ZrO2,,10.0,811.5368073,-45.5,A549,H,Human,Epithelial,Lung,24,MTT,Tetrazolium Salt,cell metabolic activity,N,N,N,1.33,1.33,0.751879699,1,123.223,2,4.0,-3117.89237,534.27,1057.08,6.411461,-6.411,3.042,124,1789.0608,9,1.6845,4.7265,0.300173516,9.453,241.41374,0.211573046,56.88,2,0
2788,ZrO2,,10.0,1217.305211,-45.5,A549,H,Human,Epithelial,Lung,24,MTT,Tetrazolium Salt,cell metabolic activity,N,N,N,1.33,1.33,0.751879699,1,123.223,2,4.0,-3117.89237,534.27,1057.08,6.411461,-6.411,3.042,124,1789.0608,9,1.6845,4.7265,0.300173516,9.453,241.41374,0.211573046,48.84,1,1
2789,ZrO2,,10.0,1623.073615,-45.5,A549,H,Human,Epithelial,Lung,24,MTT,Tetrazolium Salt,cell metabolic activity,N,N,N,1.33,1.33,0.751879699,1,123.223,2,4.0,-3117.89237,534.27,1057.08,6.411461,-6.411,3.042,124,1789.0608,9,1.6845,4.7265,0.300173516,9.453,241.41374,0.211573046,38.0,1,1
2790,ZrO2,,10.0,405.7684036,-45.5,HCT116,H,Human,Epithelial,Colon,24,Live/Dead,Trypan Blue,cell membrane integrity,N,N,N,1.33,1.33,0.751879699,1,123.223,2,4.0,-3117.89237,534.27,1057.08,6.411461,-6.411,3.042,124,1789.0608,9,1.6845,4.7265,0.300173516,9.453,241.41374,0.211573046,72.74,2,0
2791,ZrO2,,10.0,811.5368073,-45.5,HCT116,H,Human,Epithelial,Colon,24,Live/Dead,Trypan Blue,cell membrane integrity,N,N,N,1.33,1.33,0.751879699,1,123.223,2,4.0,-3117.89237,534.27,1057.08,6.411461,-6.411,3.042,124,1789.0608,9,1.6845,4.7265,0.300173516,9.453,241.41374,0.211573046,58.52,2,0
2792,ZrO2,,10.0,1217.305211,-45.5,HCT116,H,Human,Epithelial,Colon,24,Live/Dead,Trypan Blue,cell membrane integrity,N,N,N,1.33,1.33,0.751879699,1,123.223,2,4.0,-3117.89237,534.27,1057.08,6.411461,-6.411,3.042,124,1789.0608,9,1.6845,4.7265,0.300173516,9.453,241.41374,0.211573046,52.62,2,0
2793,ZrO2,,10.0,1623.073615,-45.5,HCT116,H,Human,Epithelial,Colon,24,Live/Dead,Trypan Blue,cell membrane integrity,N,N,N,1.33,1.33,0.751879699,1,123.223,2,4.0,-3117.89237,534.27,1057.08,6.411461,-6.411,3.042,124,1789.0608,9,1.6845,4.7265,0.300173516,9.453,241.41374,0.211573046,42.93,1,1
2794,ZrO2,,10.0,405.7684036,-45.5,A549,H,Human,Epithelial,Lung,24,Live/Dead,Trypan Blue,cell membrane integrity,N,N,N,1.33,1.33,0.751879699,1,123.223,2,4.0,-3117.89237,534.27,1057.08,6.411461,-6.411,3.042,124,1789.0608,9,1.6845,4.7265,0.300173516,9.453,241.41374,0.211573046,67.1,2,0
2795,ZrO2,,10.0,811.5368073,-45.5,A549,H,Human,Epithelial,Lung,24,Live/Dead,Trypan Blue,cell membrane integrity,N,N,N,1.33,1.33,0.751879699,1,123.223,2,4.0,-3117.89237,534.27,1057.08,6.411461,-6.411,3.042,124,1789.0608,9,1.6845,4.7265,0.300173516,9.453,241.41374,0.211573046,55.78,2,0
2796,ZrO2,,10.0,1217.305211,-45.5,A549,H,Human,Epithelial,Lung,24,Live/Dead,Trypan Blue,cell membrane integrity,N,N,N,1.33,1.33,0.751879699,1,123.223,2,4.0,-3117.89237,534.27,1057.08,6.411461,-6.411,3.042,124,1789.0608,9,1.6845,4.7265,0.300173516,9.453,241.41374,0.211573046,46.88,1,1
2797,ZrO2,,10.0,1623.073615,-45.5,A549,H,Human,Epithelial,Lung,24,Live/Dead,Trypan Blue,cell membrane integrity,N,N,N,1.33,1.33,0.751879699,1,123.223,2,4.0,-3117.89237,534.27,1057.08,6.411461,-6.411,3.042,124,1789.0608,9,1.6845,4.7265,0.300173516,9.453,241.41374,0.211573046,36.98,1,1
